userId,movieId,rating
112,0,5.0
125,0,2.0
297,0,4.0
299,0,4.0
327,0,2.0
28,1,2.0
29,1,4.0
79,1,4.0
194,1,3.5
219,1,2.0
354,1,4.0
13,2,1.0
320,2,1.0
400,2,4.0
434,2,2.0
13,3,3.0
266,3,1.0
299,3,1.0
320,3,3.0
0,4,5.0
13,4,2.0
29,4,4.0
43,4,2.0
47,4,2.0
52,4,2.5
79,4,0.5
83,4,4.0
156,4,3.0
175,4,2.5
194,4,2.5
219,4,0.5
255,4,3.0
275,4,1.0
296,4,3.0
299,4,3.0
316,4,1.5
330,4,4.0
331,4,1.0
333,4,2.0
346,4,4.0
352,4,3.5
354,4,3.0
399,4,3.0
421,4,4.0
437,4,1.0
440,4,4.0
441,4,3.0
442,4,3.0
12,5,4.5
21,5,3.5
37,5,5.0
47,5,3.5
58,5,5.0
63,5,4.5
65,5,4.5
75,5,4.5
79,5,5.0
85,5,4.5
86,5,4.5
93,5,3.5
117,5,4.5
122,5,4.0
125,5,4.5
153,5,4.5
159,5,4.5
164,5,4.5
169,5,5.0
173,5,4.0
175,5,4.5
194,5,4.5
217,5,5.0
219,5,3.5
237,5,3.0
238,5,2.5
256,5,4.0
275,5,4.0
279,5,4.0
299,5,5.0
310,5,4.5
320,5,4.5
348,5,4.5
351,5,4.5
353,5,4.0
412,5,4.0
413,5,3.5
422,5,4.5
426,5,4.0
428,5,4.0
432,5,4.0
434,5,3.0
441,5,4.5
327,6,1.0
27,7,4.0
29,7,3.0
42,7,2.0
47,7,2.0
58,7,3.5
72,7,4.0
75,7,4.0
125,7,4.0
148,7,4.0
165,7,3.0
166,7,3.0
175,7,2.5
194,7,2.0
212,7,2.0
217,7,3.5
235,7,4.0
255,7,3.5
267,7,4.0
282,7,1.0
283,7,3.0
299,7,3.0
304,7,4.5
313,7,2.0
351,7,4.5
354,7,3.0
407,7,1.0
410,7,4.0
411,7,3.5
432,7,2.0
437,7,1.0
439,7,4.0
442,7,3.5
107,8,4.0
194,8,2.5
266,8,1.0
267,8,2.0
327,8,2.0
107,9,3.0
119,9,4.5
166,9,2.0
28,10,4.0
29,10,4.0
47,10,4.0
65,10,4.0
67,10,3.0
72,10,4.0
109,10,4.0
125,10,2.5
150,10,4.0
248,10,4.0
249,10,4.0
267,10,4.0
279,10,3.0
283,10,4.0
296,10,3.0
299,10,4.0
344,10,4.0
434,10,2.0
437,10,4.0
441,10,4.5
442,10,4.0
266,11,3.0
331,11,1.0
421,11,4.0
8,12,4.0
13,12,3.0
14,12,3.0
21,12,4.0
43,12,4.0
47,12,2.5
58,12,4.0
61,12,4.0
65,12,5.0
97,12,2.0
125,12,3.5
150,12,4.0
151,12,3.0
153,12,4.0
171,12,4.0
175,12,3.5
182,12,4.0
194,12,3.5
212,12,2.0
213,12,4.0
217,12,3.0
228,12,3.5
275,12,4.0
279,12,3.5
299,12,4.0
313,12,3.0
320,12,3.5
331,12,4.0
348,12,4.0
351,12,1.0
392,12,4.5
405,12,4.0
412,12,3.0
422,12,4.5
432,12,3.5
434,12,2.5
437,12,4.0
441,12,4.5
442,12,4.0
13,13,2.0
14,13,3.5
27,13,2.5
28,13,4.0
29,13,4.0
38,13,3.0
43,13,3.0
47,13,3.5
75,13,3.5
79,13,4.0
83,13,4.0
98,13,4.0
110,13,4.0
112,13,3.0
119,13,4.5
125,13,4.0
139,13,5.0
156,13,3.0
158,13,5.0
175,13,4.0
182,13,4.5
200,13,3.5
209,13,2.0
212,13,2.5
236,13,2.5
240,13,3.5
267,13,3.0
275,13,3.0
299,13,4.0
327,13,4.0
330,13,5.0
331,13,2.0
351,13,2.0
353,13,4.5
366,13,4.0
373,13,3.5
386,13,3.5
395,13,3.5
398,13,5.0
411,13,3.0
432,13,3.0
434,13,3.0
437,14,5.0
13,15,2.0
28,15,2.0
125,15,2.0
138,15,2.0
194,15,3.5
207,15,2.0
212,15,1.0
213,15,3.0
267,15,3.0
299,15,2.0
320,15,2.0
400,15,5.0
441,15,2.5
3,16,4.0
21,16,2.5
93,16,3.5
98,16,2.0
108,16,4.5
125,16,4.0
186,16,3.5
204,16,4.5
212,16,3.0
297,16,3.0
299,16,4.0
320,16,4.0
327,16,4.0
346,16,4.0
351,16,4.0
353,16,5.0
372,16,2.0
405,16,3.5
412,16,4.0
434,16,3.0
437,16,5.0
439,16,3.5
125,17,4.0
13,18,2.0
266,18,1.0
437,18,1.0
74,19,2.0
266,19,1.0
439,19,3.5
28,20,2.0
125,20,2.5
331,20,5.0
431,21,4.5
4,22,1.5
43,22,0.5
65,22,3.0
83,22,3.0
107,22,4.0
125,22,0.5
164,22,3.0
194,22,3.5
204,22,2.0
255,22,3.5
267,22,3.0
284,22,3.0
304,22,2.0
305,22,3.0
320,22,3.5
329,22,3.0
400,22,4.0
407,22,3.0
411,22,3.5
434,22,1.5
441,22,2.5
3,23,4.0
4,23,4.5
14,23,3.5
21,23,3.0
27,23,3.0
28,23,4.0
29,23,4.0
30,23,3.0
43,23,2.0
47,23,3.0
65,23,2.5
74,23,4.0
79,23,3.5
98,23,3.0
101,23,3.5
105,23,2.5
108,23,4.5
112,23,4.0
117,23,3.5
119,23,4.5
122,23,4.0
129,23,4.0
135,23,3.0
137,23,3.0
139,23,4.0
159,23,3.5
169,23,4.5
175,23,4.0
176,23,5.0
194,23,3.0
195,23,5.0
202,23,3.5
212,23,1.5
215,23,3.5
228,23,2.5
231,23,3.5
238,23,3.5
240,23,3.5
255,23,4.0
275,23,3.0
279,23,3.0
281,23,4.0
282,23,2.0
298,23,4.0
299,23,3.0
303,23,3.0
310,23,3.5
311,23,5.0
314,23,3.0
320,23,3.5
333,23,2.0
346,23,4.0
357,23,3.0
369,23,3.5
382,23,5.0
383,23,4.0
386,23,3.5
397,23,4.0
400,23,4.0
407,23,4.0
411,23,3.5
421,23,5.0
429,23,4.0
430,23,4.0
432,23,3.5
434,23,2.5
435,23,2.0
437,23,4.0
439,23,4.0
441,23,2.5
8,24,2.0
13,24,2.0
42,24,2.0
47,24,3.0
75,24,4.0
86,24,4.0
97,24,2.0
115,24,3.0
125,24,4.0
129,24,4.0
148,24,4.0
156,24,2.5
164,24,3.0
175,24,4.0
194,24,3.5
212,24,1.0
219,24,2.0
226,24,3.0
246,24,4.0
255,24,4.0
292,24,4.0
329,24,4.0
331,24,3.0
341,24,4.0
351,24,1.5
353,24,2.5
354,24,3.5
362,24,0.5
400,24,4.0
405,24,0.5
429,24,4.0
434,24,1.5
435,24,2.5
441,24,3.0
442,24,3.0
47,25,2.5
59,25,3.5
85,25,5.0
125,25,3.5
137,25,2.0
153,25,2.0
169,25,3.5
194,25,2.0
213,25,3.0
267,25,3.0
275,25,4.0
299,25,3.0
320,25,2.5
331,25,3.0
411,25,4.0
434,25,3.0
437,25,3.0
442,25,3.0
266,26,4.0
421,26,2.0
13,27,2.0
434,27,2.5
3,28,2.0
13,28,2.0
16,28,0.5
26,28,5.0
28,28,4.0
29,28,4.0
34,28,5.0
42,28,4.0
43,28,4.0
45,28,4.5
47,28,2.0
52,28,3.5
64,28,3.5
65,28,2.5
73,28,4.5
86,28,4.5
93,28,4.0
94,28,3.0
108,28,4.5
113,28,4.0
116,28,4.0
125,28,4.5
128,28,4.0
130,28,3.5
137,28,4.0
139,28,5.0
146,28,4.0
148,28,4.0
150,28,5.0
153,28,3.0
155,28,4.0
159,28,4.0
186,28,4.0
194,28,4.0
195,28,4.0
200,28,4.0
201,28,2.0
202,28,3.0
204,28,3.0
212,28,4.0
225,28,3.0
231,28,0.5
236,28,5.0
238,28,3.5
255,28,3.0
257,28,4.0
258,28,3.0
269,28,4.0
279,28,3.5
282,28,4.0
299,28,5.0
310,28,3.0
329,28,4.0
331,28,3.0
342,28,4.0
346,28,5.0
351,28,5.0
353,28,3.5
355,28,3.5
357,28,3.5
358,28,4.0
369,28,4.5
373,28,3.5
374,28,3.5
386,28,4.0
406,28,4.5
411,28,3.0
413,28,4.0
418,28,3.5
422,28,4.0
434,28,3.0
435,28,3.0
437,28,1.0
441,28,4.5
442,28,4.0
13,29,2.0
14,29,3.5
125,29,2.5
164,29,3.0
166,29,4.0
204,29,2.0
207,29,4.0
266,29,2.0
275,29,4.0
299,29,1.5
335,29,3.5
386,29,4.0
392,29,4.5
13,30,2.0
29,30,3.0
122,30,3.0
194,30,3.0
266,30,5.0
282,30,1.0
299,30,2.0
351,30,3.0
441,30,3.0
442,30,2.5
9,31,5.0
13,31,3.0
14,31,3.0
21,31,3.0
29,31,4.0
43,31,3.0
47,31,3.0
125,31,2.5
129,31,4.0
135,31,4.0
153,31,1.0
154,31,4.0
161,31,3.0
164,31,3.5
180,31,2.5
182,31,4.0
189,31,4.5
194,31,3.5
212,31,0.5
255,31,3.0
266,31,5.0
275,31,4.0
299,31,4.0
310,31,3.0
319,31,4.5
320,31,4.0
324,31,1.0
329,31,5.0
331,31,3.0
346,31,3.5
353,31,4.0
383,31,4.0
413,31,4.0
429,31,3.0
434,31,2.5
441,31,4.5
194,32,4.0
212,32,1.5
219,32,1.5
275,32,3.0
327,32,3.0
434,32,0.5
14,33,3.0
71,33,4.0
77,33,3.0
266,33,4.0
299,33,4.0
320,33,3.0
346,33,4.5
421,33,3.0
8,34,3.0
98,34,3.0
261,34,4.0
267,34,4.0
299,34,1.5
331,34,3.0
346,34,3.0
437,35,3.0
13,36,3.0
28,36,4.0
135,36,4.0
236,36,4.0
299,36,3.0
306,36,3.5
331,36,4.0
346,36,4.0
437,36,3.0
13,37,2.0
28,37,3.0
29,37,4.0
47,37,2.5
58,37,3.5
102,37,3.0
119,37,4.5
122,37,4.0
129,37,4.0
137,37,4.0
194,37,2.5
209,37,3.0
230,37,4.0
251,37,4.5
266,37,3.0
275,37,3.0
283,37,2.0
305,37,3.0
314,37,4.0
327,37,2.0
331,37,3.0
353,37,2.5
407,37,5.0
410,37,4.0
441,37,2.5
9,38,3.5
13,38,2.0
14,38,1.0
21,38,4.0
28,38,4.0
42,38,4.0
43,38,5.0
47,38,3.0
51,38,5.0
58,38,5.0
65,38,4.0
73,38,4.5
75,38,3.5
79,38,3.5
86,38,5.0
99,38,2.5
122,38,4.0
125,38,4.5
135,38,2.0
153,38,4.5
159,38,4.5
164,38,4.0
175,38,5.0
194,38,5.0
200,38,4.0
212,38,3.5
217,38,5.0
219,38,5.0
224,38,3.0
225,38,4.0
226,38,3.5
238,38,3.5
239,38,5.0
242,38,2.5
246,38,5.0
252,38,3.5
255,38,4.0
268,38,4.5
275,38,5.0
279,38,4.5
282,38,2.0
292,38,4.5
299,38,4.0
302,38,3.0
304,38,4.5
309,38,3.5
329,38,4.0
351,38,3.0
354,38,3.5
357,38,2.5
362,38,4.5
380,38,1.0
400,38,2.0
422,38,3.0
432,38,4.0
435,38,3.5
437,38,5.0
439,38,3.0
442,38,4.5
13,39,2.0
14,39,1.5
29,39,4.0
47,39,4.0
71,39,4.0
119,39,5.0
125,39,3.0
138,39,4.0
164,39,3.5
175,39,3.5
179,39,3.5
212,39,2.5
266,39,2.0
279,39,2.5
299,39,4.0
327,39,4.0
331,39,4.0
346,39,4.5
366,39,4.0
405,39,3.5
438,39,3.5
81,40,5.0
327,40,3.0
434,40,2.0
299,41,2.5
437,41,4.0
47,42,2.0
89,42,3.0
279,42,2.0
439,42,3.0
442,42,2.0
47,43,3.5
128,43,3.0
320,43,2.5
9,44,4.0
14,44,3.0
20,44,4.0
21,44,3.5
29,44,4.0
42,44,3.0
47,44,3.5
61,44,3.5
68,44,3.0
69,44,4.0
83,44,5.0
97,44,3.5
98,44,4.0
107,44,4.0
125,44,2.5
139,44,3.0
150,44,3.0
154,44,4.0
161,44,4.0
207,44,3.0
213,44,4.0
222,44,4.5
225,44,3.0
234,44,2.0
255,44,4.0
267,44,3.0
299,44,3.0
313,44,2.0
320,44,4.0
327,44,2.0
331,44,3.0
351,44,3.5
412,44,3.5
65,45,3.0
116,45,2.5
275,45,2.0
122,46,1.0
166,46,2.0
175,46,2.0
207,46,2.0
209,46,1.0
219,46,1.0
241,46,1.0
275,46,2.0
277,46,3.0
327,46,2.0
380,46,0.5
442,46,2.0
14,47,3.0
29,47,4.0
122,47,3.5
198,47,3.5
266,47,4.0
299,47,3.0
351,47,3.5
171,48,1.0
217,48,3.0
299,48,4.0
346,48,4.5
366,48,4.0
400,48,3.0
434,48,2.5
437,48,1.0
241,49,5.0
434,50,2.0
437,50,4.0
0,51,5.0
1,51,4.0
4,51,1.5
6,51,4.0
8,51,5.0
9,51,5.0
12,51,4.5
13,51,3.0
14,51,4.5
15,51,2.5
16,51,4.0
18,51,4.0
19,51,5.0
21,51,4.0
22,51,5.0
27,51,4.0
28,51,3.0
29,51,5.0
38,51,4.0
41,51,4.5
42,51,3.0
45,51,3.5
47,51,4.0
55,51,5.0
57,51,2.0
59,51,4.5
60,51,5.0
61,51,4.0
65,51,3.5
68,51,4.0
69,51,4.0
72,51,4.0
75,51,4.0
83,51,5.0
84,51,4.5
85,51,5.0
91,51,4.5
94,51,2.0
95,51,3.5
97,51,2.5
98,51,4.0
99,51,5.0
101,51,4.0
107,51,4.0
108,51,3.5
112,51,5.0
114,51,5.0
116,51,3.5
120,51,4.0
125,51,3.5
129,51,4.0
130,51,2.0
131,51,4.0
135,51,4.0
136,51,5.0
137,51,3.0
138,51,4.0
139,51,4.0
141,51,5.0
144,51,4.0
146,51,5.0
147,51,3.0
150,51,4.0
153,51,4.5
156,51,4.5
159,51,4.0
162,51,3.0
164,51,5.0
169,51,4.5
171,51,5.0
173,51,4.0
175,51,4.0
180,51,4.5
186,51,2.0
189,51,2.0
191,51,5.0
194,51,3.5
195,51,4.0
197,51,3.5
200,51,4.0
202,51,3.5
203,51,2.5
204,51,2.0
207,51,3.0
212,51,3.5
213,51,5.0
215,51,4.5
217,51,5.0
219,51,3.5
220,51,1.0
225,51,5.0
227,51,3.0
230,51,3.5
231,51,4.0
235,51,5.0
238,51,4.0
239,51,4.5
240,51,3.5
241,51,4.0
242,51,4.0
246,51,5.0
255,51,4.0
256,51,3.5
257,51,4.0
258,51,4.5
262,51,4.0
264,51,1.5
265,51,4.5
267,51,3.0
271,51,5.0
275,51,4.0
279,51,3.0
282,51,1.0
284,51,4.0
288,51,5.0
289,51,4.0
295,51,4.5
299,51,5.0
302,51,5.0
304,51,4.0
310,51,4.5
312,51,4.0
313,51,3.0
316,51,4.5
318,51,3.5
319,51,4.5
320,51,5.0
327,51,4.0
330,51,4.0
331,51,5.0
333,51,5.0
335,51,5.0
336,51,0.5
337,51,2.0
339,51,5.0
341,51,4.0
346,51,3.0
347,51,5.0
351,51,4.5
353,51,3.5
357,51,0.5
360,51,3.0
361,51,5.0
362,51,5.0
373,51,3.0
380,51,1.0
384,51,4.0
385,51,5.0
386,51,3.5
389,51,5.0
392,51,4.5
401,51,4.0
411,51,4.0
412,51,5.0
413,51,3.5
418,51,4.0
419,51,3.5
422,51,4.0
427,51,5.0
428,51,4.5
429,51,5.0
430,51,5.0
431,51,4.5
432,51,3.0
434,51,3.5
436,51,4.5
437,51,4.0
439,51,3.5
441,51,4.0
442,51,5.0
241,52,3.0
437,52,4.0
38,53,1.0
47,53,0.5
62,53,2.0
75,53,2.0
112,53,4.0
153,53,0.5
159,53,0.5
182,53,4.5
190,53,1.0
194,53,2.0
207,53,2.0
212,53,0.5
313,53,2.0
320,53,1.0
327,53,1.0
333,53,1.0
348,53,3.0
405,53,1.0
441,53,2.0
13,54,2.0
119,54,5.0
121,54,5.0
219,54,0.5
266,54,4.0
299,54,3.0
327,55,1.0
98,56,1.0
248,56,3.0
125,57,3.5
128,57,3.0
434,57,2.5
14,58,2.5
107,58,5.0
122,58,2.5
175,58,3.5
207,58,3.0
228,58,3.0
241,58,2.0
266,58,4.0
275,58,3.0
299,58,3.0
306,58,3.0
335,58,3.0
373,58,3.0
429,58,3.0
112,59,4.0
194,59,3.5
212,59,2.0
219,59,2.0
236,59,5.0
241,59,4.0
266,59,4.0
299,59,2.0
431,59,4.5
442,59,2.0
0,60,4.0
9,60,1.5
15,60,2.0
24,60,1.5
28,60,4.0
29,60,4.0
42,60,1.0
43,60,3.0
47,60,3.5
59,60,3.5
75,60,3.5
79,60,3.0
93,60,1.5
109,60,3.0
125,60,2.0
153,60,2.5
156,60,3.5
167,60,2.5
175,60,4.0
194,60,3.5
198,60,2.5
212,60,2.5
219,60,2.0
236,60,5.0
241,60,1.0
248,60,3.0
256,60,3.5
261,60,4.0
279,60,2.0
299,60,4.0
320,60,3.0
327,60,4.0
330,60,5.0
331,60,4.0
351,60,3.0
354,60,4.0
415,60,4.0
419,60,4.0
434,60,2.5
441,60,3.0
442,60,3.5
107,61,3.0
125,61,3.5
138,61,3.0
241,61,3.0
266,61,3.0
297,61,5.0
299,61,2.0
327,61,4.0
331,61,4.0
351,61,5.0
353,61,4.0
437,61,3.0
4,62,1.0
13,62,2.0
14,62,3.0
15,62,4.0
31,62,2.5
42,62,2.5
47,62,4.5
58,62,4.0
59,62,2.5
65,62,2.0
69,62,5.0
72,62,1.0
75,62,4.0
91,62,3.5
94,62,2.0
98,62,3.0
105,62,0.5
112,62,2.0
116,62,3.5
122,62,3.5
125,62,2.5
135,62,3.0
139,62,3.5
153,62,1.0
156,62,1.5
162,62,3.0
169,62,4.0
175,62,3.5
189,62,2.0
194,62,2.0
204,62,1.0
207,62,4.0
212,62,3.0
213,62,3.0
217,62,2.5
219,62,2.0
226,62,1.5
234,62,3.0
239,62,2.0
241,62,2.0
244,62,4.5
256,62,2.0
257,62,3.0
260,62,2.5
266,62,4.0
267,62,2.0
275,62,4.0
276,62,3.5
282,62,1.0
284,62,3.0
299,62,4.0
308,62,3.0
310,62,3.0
313,62,1.0
316,62,3.0
318,62,2.0
320,62,3.5
327,62,2.0
330,62,5.0
331,62,2.0
333,62,3.0
340,62,2.0
351,62,2.5
353,62,0.5
357,62,2.5
367,62,0.5
397,62,2.5
404,62,4.0
412,62,2.5
421,62,4.0
422,62,3.5
428,62,2.5
429,62,3.0
432,62,2.5
437,62,3.0
441,62,3.5
442,62,3.0
8,63,4.0
13,63,3.0
14,63,2.0
24,63,4.0
34,63,2.5
38,63,4.0
59,63,4.0
60,63,0.5
64,63,3.5
83,63,4.0
92,63,2.0
94,63,4.0
97,63,2.5
115,63,3.0
119,63,3.5
122,63,3.0
125,63,3.0
150,63,4.0
164,63,3.0
166,63,5.0
194,63,3.5
207,63,3.0
212,63,1.5
213,63,4.0
241,63,4.0
247,63,3.5
266,63,4.0
275,63,3.0
276,63,4.0
298,63,5.0
301,63,2.0
313,63,1.0
320,63,3.0
327,63,2.0
329,63,4.0
346,63,3.5
351,63,1.5
392,63,4.0
411,63,2.0
428,63,3.0
432,63,3.5
434,63,2.5
442,63,3.5
28,64,3.0
79,64,2.0
125,64,0.5
164,64,2.5
175,64,3.0
194,64,2.5
208,64,2.0
212,64,1.5
241,64,2.0
266,64,4.0
275,64,1.0
320,64,2.5
327,64,3.0
351,64,0.5
354,64,4.0
441,64,2.0
442,64,1.0
8,65,3.0
13,65,2.0
24,65,4.5
28,65,4.0
29,65,5.0
42,65,2.5
43,65,2.5
47,65,3.0
59,65,4.0
69,65,4.0
71,65,4.0
72,65,4.0
75,65,3.5
80,65,4.0
93,65,2.0
97,65,1.5
98,65,4.0
122,65,3.0
125,65,2.5
135,65,3.0
139,65,4.0
153,65,2.5
164,65,3.5
169,65,3.5
175,65,4.0
182,65,4.0
194,65,3.5
200,65,3.5
207,65,3.0
212,65,2.5
213,65,4.0
228,65,3.0
239,65,2.0
241,65,3.0
255,65,3.0
256,65,3.5
266,65,3.0
275,65,3.0
282,65,2.0
299,65,3.0
300,65,3.5
313,65,2.0
316,65,3.5
320,65,3.5
327,65,2.0
331,65,2.0
333,65,5.0
341,65,3.5
347,65,4.0
351,65,3.0
353,65,3.0
354,65,3.5
357,65,1.5
362,65,4.5
382,65,3.5
397,65,2.5
421,65,4.0
429,65,4.0
432,65,2.5
441,65,3.5
442,65,2.5
74,66,2.0
241,66,4.0
13,67,2.0
219,67,1.0
266,67,3.0
0,68,4.0
13,68,2.0
14,68,1.0
59,68,3.5
97,68,1.5
107,68,4.0
125,68,3.5
175,68,3.0
194,68,2.0
207,68,2.0
208,68,2.0
255,68,2.0
313,68,3.0
320,68,3.5
327,68,1.5
331,68,4.0
435,68,1.0
437,68,4.0
442,68,3.0
13,69,4.0
26,69,4.0
45,69,3.5
65,69,3.0
91,69,4.0
107,69,4.0
112,69,2.5
125,69,2.5
129,69,4.0
153,69,3.0
164,69,2.5
207,69,3.0
230,69,3.5
266,69,3.0
276,69,4.0
279,69,3.0
299,69,4.0
305,69,3.0
313,69,2.0
314,69,4.0
320,69,3.0
346,69,3.0
348,69,3.5
353,69,4.5
383,69,5.0
395,69,3.5
411,69,3.0
441,69,4.0
442,69,3.0
12,70,3.5
13,70,3.0
14,70,5.0
16,70,4.0
20,70,3.0
42,70,4.0
51,70,2.5
64,70,4.0
72,70,4.0
73,70,4.0
74,70,4.0
75,70,3.5
77,70,3.0
83,70,3.0
93,70,3.0
98,70,3.0
99,70,3.0
108,70,3.5
112,70,5.0
113,70,5.0
117,70,5.0
125,70,4.5
129,70,4.0
142,70,4.0
154,70,3.5
159,70,3.0
164,70,3.0
165,70,3.0
166,70,1.0
181,70,3.0
186,70,4.0
188,70,4.0
195,70,3.0
204,70,3.0
207,70,3.0
212,70,2.5
217,70,4.0
222,70,4.0
225,70,2.0
226,70,2.5
228,70,3.5
237,70,3.0
239,70,4.0
246,70,4.5
247,70,3.5
255,70,3.0
266,70,5.0
275,70,4.0
276,70,3.5
282,70,2.0
290,70,4.0
299,70,5.0
311,70,4.0
313,70,2.0
314,70,4.0
327,70,3.0
330,70,5.0
331,70,5.0
334,70,2.5
346,70,3.5
347,70,3.5
348,70,4.0
353,70,3.0
355,70,2.5
356,70,4.5
357,70,3.5
366,70,4.0
383,70,4.0
386,70,3.0
388,70,4.0
392,70,4.0
405,70,4.5
411,70,3.5
419,70,4.5
428,70,3.5
432,70,2.0
441,70,2.0
442,70,4.0
13,71,3.0
28,71,4.0
29,71,4.0
41,71,3.5
42,71,2.0
43,71,3.0
47,71,2.0
64,71,1.5
72,71,2.0
75,71,3.5
79,71,3.0
83,71,4.0
99,71,3.5
109,71,5.0
125,71,3.0
153,71,2.5
156,71,4.0
194,71,4.0
200,71,3.0
212,71,3.0
219,71,2.5
239,71,3.0
241,71,1.0
248,71,4.0
264,71,2.0
268,71,3.5
278,71,3.0
296,71,3.0
299,71,3.0
304,71,3.5
320,71,4.0
324,71,2.0
327,71,4.0
331,71,3.0
347,71,4.0
351,71,3.5
353,71,3.5
354,71,2.0
355,71,3.0
392,71,3.5
419,71,4.0
434,71,1.5
435,71,3.5
437,71,1.0
441,71,4.0
442,71,3.5
8,72,4.0
9,72,3.0
14,72,3.0
28,72,4.0
29,72,5.0
35,72,4.0
38,72,3.0
47,72,3.0
59,72,4.0
60,72,4.0
71,72,4.5
75,72,3.5
83,72,4.0
97,72,4.0
98,72,4.0
99,72,3.0
122,72,3.5
125,72,2.0
128,72,3.0
129,72,4.0
135,72,3.0
154,72,4.5
164,72,4.5
171,72,3.0
175,72,4.0
182,72,4.0
188,72,4.0
194,72,4.0
197,72,3.0
198,72,4.5
204,72,2.0
213,72,4.0
215,72,0.5
225,72,3.0
241,72,3.0
257,72,4.0
261,72,4.0
264,72,3.0
267,72,3.0
276,72,4.0
298,72,5.0
299,72,3.0
304,72,4.5
308,72,1.0
313,72,3.5
316,72,3.5
318,72,2.5
320,72,4.0
329,72,4.0
330,72,5.0
331,72,4.0
338,72,4.0
347,72,4.5
351,72,3.5
353,72,3.5
357,72,0.5
360,72,2.0
381,72,2.5
405,72,2.0
412,72,4.5
419,72,4.5
427,72,5.0
428,72,4.0
430,72,2.0
434,72,2.0
435,72,1.0
441,72,4.0
442,72,3.5
13,73,4.0
194,73,3.5
248,73,2.0
275,73,1.0
299,73,3.0
313,73,0.5
314,73,3.0
320,73,2.0
327,73,1.0
14,74,4.5
21,74,2.0
28,74,5.0
42,74,3.5
43,74,3.5
47,74,3.0
81,74,1.0
98,74,4.0
119,74,4.0
122,74,4.0
124,74,3.0
126,74,4.0
129,74,3.0
150,74,4.0
153,74,2.5
164,74,3.5
171,74,4.0
182,74,3.5
194,74,1.5
198,74,4.5
204,74,2.0
207,74,2.0
210,74,0.5
213,74,3.0
219,74,2.5
240,74,3.0
241,74,3.0
255,74,4.0
266,74,4.0
267,74,4.0
275,74,3.0
276,74,3.5
299,74,3.0
304,74,4.0
327,74,3.0
346,74,2.5
351,74,2.5
352,74,3.5
357,74,2.5
362,74,3.5
428,74,2.5
432,74,2.5
434,74,2.5
440,74,5.0
331,75,4.0
13,76,2.0
14,76,2.5
125,76,3.5
204,76,3.0
207,76,2.0
212,76,0.5
241,76,1.0
266,76,5.0
275,76,3.0
299,76,4.0
434,76,2.0
12,77,2.0
13,77,1.0
34,77,3.5
42,77,2.0
43,77,2.5
47,77,4.0
51,77,3.0
59,77,4.0
64,77,5.0
65,77,4.5
75,77,4.0
79,77,2.5
83,77,4.0
93,77,1.5
99,77,3.0
112,77,5.0
122,77,3.0
125,77,3.5
153,77,2.0
175,77,3.5
182,77,4.0
194,77,4.0
200,77,2.0
204,77,2.0
212,77,2.0
219,77,1.5
236,77,5.0
241,77,3.0
255,77,3.0
264,77,3.5
299,77,3.0
313,77,2.0
320,77,3.5
327,77,2.0
331,77,5.0
348,77,0.5
351,77,0.5
353,77,3.0
373,77,3.0
398,77,5.0
405,77,2.5
419,77,4.5
422,77,2.0
428,77,1.5
432,77,2.5
434,77,2.5
435,77,2.0
440,77,2.0
441,77,2.5
442,77,3.0
299,78,4.0
331,78,4.0
0,79,5.0
4,79,3.5
8,79,4.0
12,79,4.0
13,79,4.0
14,79,3.5
15,79,3.5
21,79,3.5
24,79,5.0
26,79,4.0
28,79,2.0
29,79,5.0
31,79,3.5
41,79,3.0
42,79,3.5
43,79,3.5
47,79,4.5
48,79,4.0
51,79,5.0
59,79,3.5
61,79,4.0
65,79,4.0
67,79,4.0
69,79,5.0
72,79,4.0
75,79,3.5
83,79,5.0
85,79,4.0
86,79,4.0
91,79,4.0
93,79,3.5
94,79,4.0
97,79,3.0
100,79,4.5
107,79,4.0
112,79,1.0
114,79,3.0
116,79,3.5
117,79,5.0
120,79,3.5
122,79,4.5
125,79,2.5
126,79,2.0
127,79,3.5
135,79,4.0
139,79,4.0
140,79,5.0
150,79,4.0
153,79,3.0
154,79,5.0
157,79,4.0
159,79,3.5
162,79,3.0
164,79,4.0
166,79,4.0
169,79,4.5
174,79,3.5
175,79,4.0
185,79,3.5
188,79,4.0
190,79,5.0
194,79,3.0
195,79,2.0
203,79,0.5
204,79,3.5
207,79,3.0
212,79,2.5
213,79,4.0
216,79,5.0
219,79,3.5
224,79,3.0
225,79,3.0
237,79,0.5
238,79,4.0
239,79,2.5
240,79,3.5
242,79,3.5
250,79,5.0
255,79,3.0
256,79,4.0
257,79,3.5
264,79,3.5
266,79,5.0
270,79,4.0
275,79,5.0
276,79,4.0
282,79,2.0
284,79,5.0
299,79,4.0
305,79,4.0
311,79,4.0
313,79,2.0
314,79,4.0
316,79,4.0
318,79,4.5
320,79,4.0
327,79,4.0
330,79,4.0
331,79,3.0
333,79,3.0
334,79,3.5
337,79,4.0
341,79,4.0
346,79,4.5
347,79,5.0
348,79,4.0
349,79,3.5
351,79,4.0
353,79,3.0
357,79,3.5
360,79,3.0
373,79,3.0
383,79,4.0
386,79,3.0
392,79,4.0
407,79,3.0
411,79,3.5
412,79,3.5
416,79,2.5
418,79,4.0
419,79,4.5
422,79,4.5
427,79,5.0
428,79,3.0
429,79,4.0
430,79,3.0
431,79,4.5
432,79,4.0
434,79,3.5
435,79,3.0
440,79,3.0
441,79,4.0
442,79,3.5
195,80,2.0
299,80,3.0
13,81,3.0
241,81,1.0
266,81,4.0
8,82,4.0
13,82,2.0
25,82,3.0
29,82,5.0
47,82,4.0
98,82,3.0
122,82,3.5
204,82,2.0
226,82,3.0
256,82,3.5
266,82,5.0
275,82,3.0
307,82,2.0
331,82,4.0
333,82,3.0
346,82,1.5
348,82,4.0
351,82,3.0
354,82,3.5
405,82,3.0
429,82,5.0
434,82,1.5
439,82,2.0
441,82,3.0
442,82,3.5
34,83,0.5
125,83,0.5
166,83,3.0
194,83,3.0
434,83,1.5
441,83,1.0
75,84,3.0
79,84,1.5
175,84,2.5
194,84,2.0
200,84,2.0
212,84,2.0
275,84,2.0
309,84,1.0
313,84,1.5
327,84,3.0
331,84,4.0
347,84,4.5
373,84,1.5
389,84,2.0
435,84,1.0
442,84,3.0
28,85,2.0
47,85,2.0
81,85,2.0
219,85,2.5
248,85,2.0
266,85,1.0
283,85,2.0
357,85,0.5
410,85,5.0
431,85,4.5
439,85,3.0
13,86,3.0
47,86,3.5
79,86,3.0
97,86,1.0
112,86,0.5
125,86,3.0
139,86,3.5
159,86,2.5
175,86,3.0
182,86,4.0
194,86,3.0
212,86,1.0
266,86,4.0
299,86,2.0
307,86,2.0
341,86,4.5
353,86,3.0
354,86,3.5
357,86,1.5
362,86,2.0
386,86,3.0
398,86,5.0
410,86,4.0
411,86,2.5
413,86,4.0
434,86,1.5
435,86,1.0
441,86,3.5
442,86,1.5
13,87,1.0
47,87,3.0
56,87,2.5
58,87,3.5
65,87,3.5
92,87,2.0
112,87,1.0
125,87,2.5
129,87,4.0
135,87,3.0
153,87,3.5
159,87,2.0
164,87,3.0
175,87,2.0
190,87,2.0
194,87,2.0
203,87,0.5
219,87,0.5
228,87,3.5
238,87,2.5
241,87,1.0
248,87,3.0
256,87,3.5
276,87,2.0
277,87,3.5
279,87,1.5
284,87,3.0
299,87,2.0
307,87,2.0
320,87,2.0
327,87,2.0
333,87,2.0
351,87,1.0
357,87,0.5
362,87,3.5
411,87,4.0
434,87,1.5
435,87,1.0
442,87,3.0
8,88,4.0
38,88,4.0
43,88,3.0
48,88,4.0
97,88,3.5
98,88,3.0
122,88,3.0
125,88,2.5
164,88,3.0
175,88,2.5
204,88,3.5
207,88,3.0
224,88,3.0
275,88,4.0
299,88,2.0
313,88,1.5
327,88,3.0
335,88,3.5
351,88,2.5
357,88,2.0
374,88,1.0
428,88,3.0
434,88,2.0
219,89,0.5
434,89,2.5
81,90,5.0
98,90,3.5
156,90,3.0
190,90,4.0
257,90,4.5
299,90,3.0
331,90,4.0
335,90,4.5
410,90,5.0
434,90,2.5
439,90,4.0
3,91,5.0
14,92,4.0
94,92,4.0
195,92,1.0
212,92,3.0
257,92,5.0
279,92,3.5
299,92,4.0
320,92,3.5
331,92,3.0
346,92,3.5
351,92,4.0
434,92,2.5
435,92,3.0
194,93,4.0
112,94,5.0
125,94,4.0
219,94,1.5
299,94,3.0
351,94,4.0
337,95,3.5
346,95,4.0
25,96,2.0
28,96,3.0
47,96,3.0
59,96,2.5
79,96,2.5
98,96,2.0
125,96,2.5
194,96,3.5
199,96,3.0
207,96,3.0
212,96,0.5
219,96,2.5
299,96,4.0
300,96,2.0
320,96,3.5
327,96,3.0
331,96,3.0
426,96,4.0
434,96,1.5
125,97,3.5
299,97,4.0
8,98,4.0
34,98,5.0
43,98,3.5
47,98,3.0
48,98,3.0
52,98,3.0
58,98,3.5
86,98,4.5
93,98,3.0
125,98,2.5
137,98,2.0
150,98,2.0
157,98,1.0
172,98,5.0
194,98,3.5
204,98,3.0
212,98,2.5
219,98,1.5
224,98,3.0
225,98,5.0
226,98,2.5
234,98,3.0
239,98,3.0
248,98,4.0
254,98,2.5
255,98,4.0
268,98,3.5
270,98,4.0
273,98,2.5
282,98,3.0
299,98,3.0
304,98,3.5
318,98,1.0
324,98,0.5
329,98,4.0
331,98,2.0
346,98,3.0
357,98,3.5
360,98,1.0
397,98,4.0
413,98,4.5
434,98,2.5
435,98,2.0
441,98,4.0
442,98,3.0
279,99,3.0
320,99,4.0
434,99,2.0
442,99,4.0
125,100,1.0
442,100,3.0
6,101,3.0
14,101,2.5
28,101,2.0
47,101,4.5
64,101,2.0
65,101,2.0
79,101,4.0
93,101,2.5
119,101,3.5
122,101,3.0
125,101,2.0
139,101,4.0
164,101,3.0
194,101,2.5
195,101,3.0
219,101,0.5
226,101,2.5
259,101,3.0
264,101,1.0
266,101,4.0
299,101,4.0
307,101,1.0
313,101,1.5
320,101,2.5
327,101,3.0
331,101,4.0
351,101,0.5
354,101,4.0
386,101,3.5
414,101,3.0
425,101,3.5
434,101,2.0
435,101,2.0
442,101,2.5
233,102,2.0
266,102,1.0
434,102,1.5
125,103,4.0
225,104,2.0
275,104,2.0
320,104,3.0
350,104,1.0
434,104,2.5
442,104,3.0
8,105,3.0
65,105,3.0
112,105,3.0
150,105,4.0
186,105,3.5
195,105,5.0
204,105,3.0
207,105,2.0
233,105,4.0
297,105,3.0
299,105,3.0
313,105,3.0
329,105,4.0
346,105,3.0
350,105,4.0
405,105,3.0
422,105,3.5
429,105,3.0
442,105,3.5
125,106,1.5
12,107,4.0
125,107,1.5
299,107,3.0
320,107,3.5
331,107,3.0
351,107,2.5
434,107,3.0
442,107,4.5
3,108,4.0
8,108,4.0
14,108,4.5
25,108,4.5
29,108,3.0
42,108,2.5
43,108,4.0
47,108,3.5
63,108,4.0
65,108,1.5
79,108,4.0
93,108,3.5
108,108,4.0
116,108,3.5
122,108,3.0
125,108,4.0
128,108,4.0
135,108,5.0
137,108,2.0
139,108,4.5
150,108,5.0
155,108,4.5
159,108,4.5
164,108,4.0
186,108,3.5
187,108,4.0
188,108,4.5
192,108,3.5
194,108,4.5
195,108,4.0
198,108,5.0
199,108,3.5
201,108,2.0
202,108,3.5
204,108,4.5
212,108,3.5
215,108,3.5
219,108,5.0
227,108,3.0
228,108,4.0
233,108,4.0
236,108,4.0
239,108,4.5
250,108,3.0
257,108,5.0
258,108,5.0
279,108,3.5
282,108,4.0
299,108,5.0
307,108,4.0
310,108,4.5
313,108,3.0
320,108,4.0
326,108,2.0
327,108,4.0
331,108,4.0
333,108,4.0
337,108,3.0
345,108,5.0
346,108,4.5
348,108,4.0
351,108,5.0
354,108,3.5
356,108,4.5
357,108,4.0
368,108,3.5
369,108,4.0
374,108,3.0
377,108,3.5
381,108,4.5
386,108,4.5
406,108,5.0
411,108,3.0
413,108,4.0
418,108,3.0
419,108,3.5
428,108,3.5
429,108,3.0
434,108,3.5
435,108,3.5
439,108,3.5
441,108,4.0
442,108,5.0
299,109,1.5
320,109,3.5
233,110,1.0
299,111,4.0
38,112,3.0
125,112,3.5
98,113,3.0
434,113,2.0
194,114,1.0
331,114,1.0
442,114,2.5
122,115,1.0
282,115,2.0
299,115,2.0
439,115,3.0
62,116,4.0
75,116,4.0
112,116,5.0
125,116,5.0
130,116,4.5
170,116,5.0
172,116,2.0
185,116,5.0
195,116,5.0
233,116,4.0
242,116,1.5
252,116,3.5
281,116,3.5
282,116,3.0
297,116,5.0
299,116,4.0
331,116,4.0
346,116,4.0
435,116,3.5
439,116,4.0
3,117,3.0
16,117,4.0
21,117,3.0
26,117,5.0
29,117,3.0
45,117,4.0
47,117,4.5
51,117,3.5
71,117,3.5
74,117,3.0
86,117,5.0
94,117,4.0
108,117,3.5
119,117,4.5
125,117,4.0
135,117,4.0
139,117,3.5
153,117,4.0
155,117,5.0
159,117,4.0
164,117,3.0
186,117,3.0
188,117,3.5
194,117,3.0
195,117,5.0
199,117,3.5
203,117,4.0
219,117,3.0
228,117,3.5
239,117,5.0
243,117,4.0
258,117,4.5
279,117,3.0
287,117,3.5
297,117,4.0
299,117,3.0
309,117,3.5
311,117,2.0
327,117,3.0
346,117,4.5
351,117,3.0
354,117,4.0
362,117,5.0
369,117,4.0
377,117,4.0
384,117,2.5
386,117,4.5
397,117,0.5
405,117,4.0
434,117,2.5
435,117,4.5
441,117,3.0
442,117,4.5
233,118,1.0
266,118,4.0
195,119,4.0
125,120,4.0
233,120,4.0
299,120,4.0
329,120,4.0
434,120,2.0
441,120,4.0
4,121,4.0
21,121,3.5
27,121,0.5
43,121,3.0
47,121,4.0
75,121,4.0
98,121,5.0
119,121,5.0
122,121,3.5
125,121,3.0
139,121,4.0
153,121,3.0
159,121,4.0
164,121,4.5
194,121,3.5
198,121,5.0
203,121,1.5
204,121,3.5
207,121,4.0
217,121,4.0
219,121,2.5
258,121,3.5
261,121,5.0
266,121,5.0
275,121,5.0
276,121,4.0
292,121,3.5
298,121,5.0
299,121,4.0
307,121,4.0
310,121,3.5
313,121,2.5
316,121,4.0
320,121,4.0
327,121,3.0
331,121,3.0
351,121,2.5
386,121,4.5
401,121,5.0
429,121,4.0
442,121,3.5
219,122,1.0
228,122,4.0
233,122,4.0
279,122,3.5
307,122,3.0
351,122,4.0
434,122,1.5
442,122,2.5
442,123,3.0
28,124,4.0
125,124,2.5
150,124,2.0
207,124,1.0
299,124,3.0
14,125,3.5
15,125,3.5
24,125,3.0
27,125,5.0
28,125,3.0
41,125,4.0
42,125,2.5
47,125,4.0
55,125,3.0
59,125,4.0
64,125,4.0
65,125,2.0
75,125,3.5
79,125,1.0
91,125,3.5
93,125,2.0
94,125,4.0
98,125,2.5
99,125,3.0
105,125,1.0
112,125,4.5
119,125,5.0
122,125,4.0
125,125,1.5
135,125,4.0
138,125,2.0
139,125,4.5
154,125,4.5
156,125,4.0
158,125,5.0
159,125,4.0
162,125,4.5
164,125,4.0
165,125,2.5
194,125,3.5
195,125,3.0
198,125,4.5
203,125,2.0
204,125,3.5
207,125,2.0
212,125,2.5
215,125,3.5
219,125,3.0
228,125,2.5
233,125,4.0
237,125,2.5
238,125,4.0
239,125,3.0
244,125,5.0
250,125,2.5
261,125,3.5
264,125,3.0
266,125,3.0
275,125,3.0
276,125,3.0
297,125,5.0
298,125,4.5
299,125,3.0
307,125,2.0
309,125,4.5
310,125,3.5
315,125,3.0
318,125,3.5
320,125,4.0
327,125,4.0
329,125,4.0
331,125,4.0
346,125,3.5
351,125,2.0
352,125,4.0
353,125,3.5
354,125,4.0
359,125,4.0
362,125,4.0
380,125,2.0
382,125,4.0
383,125,4.0
386,125,2.0
392,125,5.0
397,125,4.0
404,125,3.0
405,125,3.5
411,125,3.0
412,125,2.5
415,125,4.0
419,125,4.0
428,125,2.5
431,125,4.5
434,125,2.5
441,125,4.0
442,125,4.0
2,126,0.5
9,126,4.0
10,126,4.0
11,126,4.5
12,126,4.5
16,126,0.5
17,126,5.0
21,126,2.0
27,126,4.0
30,126,1.0
33,126,3.0
34,126,5.0
40,126,4.5
41,126,4.5
42,126,5.0
43,126,4.0
47,126,3.0
52,126,5.0
65,126,3.0
73,126,5.0
75,126,4.5
78,126,4.0
79,126,3.0
86,126,5.0
88,126,5.0
89,126,2.5
92,126,2.5
93,126,4.0
105,126,4.0
111,126,0.5
116,126,4.0
125,126,4.0
128,126,5.0
130,126,5.0
137,126,4.0
142,126,5.0
147,126,3.5
153,126,4.0
164,126,4.5
165,126,4.5
172,126,2.0
173,126,3.0
180,126,5.0
182,126,4.0
187,126,5.0
194,126,4.5
200,126,4.5
203,126,5.0
212,126,2.5
217,126,5.0
219,126,4.0
227,126,4.0
233,126,3.0
235,126,4.5
237,126,3.0
238,126,4.5
246,126,3.5
250,126,0.5
252,126,3.0
254,126,5.0
256,126,4.0
257,126,5.0
265,126,4.0
268,126,3.0
274,126,3.5
276,126,5.0
279,126,4.0
282,126,5.0
289,126,5.0
292,126,4.0
299,126,4.0
302,126,4.5
306,126,4.5
309,126,3.5
316,126,5.0
327,126,4.0
329,126,4.0
332,126,4.0
346,126,4.0
351,126,3.5
354,126,5.0
357,126,3.5
362,126,4.0
384,126,3.0
385,126,4.5
386,126,4.0
397,126,4.0
406,126,5.0
411,126,4.0
413,126,5.0
422,126,3.5
423,126,4.5
434,126,5.0
435,126,3.5
441,126,5.0
442,126,3.5
21,127,3.0
125,127,4.5
228,127,4.0
299,127,4.0
327,127,3.0
328,127,4.0
346,127,3.5
434,127,2.5
299,128,5.0
8,129,3.0
135,129,3.0
233,129,2.0
299,129,4.0
329,129,4.0
346,129,3.5
434,129,2.0
299,130,2.0
357,130,1.5
439,130,3.0
441,130,2.0
125,131,1.0
194,131,2.0
212,131,1.0
219,131,2.5
329,131,2.0
351,131,1.0
3,132,4.0
7,132,4.5
14,132,4.5
21,132,4.0
60,132,4.0
75,132,4.0
93,132,3.0
98,132,3.5
119,132,5.0
125,132,4.5
137,132,4.0
147,132,3.5
188,132,4.0
195,132,4.0
212,132,2.0
219,132,3.0
228,132,4.0
246,132,3.5
255,132,4.0
281,132,3.5
282,132,1.0
299,132,4.0
327,132,4.0
331,132,5.0
346,132,4.0
351,132,3.0
353,132,4.0
373,132,4.0
380,132,4.5
386,132,3.5
387,132,5.0
405,132,3.5
411,132,3.5
414,132,4.0
432,132,4.0
439,132,4.5
442,132,4.5
27,133,4.0
28,133,2.0
34,133,3.0
47,133,3.0
67,133,2.0
75,133,3.0
86,133,4.0
125,133,4.0
139,133,4.0
175,133,3.5
194,133,3.5
212,133,2.0
226,133,2.5
276,133,4.0
299,133,3.0
307,133,2.0
320,133,2.5
327,133,3.0
331,133,4.0
335,133,3.5
351,133,3.5
354,133,3.0
428,133,2.0
434,133,2.5
435,133,4.0
441,133,3.0
442,133,2.5
30,134,3.5
34,134,5.0
41,134,4.5
43,134,0.5
47,134,3.0
51,134,4.0
75,134,4.5
97,134,0.5
98,134,3.0
121,134,4.5
122,134,5.0
125,134,4.0
194,134,3.5
239,134,5.0
266,134,4.0
299,134,4.0
311,134,2.5
320,134,2.5
329,134,4.0
331,134,3.0
348,134,3.5
351,134,4.0
357,134,4.0
386,134,2.5
414,134,2.5
434,134,2.5
307,135,1.0
348,135,0.5
434,135,0.5
442,135,2.5
204,136,3.0
4,137,2.5
8,137,3.0
14,137,3.5
24,137,4.5
28,137,3.0
41,137,2.5
47,137,3.0
59,137,3.0
64,137,0.5
65,137,2.0
74,137,3.0
75,137,3.5
79,137,3.5
91,137,3.5
93,137,2.5
122,137,3.0
125,137,4.0
129,137,4.0
138,137,2.0
139,137,4.0
150,137,4.0
153,137,1.0
164,137,3.0
165,137,3.0
166,137,4.0
169,137,3.5
175,137,3.5
194,137,2.0
200,137,3.0
207,137,2.0
212,137,0.5
215,137,1.5
219,137,2.0
223,137,1.0
225,137,5.0
226,137,3.0
238,137,2.0
239,137,1.0
255,137,2.5
256,137,3.0
257,137,2.5
261,137,3.5
266,137,3.0
269,137,3.5
272,137,4.0
275,137,3.0
276,137,3.5
285,137,1.5
299,137,4.0
310,137,3.0
313,137,2.0
320,137,3.0
327,137,2.0
329,137,4.0
338,137,2.0
346,137,3.0
348,137,0.5
351,137,1.5
354,137,4.0
357,137,2.0
362,137,2.0
367,137,0.5
386,137,3.0
405,137,2.0
411,137,3.5
428,137,2.5
432,137,3.0
434,137,2.0
437,137,4.0
439,137,1.5
441,137,3.5
442,137,2.0
47,138,3.0
77,138,4.0
98,138,4.0
125,138,3.5
175,138,3.5
233,138,3.0
266,138,5.0
297,138,2.0
299,138,3.0
307,138,3.0
320,138,2.5
327,138,3.0
337,138,0.5
351,138,2.5
439,138,3.5
79,139,1.5
125,139,3.5
153,139,1.5
164,139,2.5
175,139,3.0
182,139,3.5
187,139,3.5
194,139,3.0
212,139,3.0
233,139,1.0
275,139,2.5
279,139,2.5
305,139,3.0
313,139,3.0
327,139,4.0
331,139,2.0
351,139,2.5
362,139,3.0
386,139,0.5
428,139,1.0
434,139,1.5
435,139,3.5
441,139,2.5
442,139,2.5
21,140,3.0
28,140,2.0
75,140,4.0
79,140,3.5
98,140,3.0
164,140,4.0
182,140,5.0
204,140,4.0
299,140,3.0
307,140,4.0
316,140,4.0
320,140,3.0
327,140,2.0
428,140,3.0
47,141,2.5
69,141,4.0
112,141,1.5
125,141,2.0
150,141,2.0
212,141,0.5
234,141,2.0
254,141,3.5
255,141,3.0
320,141,3.0
348,141,3.0
434,141,1.5
442,141,2.0
98,142,3.0
135,142,4.0
155,142,5.0
195,142,5.0
297,142,5.0
299,142,5.0
337,142,3.0
346,142,4.5
437,142,3.0
14,143,2.5
112,143,0.5
125,143,2.0
150,143,2.0
191,143,4.0
194,143,4.0
254,143,4.0
255,143,3.0
275,143,3.0
299,143,1.5
307,143,2.0
320,143,3.0
327,143,3.0
331,143,4.0
405,143,2.0
422,143,4.0
427,143,4.0
434,143,2.5
441,143,2.5
442,143,2.5
28,144,2.0
212,144,0.5
266,144,4.0
297,144,3.0
320,144,2.0
346,144,3.0
14,145,3.5
15,145,1.0
47,145,3.0
73,145,3.5
75,145,4.0
79,145,3.5
99,145,2.0
119,145,5.0
122,145,3.5
129,145,4.0
146,145,3.5
159,145,4.0
164,145,2.5
175,145,3.5
180,145,3.0
198,145,3.0
207,145,3.0
247,145,3.0
275,145,3.5
276,145,2.0
345,145,2.0
346,145,1.0
351,145,2.5
354,145,4.0
373,145,3.0
380,145,3.0
386,145,3.0
425,145,4.0
428,145,2.5
435,145,2.5
438,145,3.0
441,145,3.5
442,145,2.5
14,146,0.5
122,146,2.5
166,146,4.0
194,146,2.0
64,147,4.5
102,147,2.5
122,147,2.5
194,147,2.0
275,147,3.0
277,147,2.0
278,147,2.0
399,147,3.5
438,147,3.0
125,148,4.5
228,148,4.0
299,148,3.0
346,148,3.5
439,148,3.5
125,149,3.5
150,149,1.0
249,149,3.5
299,149,4.0
310,149,4.0
437,149,2.0
4,150,3.0
9,150,3.0
12,150,2.5
14,150,2.5
21,150,3.0
34,150,5.0
41,150,4.5
43,150,4.0
47,150,3.5
48,150,4.0
65,150,2.0
67,150,3.0
94,150,5.0
97,150,2.5
112,150,4.0
125,150,1.5
135,150,5.0
150,150,5.0
154,150,3.5
159,150,3.5
164,150,3.5
169,150,4.5
175,150,4.0
191,150,3.0
194,150,3.5
195,150,2.0
202,150,4.5
204,150,4.5
207,150,2.0
212,150,1.0
217,150,3.0
224,150,4.0
225,150,5.0
228,150,4.0
234,150,4.0
240,150,3.0
256,150,3.0
257,150,4.0
266,150,4.0
275,150,4.0
276,150,3.5
278,150,4.0
279,150,3.0
282,150,1.0
299,150,4.0
310,150,3.0
313,150,3.5
318,150,4.0
320,150,4.5
327,150,2.0
339,150,4.0
346,150,4.5
348,150,5.0
351,150,4.5
353,150,4.5
357,150,1.0
373,150,3.5
383,150,3.5
384,150,3.5
405,150,3.5
411,150,4.0
412,150,4.0
416,150,4.0
418,150,3.5
422,150,4.5
428,150,2.5
432,150,3.5
434,150,2.5
435,150,2.0
437,150,1.0
440,150,3.0
441,150,4.5
442,150,4.5
3,151,4.0
8,151,5.0
14,151,3.5
16,151,4.5
17,151,3.5
21,151,2.5
24,151,5.0
27,151,3.5
29,151,5.0
35,151,4.5
42,151,4.0
43,151,4.5
47,151,3.0
52,151,5.0
55,151,5.0
61,151,3.5
65,151,4.5
69,151,5.0
75,151,4.0
84,151,2.5
91,151,4.0
93,151,4.0
94,151,5.0
95,151,3.0
96,151,5.0
97,151,2.0
101,151,4.5
108,151,3.5
112,151,5.0
114,151,4.0
115,151,4.0
123,151,4.0
125,151,4.5
130,151,3.0
135,151,5.0
137,151,3.0
150,151,4.0
153,151,4.0
154,151,4.5
155,151,4.5
162,151,2.5
164,151,3.0
169,151,2.5
172,151,4.5
180,151,4.0
183,151,4.5
185,151,0.5
188,151,4.5
191,151,5.0
195,151,4.0
212,151,3.0
215,151,4.0
217,151,4.0
221,151,4.0
222,151,4.0
223,151,3.0
225,151,1.0
238,151,4.5
240,151,4.5
242,151,3.5
246,151,3.0
250,151,3.0
256,151,4.0
257,151,3.5
264,151,1.0
271,151,4.5
275,151,3.0
276,151,3.0
278,151,5.0
279,151,4.5
282,151,5.0
284,151,3.5
288,151,3.5
295,151,3.5
299,151,5.0
310,151,3.0
311,151,4.0
313,151,4.0
318,151,4.5
320,151,5.0
327,151,3.0
328,151,3.5
330,151,5.0
331,151,5.0
334,151,5.0
337,151,3.5
346,151,4.0
351,151,4.0
353,151,4.5
356,151,4.5
357,151,4.0
360,151,5.0
373,151,3.5
380,151,0.5
383,151,3.5
386,151,4.5
411,151,4.0
412,151,3.5
419,151,0.5
422,151,4.5
428,151,3.5
430,151,4.5
432,151,4.0
434,151,4.0
435,151,2.0
437,151,5.0
439,151,4.0
440,151,2.0
441,151,4.0
442,151,5.0
24,152,2.0
75,152,3.0
97,152,1.0
122,152,0.5
125,152,3.0
175,152,2.5
194,152,1.5
275,152,3.0
299,152,2.0
434,152,0.5
438,152,2.0
442,152,1.0
98,153,4.0
125,153,2.5
138,153,3.0
148,153,3.5
155,153,3.0
204,153,3.0
299,153,4.0
313,153,2.0
316,153,4.0
320,153,3.0
374,153,0.5
437,153,4.0
14,154,2.0
69,154,3.0
98,154,2.0
135,154,1.0
153,154,2.0
164,154,3.5
191,154,2.0
275,154,3.0
276,154,3.0
299,154,2.0
304,154,2.5
353,154,3.5
419,154,4.0
442,154,3.0
8,155,5.0
10,155,3.0
12,155,4.5
21,155,3.5
27,155,3.0
29,155,5.0
37,155,5.0
40,155,4.5
41,155,4.5
42,155,3.5
43,155,4.5
46,155,4.5
47,155,3.0
69,155,5.0
73,155,4.0
75,155,5.0
78,155,3.5
79,155,3.0
86,155,5.0
92,155,3.5
98,155,3.0
99,155,4.5
112,155,4.5
116,155,4.5
117,155,5.0
125,155,4.5
130,155,1.5
137,155,3.0
144,155,5.0
146,155,4.5
147,155,4.0
153,155,4.5
154,155,4.0
159,155,4.5
169,155,5.0
172,155,4.5
175,155,4.0
180,155,4.5
191,155,5.0
194,155,2.5
195,155,4.0
202,155,5.0
204,155,3.0
212,155,3.0
215,155,4.5
217,155,5.0
219,155,3.5
227,155,4.0
228,155,4.0
231,155,1.0
237,155,4.0
238,155,4.5
240,155,4.0
250,155,4.0
255,155,5.0
257,155,4.5
268,155,4.0
269,155,4.0
274,155,3.5
275,155,5.0
278,155,5.0
282,155,4.0
284,155,5.0
292,155,4.0
299,155,5.0
310,155,4.0
318,155,5.0
319,155,5.0
320,155,3.5
326,155,3.5
327,155,4.0
328,155,4.0
330,155,5.0
331,155,5.0
339,155,4.5
351,155,3.5
353,155,4.0
354,155,3.0
383,155,4.5
384,155,4.0
389,155,5.0
392,155,4.0
406,155,5.0
411,155,4.0
412,155,4.5
419,155,4.5
422,155,4.0
426,155,5.0
428,155,4.0
434,155,3.0
437,155,4.0
441,155,5.0
442,155,4.5
3,156,1.0
14,156,4.0
27,156,3.5
34,156,5.0
42,156,2.5
47,156,4.0
64,156,1.5
71,156,3.0
93,156,3.5
98,156,4.0
101,156,4.5
105,156,4.0
108,156,1.5
111,156,2.0
122,156,3.0
125,156,5.0
137,156,3.0
139,156,4.0
185,156,3.0
188,156,4.0
212,156,2.5
228,156,4.0
250,156,2.5
255,156,4.5
269,156,3.0
275,156,3.0
281,156,4.5
282,156,2.0
297,156,3.0
299,156,4.0
314,156,4.0
330,156,5.0
331,156,5.0
346,156,3.0
348,156,4.0
356,156,5.0
357,156,3.5
369,156,3.5
380,156,3.5
385,156,5.0
386,156,4.0
387,156,4.5
422,156,4.0
432,156,3.5
434,156,2.5
437,156,2.0
439,156,4.5
47,157,2.0
59,157,4.5
64,157,2.0
67,157,2.0
75,157,3.5
79,157,3.5
85,157,4.0
97,157,1.5
125,157,1.5
139,157,4.0
159,157,1.0
164,157,3.0
175,157,3.0
194,157,2.0
212,157,2.0
236,157,5.0
279,157,3.5
299,157,3.0
320,157,1.5
327,157,2.0
330,157,5.0
331,157,5.0
351,157,1.5
353,157,4.0
354,157,4.5
362,157,1.5
386,157,2.0
411,157,3.0
428,157,1.5
432,157,2.0
434,157,2.0
440,157,1.0
441,157,2.5
14,158,4.5
29,158,5.0
43,158,4.5
47,158,4.0
51,158,2.5
70,158,4.5
73,158,3.5
74,158,4.0
79,158,2.5
86,158,4.5
93,158,2.0
117,158,4.0
122,158,5.0
125,158,3.0
128,158,4.0
147,158,4.5
164,158,2.5
195,158,3.0
204,158,4.0
217,158,3.5
237,158,2.5
239,158,3.0
275,158,4.0
276,158,4.0
279,158,3.0
290,158,4.5
299,158,4.0
346,158,3.0
351,158,2.5
353,158,4.0
373,158,3.5
386,158,4.0
388,158,5.0
425,158,4.0
427,158,4.0
441,158,4.0
442,158,3.5
16,159,4.0
21,159,3.0
125,159,5.0
195,159,3.0
200,159,4.5
234,159,3.0
286,159,4.0
299,159,4.0
346,159,3.0
351,159,3.5
357,159,3.0
414,159,3.0
434,159,2.5
437,159,4.0
4,160,4.0
7,160,4.5
9,160,4.0
28,160,4.0
30,160,2.5
34,160,3.0
47,160,4.5
59,160,4.0
74,160,3.5
75,160,3.5
79,160,3.5
93,160,3.0
98,160,4.0
99,160,3.5
100,160,2.0
119,160,4.5
122,160,3.0
125,160,3.5
139,160,4.0
159,160,1.5
164,160,3.5
175,160,3.5
181,160,2.0
182,160,4.0
185,160,4.0
194,160,3.0
198,160,3.0
200,160,3.0
212,160,2.0
239,160,2.0
255,160,3.0
256,160,3.5
258,160,2.0
275,160,3.0
277,160,3.5
299,160,3.0
313,160,2.0
320,160,3.5
351,160,1.5
353,160,4.0
357,160,3.0
359,160,4.0
373,160,2.5
380,160,1.0
386,160,2.5
394,160,3.0
411,160,3.5
412,160,2.0
413,160,3.5
428,160,2.5
432,160,2.5
439,160,3.5
441,160,4.0
442,160,3.0
14,161,4.0
21,161,3.0
36,161,5.0
47,161,4.0
73,161,5.0
98,161,3.0
125,161,3.0
135,161,4.0
137,161,4.0
139,161,4.5
149,161,4.5
156,161,4.0
164,161,3.5
204,161,3.0
266,161,5.0
276,161,4.0
297,161,2.0
299,161,4.0
310,161,4.0
320,161,4.0
331,161,3.0
346,161,4.0
351,161,2.5
405,161,4.0
413,161,3.5
434,161,2.0
439,161,4.0
441,161,3.5
3,162,3.0
48,162,4.0
97,162,2.0
135,162,3.0
150,162,3.0
212,162,1.0
252,162,3.0
299,162,3.0
346,162,3.0
357,162,3.0
418,162,3.5
437,162,3.0
442,162,3.5
3,163,4.0
112,163,5.0
228,163,3.5
331,163,4.0
437,163,5.0
9,164,3.5
14,164,3.5
21,164,3.5
27,164,5.0
28,164,4.0
29,164,5.0
30,164,3.0
32,164,4.5
42,164,3.0
43,164,3.5
47,164,2.0
48,164,4.0
59,164,2.5
60,164,3.0
69,164,5.0
75,164,5.0
89,164,3.5
94,164,4.0
98,164,4.0
99,164,3.5
111,164,3.0
116,164,4.0
117,164,3.0
119,164,4.5
122,164,3.0
125,164,2.5
135,164,3.0
138,164,3.0
139,164,3.5
141,164,4.0
153,164,3.5
154,164,4.0
156,164,2.5
159,164,2.5
162,164,4.0
164,164,4.0
166,164,4.0
169,164,3.5
182,164,4.0
188,164,3.5
194,164,3.0
200,164,4.0
202,164,4.0
204,164,3.5
207,164,4.0
212,164,2.5
215,164,2.5
217,164,4.5
227,164,4.0
231,164,3.5
238,164,5.0
240,164,3.5
246,164,5.0
250,164,3.0
258,164,4.0
264,164,5.0
266,164,3.0
275,164,4.0
276,164,4.0
284,164,5.0
292,164,3.5
298,164,4.5
299,164,5.0
304,164,4.5
307,164,4.0
310,164,3.5
311,164,3.5
313,164,2.0
314,164,2.0
316,164,3.5
318,164,3.0
320,164,3.5
321,164,4.5
326,164,2.0
327,164,4.0
331,164,5.0
334,164,4.0
335,164,4.5
339,164,5.0
341,164,4.5
346,164,3.5
348,164,3.5
351,164,4.5
357,164,3.5
362,164,4.5
369,164,4.0
380,164,4.0
383,164,3.5
386,164,3.5
411,164,3.0
418,164,4.5
419,164,3.5
423,164,4.5
428,164,3.5
432,164,3.0
434,164,2.5
439,164,3.5
440,164,4.0
441,164,3.0
442,164,3.5
43,165,1.0
62,165,3.5
64,165,3.0
75,165,3.0
114,165,3.0
137,165,5.0
150,165,3.0
164,165,3.0
169,165,4.0
195,165,4.0
204,165,3.0
254,165,4.0
266,165,5.0
276,165,3.0
299,165,3.0
316,165,4.0
320,165,3.5
353,165,3.5
357,165,1.0
411,165,2.5
435,165,1.0
440,165,3.0
442,165,3.0
77,166,1.0
346,166,2.5
437,166,3.0
14,167,3.5
25,167,2.0
43,167,2.5
47,167,4.0
51,167,2.0
59,167,3.5
69,167,3.0
75,167,3.0
79,167,3.5
91,167,3.0
97,167,2.0
98,167,4.0
99,167,2.5
119,167,4.0
122,167,3.5
125,167,2.5
139,167,5.0
150,167,2.0
153,167,0.5
159,167,2.0
164,167,3.0
175,167,3.0
182,167,3.5
194,167,2.5
198,167,3.5
200,167,3.0
207,167,3.0
219,167,1.5
225,167,2.0
226,167,3.0
247,167,4.5
252,167,1.0
255,167,3.0
266,167,5.0
275,167,3.0
276,167,4.0
311,167,3.5
313,167,2.0
320,167,3.5
327,167,2.0
330,167,5.0
331,167,4.0
346,167,2.0
351,167,2.5
353,167,3.0
354,167,3.0
357,167,3.0
359,167,4.0
362,167,3.5
369,167,3.5
373,167,3.5
382,167,5.0
383,167,3.5
386,167,4.0
397,167,3.0
405,167,1.0
411,167,2.5
414,167,4.0
428,167,2.5
431,167,5.0
432,167,3.5
435,167,2.0
441,167,2.5
442,167,2.5
3,168,3.0
14,168,4.0
16,168,2.5
17,168,3.0
18,168,4.0
21,168,3.5
27,168,4.0
28,168,4.0
42,168,1.0
43,168,4.0
45,168,4.0
47,168,2.0
48,168,5.0
65,168,4.0
73,168,5.0
75,168,0.5
77,168,5.0
86,168,5.0
93,168,1.5
94,168,3.0
97,168,3.0
98,168,2.0
99,168,4.5
101,168,3.5
108,168,4.0
116,168,4.5
122,168,3.0
125,168,4.5
129,168,4.0
130,168,4.0
135,168,3.0
138,168,4.0
139,168,4.0
147,168,3.5
154,168,5.0
155,168,4.0
159,168,4.0
164,168,3.5
165,168,3.5
186,168,4.0
188,168,4.0
194,168,4.0
197,168,5.0
200,168,4.0
203,168,4.0
204,168,5.0
212,168,3.5
226,168,3.0
228,168,4.5
231,168,3.5
237,168,5.0
242,168,4.0
256,168,3.5
257,168,4.0
258,168,5.0
264,168,3.0
276,168,4.0
279,168,4.0
282,168,3.0
284,168,4.0
297,168,5.0
299,168,5.0
300,168,4.0
310,168,4.0
311,168,2.0
314,168,5.0
326,168,3.0
327,168,2.0
328,168,3.5
330,168,5.0
331,168,5.0
337,168,2.5
346,168,4.0
351,168,4.5
355,168,3.0
356,168,5.0
357,168,2.5
369,168,4.0
379,168,4.0
380,168,3.0
383,168,5.0
384,168,4.0
387,168,5.0
411,168,4.5
412,168,4.0
422,168,4.5
428,168,4.0
432,168,3.5
434,168,3.5
435,168,4.0
437,168,3.0
439,168,4.5
441,168,4.5
442,168,4.5
3,169,3.0
14,169,4.0
108,169,4.5
125,169,4.5
135,169,4.0
155,169,4.0
279,169,3.0
299,169,5.0
331,169,4.0
346,169,4.5
434,169,3.0
437,169,3.0
194,170,1.5
299,170,2.0
313,170,2.5
437,170,1.0
442,170,2.0
98,171,3.0
266,171,2.0
125,172,4.0
3,173,4.0
29,173,4.0
98,173,4.0
112,173,5.0
135,173,4.0
191,173,4.0
299,173,4.0
310,173,4.5
320,173,3.5
331,173,3.0
346,173,3.0
351,173,4.0
369,173,4.0
3,174,5.0
16,174,4.5
21,174,3.0
27,174,3.5
28,174,5.0
29,174,4.0
34,174,5.0
43,174,4.0
47,174,3.5
52,174,3.5
65,174,4.0
93,174,2.0
98,174,4.0
112,174,5.0
125,174,3.5
128,174,5.0
130,174,3.0
135,174,5.0
137,174,5.0
138,174,4.0
139,174,3.0
150,174,5.0
155,174,4.5
162,174,1.0
180,174,4.0
186,174,4.0
188,174,4.0
194,174,4.0
195,174,5.0
200,174,3.5
202,174,4.0
203,174,3.5
215,174,4.0
217,174,4.5
227,174,5.0
228,174,3.5
234,174,4.0
238,174,4.0
239,174,3.0
240,174,3.5
250,174,2.0
255,174,4.5
257,174,4.0
258,174,3.5
260,174,4.0
268,174,3.5
278,174,4.0
279,174,3.0
282,174,2.0
299,174,4.0
310,174,4.0
314,174,5.0
318,174,4.5
327,174,3.0
328,174,3.5
331,174,5.0
346,174,4.5
351,174,3.5
354,174,4.5
362,174,2.5
367,174,4.5
369,174,4.5
406,174,5.0
413,174,4.5
422,174,4.0
430,174,3.5
434,174,2.0
437,174,4.0
441,174,4.5
442,174,3.5
98,175,2.5
299,175,3.0
346,175,3.0
16,176,4.5
97,176,1.5
150,176,3.0
204,176,3.0
212,176,3.0
224,176,4.0
275,176,4.0
279,176,3.0
299,176,3.0
346,176,3.0
434,176,2.5
125,177,3.5
153,177,3.5
194,177,3.0
299,177,3.0
320,177,3.5
353,177,5.0
384,177,2.5
441,177,4.5
266,178,3.0
327,178,2.0
14,179,2.5
34,179,2.0
47,179,3.5
79,179,2.5
119,179,4.5
125,179,4.0
264,179,0.5
299,179,3.0
314,179,3.0
357,179,1.0
386,179,3.0
431,179,4.5
439,179,3.5
440,179,3.0
441,179,3.0
442,179,2.0
112,180,5.0
346,180,3.0
98,181,4.0
125,181,3.0
246,181,4.5
331,181,1.0
434,181,3.0
437,181,4.0
439,181,3.5
47,182,2.0
67,182,4.0
79,182,4.0
299,182,2.0
313,182,1.0
327,182,3.0
346,182,3.0
47,183,4.0
74,183,4.0
75,183,2.5
79,183,2.5
111,183,2.0
119,183,4.0
122,183,4.0
164,183,3.0
175,183,3.0
202,183,2.5
212,183,0.5
254,183,2.5
258,183,2.0
266,183,4.0
276,183,2.0
299,183,2.0
354,183,3.5
386,183,3.0
431,183,5.0
435,183,2.5
439,183,2.5
440,183,3.0
297,184,5.0
346,184,4.0
47,185,3.0
219,185,1.5
299,185,3.0
320,185,2.5
119,186,3.5
266,186,5.0
194,187,3.5
3,188,3.0
43,188,4.5
77,188,4.0
172,188,5.0
211,188,5.0
282,188,5.0
292,188,4.5
299,188,4.0
346,188,3.0
358,188,4.5
411,188,4.0
416,188,4.5
439,188,4.5
442,188,3.5
125,189,4.0
137,189,1.0
439,189,4.0
299,190,4.0
439,190,4.0
8,191,4.0
34,191,0.5
41,191,5.0
43,191,3.0
47,191,2.0
73,191,3.5
79,191,0.5
85,191,3.5
86,191,4.0
97,191,1.5
112,191,2.0
138,191,1.5
164,191,4.5
194,191,3.0
202,191,4.5
204,191,2.0
217,191,3.0
219,191,3.0
224,191,3.0
225,191,2.0
227,191,3.0
235,191,4.5
261,191,3.0
262,191,4.0
275,191,3.0
284,191,3.5
299,191,2.0
310,191,4.0
327,191,3.0
330,191,4.0
351,191,3.0
374,191,1.5
380,191,1.0
422,191,4.0
434,191,2.5
437,191,2.0
439,191,2.5
441,191,4.5
442,191,3.5
45,192,4.0
79,192,2.5
125,192,2.5
194,192,3.5
212,192,2.0
219,192,2.0
266,192,3.0
279,192,2.5
299,192,3.0
351,192,3.0
434,192,2.5
125,193,4.0
439,193,4.5
28,194,3.0
59,194,4.0
125,194,2.0
159,194,2.5
194,194,3.5
212,194,0.5
266,194,3.0
313,194,2.5
327,194,2.0
331,194,2.0
428,194,1.0
442,194,3.0
14,195,4.0
414,195,4.0
28,196,3.0
122,196,3.0
182,196,4.0
266,196,4.0
431,196,5.0
434,196,2.5
437,196,1.0
439,196,4.0
327,197,2.0
125,198,4.5
45,199,4.0
194,199,2.0
203,199,0.5
275,199,2.5
327,199,0.5
351,199,3.0
77,200,2.0
125,200,2.5
299,200,2.0
307,200,3.0
327,200,2.0
410,200,5.0
442,200,2.5
125,201,4.0
297,201,5.0
331,201,3.0
346,201,4.5
14,202,3.5
47,202,3.5
69,202,5.0
71,202,4.5
85,202,4.0
98,202,4.0
125,202,3.0
137,202,3.0
139,202,3.5
159,202,3.0
194,202,3.0
268,202,3.0
277,202,3.5
279,202,3.0
281,202,3.0
299,202,3.0
327,202,3.0
331,202,4.0
366,202,4.0
405,202,2.0
434,202,2.0
439,202,3.0
441,202,3.5
346,203,4.0
410,203,3.0
3,204,3.0
346,204,2.0
98,205,3.0
125,205,2.0
182,205,4.0
194,205,3.5
212,205,0.5
299,205,4.5
320,205,3.5
327,205,2.0
331,205,5.0
434,205,2.0
93,206,2.0
266,206,2.0
299,206,4.0
327,206,3.0
346,207,4.0
4,208,2.0
21,208,4.0
22,208,4.0
41,208,4.5
42,208,3.5
43,208,3.5
47,208,2.5
58,208,4.0
75,208,4.0
97,208,4.0
98,208,5.0
112,208,3.0
125,208,2.0
135,208,3.0
138,208,4.0
169,208,5.0
194,208,4.0
195,208,4.0
197,208,2.5
212,208,2.5
217,208,5.0
237,208,2.5
239,208,4.0
242,208,2.5
246,208,4.5
299,208,4.0
306,208,4.0
313,208,3.0
316,208,4.5
318,208,1.5
320,208,3.5
331,208,4.0
338,208,4.0
346,208,2.0
351,208,3.0
353,208,4.0
412,208,3.5
434,208,2.5
437,208,3.0
441,208,4.5
194,209,2.5
207,209,3.0
98,210,5.0
125,210,4.0
242,210,3.5
297,210,4.0
327,210,4.0
331,210,4.0
346,210,3.5
3,211,2.0
9,211,1.5
10,211,4.5
11,211,4.0
12,211,4.5
14,211,3.5
16,211,3.0
17,211,4.5
21,211,3.5
24,211,4.5
27,211,4.0
33,211,3.0
40,211,4.5
42,211,3.5
43,211,4.5
44,211,4.0
45,211,5.0
47,211,4.0
51,211,4.0
52,211,4.0
54,211,4.5
55,211,2.5
58,211,5.0
60,211,4.5
61,211,4.5
63,211,4.0
65,211,4.5
70,211,4.0
73,211,5.0
74,211,4.0
75,211,3.5
79,211,3.5
87,211,4.5
88,211,4.5
89,211,4.0
90,211,2.0
91,211,3.0
92,211,4.0
93,211,4.0
94,211,5.0
98,211,3.0
99,211,3.0
101,211,5.0
105,211,4.0
108,211,4.5
116,211,5.0
123,211,4.5
125,211,4.5
127,211,5.0
128,211,5.0
130,211,4.0
137,211,4.0
138,211,4.0
139,211,4.0
142,211,4.5
146,211,4.5
149,211,4.0
153,211,5.0
154,211,5.0
157,211,4.0
164,211,5.0
166,211,4.0
172,211,5.0
173,211,4.5
175,211,5.0
180,211,4.5
186,211,4.0
188,211,5.0
194,211,4.5
195,211,5.0
197,211,3.0
200,211,4.5
202,211,4.5
204,211,4.5
210,211,4.5
212,211,3.0
215,211,4.0
217,211,3.5
219,211,4.0
220,211,1.0
225,211,4.0
228,211,4.0
231,211,3.5
234,211,4.0
235,211,3.5
236,211,4.5
238,211,5.0
240,211,5.0
242,211,3.5
246,211,4.5
249,211,5.0
250,211,1.5
253,211,5.0
254,211,4.0
255,211,5.0
257,211,5.0
264,211,0.5
268,211,4.5
269,211,3.5
270,211,4.5
271,211,5.0
272,211,5.0
274,211,3.5
275,211,5.0
276,211,4.5
277,211,5.0
279,211,4.5
281,211,4.5
282,211,5.0
284,211,5.0
292,211,4.5
299,211,5.0
300,211,4.5
302,211,5.0
303,211,3.5
304,211,3.0
309,211,4.5
310,211,3.5
311,211,2.0
312,211,5.0
316,211,3.5
318,211,5.0
320,211,4.5
327,211,4.0
328,211,4.5
331,211,5.0
339,211,4.0
344,211,1.0
346,211,5.0
348,211,4.0
351,211,4.0
353,211,4.0
357,211,4.5
358,211,4.0
368,211,4.0
370,211,5.0
384,211,3.5
386,211,4.0
397,211,5.0
398,211,5.0
402,211,5.0
404,211,3.0
411,211,3.5
416,211,3.5
418,211,4.0
419,211,5.0
422,211,5.0
423,211,4.5
424,211,4.0
428,211,3.5
432,211,4.5
433,211,1.0
434,211,4.5
435,211,4.0
436,211,5.0
437,211,5.0
439,211,4.0
441,211,4.5
442,211,5.0
79,212,2.5
112,212,1.0
128,212,2.0
212,212,3.0
219,212,0.5
279,212,2.0
299,212,3.0
313,212,2.0
320,212,2.5
442,212,3.0
159,213,1.0
219,213,1.5
299,213,3.0
327,213,3.0
45,214,3.5
125,214,3.5
258,214,4.5
299,214,3.0
320,214,3.0
14,215,0.5
73,215,2.5
108,215,3.0
122,215,2.5
129,215,5.0
164,215,2.5
166,215,4.0
182,215,3.0
194,215,3.5
198,215,1.5
207,215,4.0
217,215,3.0
275,215,3.0
276,215,3.5
299,215,4.0
314,215,3.0
327,215,2.0
341,215,3.5
346,215,4.0
347,215,4.5
368,215,0.5
386,215,3.5
388,215,4.0
411,215,2.5
435,215,3.5
437,215,1.0
439,215,1.5
442,215,3.5
159,216,0.5
194,216,3.5
279,216,0.5
299,216,2.0
327,216,2.5
331,216,3.0
98,217,3.0
125,217,3.0
299,217,3.0
327,217,3.0
331,217,4.0
17,218,4.0
27,218,4.0
43,218,5.0
67,218,5.0
93,218,2.0
123,218,4.0
125,218,5.0
137,218,4.0
170,218,3.0
186,218,3.5
195,218,5.0
224,218,3.0
235,218,4.0
242,218,3.5
279,218,4.5
282,218,2.0
299,218,4.0
316,218,4.0
331,218,5.0
357,218,4.0
422,218,4.0
435,218,3.0
437,218,5.0
337,219,3.5
282,220,4.0
21,221,2.5
34,221,4.5
59,221,3.0
97,221,2.5
138,221,2.0
153,221,3.0
168,221,4.0
187,221,3.5
194,221,4.0
204,221,2.0
212,221,2.5
219,221,3.0
275,221,3.0
309,221,4.0
327,221,3.0
331,221,4.0
441,221,3.0
3,222,5.0
12,222,4.0
43,222,3.5
47,222,4.0
79,222,3.0
85,222,4.0
86,222,4.5
93,222,2.5
125,222,4.0
137,222,3.0
139,222,3.5
156,222,4.5
159,222,4.0
165,222,3.5
166,222,3.0
172,222,3.5
175,222,4.0
194,222,3.0
195,222,4.0
198,222,5.0
200,222,5.0
204,222,3.0
217,222,3.5
219,222,5.0
227,222,4.0
228,222,4.0
234,222,4.0
239,222,4.0
254,222,4.0
256,222,4.5
264,222,2.5
279,222,3.5
281,222,4.0
292,222,4.0
298,222,5.0
299,222,4.0
314,222,4.0
320,222,3.0
351,222,3.0
354,222,4.5
357,222,1.5
362,222,4.5
396,222,4.0
419,222,5.0
422,222,4.0
426,222,5.0
434,222,3.0
435,222,4.0
437,222,2.0
439,222,3.5
441,222,4.0
434,223,2.0
34,224,0.5
166,224,3.0
194,224,3.0
228,224,3.0
350,224,1.0
299,225,2.0
98,226,4.0
3,227,4.0
4,227,2.0
6,227,3.5
14,227,5.0
24,227,4.0
27,227,4.0
42,227,3.0
43,227,4.0
47,227,4.0
59,227,2.5
64,227,1.5
71,227,4.5
74,227,4.0
77,227,5.0
79,227,4.0
89,227,2.5
93,227,4.5
111,227,5.0
112,227,4.0
119,227,4.0
122,227,3.5
125,227,3.5
135,227,5.0
139,227,3.5
159,227,2.0
172,227,4.0
175,227,3.5
182,227,4.0
188,227,3.5
195,227,5.0
198,227,5.0
200,227,4.0
212,227,2.5
215,227,3.5
217,227,4.5
219,227,4.0
254,227,3.0
256,227,3.5
258,227,4.5
261,227,3.5
297,227,3.0
299,227,4.0
303,227,0.5
331,227,5.0
346,227,4.5
350,227,4.0
351,227,3.0
353,227,4.0
357,227,5.0
358,227,2.5
359,227,3.5
369,227,4.0
373,227,3.5
377,227,4.0
380,227,3.0
386,227,3.5
411,227,3.0
412,227,1.5
414,227,3.0
415,227,3.5
428,227,2.5
435,227,4.0
439,227,4.0
441,227,3.0
442,227,3.5
79,228,3.0
125,228,2.5
153,228,1.0
159,228,3.0
164,228,3.0
175,228,3.0
194,228,3.0
212,228,3.0
219,228,2.5
235,228,1.0
266,228,2.0
270,228,4.0
299,228,2.0
309,228,2.5
320,228,1.5
331,228,2.0
351,228,4.0
428,228,1.5
434,228,1.5
441,228,1.0
442,228,3.0
194,229,1.0
212,229,0.5
299,229,4.0
320,229,0.5
365,229,1.0
386,229,3.5
21,230,2.0
3,231,3.0
439,231,3.5
65,232,2.0
73,232,3.5
167,232,3.5
168,232,4.0
175,232,2.5
182,232,3.5
194,232,1.5
275,232,3.0
327,232,1.0
350,232,2.0
380,232,1.0
405,232,0.5
434,232,0.5
34,233,4.0
59,233,2.0
79,233,2.0
194,233,2.5
212,233,3.0
219,233,1.5
313,233,3.0
327,233,0.5
351,233,3.0
441,233,0.5
228,234,5.0
297,234,3.0
299,234,3.0
98,235,4.0
203,235,3.0
346,235,4.0
437,235,3.0
3,236,2.0
98,237,2.0
168,237,3.0
266,237,4.0
299,237,3.0
320,237,3.0
34,238,4.5
125,238,3.5
299,238,3.0
327,238,3.0
428,238,3.0
297,239,3.0
327,239,2.0
14,240,0.5
34,240,0.5
41,240,3.5
43,240,3.0
47,240,3.5
59,240,3.0
67,240,3.0
69,240,5.0
75,240,4.0
79,240,3.5
97,240,2.0
113,240,4.0
122,240,3.0
139,240,3.5
153,240,2.5
164,240,2.5
166,240,3.0
172,240,4.5
175,240,3.5
194,240,3.5
212,240,1.5
217,240,4.5
240,240,3.5
266,240,4.0
275,240,4.0
276,240,3.5
299,240,2.0
313,240,1.0
320,240,4.0
327,240,1.0
331,240,4.0
341,240,4.0
348,240,0.5
351,240,3.0
352,240,4.0
357,240,3.0
373,240,3.0
385,240,4.5
392,240,4.0
411,240,3.5
428,240,2.5
431,240,4.5
434,240,1.5
441,240,3.5
442,240,3.0
3,241,4.0
282,241,5.0
14,242,3.5
18,242,3.5
29,242,5.0
42,242,3.0
47,242,4.0
69,242,4.0
74,242,3.0
75,242,3.0
79,242,3.5
85,242,4.5
98,242,3.0
122,242,4.0
125,242,3.5
129,242,3.0
132,242,2.5
139,242,4.5
145,242,4.5
153,242,2.0
175,242,4.5
194,242,2.5
203,242,0.5
212,242,1.0
246,242,4.5
275,242,3.0
276,242,4.0
298,242,5.0
299,242,3.0
320,242,3.5
327,242,4.0
330,242,4.0
346,242,3.0
351,242,3.0
353,242,3.0
357,242,0.5
373,242,3.5
386,242,4.0
388,242,4.0
405,242,3.0
428,242,3.5
434,242,3.0
442,242,3.0
64,243,4.0
125,243,4.0
228,243,4.0
65,244,4.0
299,244,4.0
331,244,4.0
346,244,3.0
437,244,3.0
125,245,2.0
299,245,1.5
346,245,2.5
351,245,0.5
4,246,4.0
6,246,4.5
9,246,3.0
12,246,4.0
14,246,5.0
15,246,4.0
16,246,3.0
24,246,3.5
27,246,3.0
29,246,5.0
33,246,2.0
41,246,1.0
42,246,2.5
43,246,3.5
45,246,5.0
46,246,3.5
47,246,5.0
49,246,4.0
51,246,2.5
53,246,4.0
59,246,4.0
60,246,3.0
61,246,4.0
64,246,3.0
65,246,5.0
69,246,5.0
70,246,5.0
73,246,3.5
74,246,4.5
75,246,4.0
79,246,3.0
82,246,2.0
85,246,4.0
91,246,3.5
93,246,3.5
94,246,4.0
95,246,4.0
97,246,2.5
98,246,3.0
99,246,4.0
100,246,5.0
101,246,5.0
105,246,2.0
111,246,4.0
112,246,4.0
116,246,4.5
117,246,4.5
119,246,5.0
122,246,4.0
125,246,4.0
129,246,5.0
132,246,3.5
135,246,3.0
139,246,3.0
141,246,4.0
142,246,4.0
145,246,4.0
147,246,4.0
148,246,4.5
153,246,4.5
154,246,5.0
157,246,4.0
159,246,4.0
164,246,4.0
165,246,4.0
166,246,5.0
169,246,4.0
173,246,3.5
174,246,3.5
175,246,3.5
180,246,5.0
182,246,4.5
185,246,5.0
188,246,4.5
194,246,3.5
195,246,3.0
198,246,4.5
200,246,4.5
202,246,3.5
203,246,1.5
204,246,4.0
207,246,4.0
212,246,2.0
215,246,4.0
218,246,3.0
219,246,2.5
222,246,3.5
227,246,4.0
228,246,3.5
231,246,2.0
237,246,4.5
238,246,4.5
239,246,3.0
240,246,4.5
242,246,4.5
246,246,4.0
250,246,5.0
255,246,3.0
256,246,4.0
258,246,4.0
260,246,5.0
262,246,4.0
264,246,1.5
266,246,5.0
269,246,4.0
272,246,4.0
275,246,5.0
276,246,4.0
280,246,5.0
282,246,4.0
288,246,5.0
290,246,3.5
299,246,4.0
301,246,0.5
302,246,5.0
305,246,4.0
310,246,4.0
311,246,4.5
313,246,1.0
314,246,4.0
316,246,4.5
318,246,3.0
320,246,4.5
323,246,4.5
331,246,5.0
335,246,4.0
341,246,3.0
346,246,4.5
347,246,4.5
348,246,4.0
351,246,3.5
353,246,4.0
355,246,4.0
356,246,5.0
357,246,4.0
359,246,2.0
363,246,3.0
366,246,5.0
369,246,4.5
373,246,4.0
376,246,4.0
377,246,4.0
379,246,5.0
380,246,4.0
383,246,4.0
386,246,3.5
392,246,4.5
395,246,5.0
397,246,5.0
404,246,4.0
409,246,4.5
410,246,5.0
411,246,3.5
413,246,5.0
418,246,4.0
419,246,4.5
422,246,4.0
423,246,4.5
425,246,3.0
428,246,4.0
430,246,3.0
432,246,4.0
433,246,1.0
434,246,2.5
435,246,3.5
436,246,4.0
438,246,3.5
439,246,4.0
441,246,4.5
442,246,3.5
125,247,4.5
3,248,1.0
14,248,3.5
29,248,5.0
34,248,0.5
43,248,3.0
47,248,1.5
71,248,4.5
74,248,5.0
75,248,3.5
77,248,5.0
79,248,2.5
91,248,4.0
93,248,4.0
103,248,4.0
105,248,3.0
111,248,2.5
119,248,5.0
122,248,4.0
125,248,4.0
128,248,4.0
135,248,2.0
138,248,3.5
139,248,5.0
188,248,4.0
195,248,2.0
198,248,2.5
219,248,3.5
228,248,3.5
240,248,5.0
259,248,4.0
266,248,4.0
275,248,3.0
277,248,5.0
282,248,3.0
299,248,5.0
300,248,3.0
305,248,4.5
320,248,4.5
331,248,5.0
346,248,3.5
350,248,5.0
351,248,4.0
353,248,4.5
357,248,4.0
380,248,1.0
386,248,4.0
405,248,4.0
410,248,5.0
411,248,4.0
432,248,3.5
434,248,2.5
435,248,4.0
439,248,4.0
441,248,0.5
442,248,2.5
4,249,0.5
14,249,4.0
24,249,0.5
42,249,0.5
43,249,3.0
47,249,2.5
59,249,4.0
60,249,4.0
61,249,3.0
75,249,4.0
91,249,4.0
98,249,4.0
119,249,4.5
125,249,2.0
129,249,3.0
132,249,3.0
153,249,1.0
164,249,4.5
168,249,4.0
194,249,1.5
198,249,4.0
228,249,3.0
246,249,3.0
266,249,4.0
277,249,3.5
299,249,4.0
304,249,4.5
313,249,3.0
320,249,3.5
331,249,4.0
338,249,3.0
339,249,4.0
351,249,2.5
405,249,0.5
411,249,3.5
422,249,3.5
428,249,2.5
432,249,1.5
434,249,2.0
435,249,2.0
439,249,3.0
441,249,3.0
442,249,2.5
125,250,3.5
439,250,3.5
195,251,5.0
282,251,5.0
297,251,5.0
299,251,4.0
331,251,4.0
34,252,2.5
65,252,1.0
79,252,2.0
159,252,2.0
194,252,2.0
212,252,1.5
219,252,2.5
266,252,3.0
327,252,2.0
351,252,2.5
435,252,2.5
432,253,4.5
21,254,2.5
43,254,2.5
47,254,3.5
75,254,4.0
86,254,4.0
112,254,2.0
125,254,2.0
153,254,3.5
156,254,3.5
164,254,2.5
175,254,4.0
182,254,4.0
194,254,3.5
204,254,2.0
212,254,2.0
275,254,4.0
276,254,2.0
299,254,2.0
320,254,3.0
327,254,2.0
347,254,4.5
348,254,3.0
351,254,3.0
353,254,3.0
411,254,3.0
441,254,4.0
442,254,3.0
14,255,3.5
21,255,1.0
34,255,3.0
42,255,4.0
47,255,3.5
59,255,3.5
75,255,3.0
85,255,4.0
125,255,2.5
135,255,3.0
138,255,3.0
153,255,2.5
159,255,3.0
164,255,4.0
175,255,3.5
182,255,4.0
194,255,3.5
204,255,3.0
212,255,2.0
256,255,4.0
275,255,3.0
284,255,2.0
295,255,4.0
299,255,4.0
311,255,0.5
320,255,3.5
327,255,2.0
331,255,4.0
353,255,2.5
397,255,4.0
428,255,3.0
434,255,2.5
441,255,4.5
442,255,2.5
195,256,5.0
299,256,3.0
437,256,4.0
3,257,4.0
164,257,3.5
346,257,4.0
14,258,1.5
47,258,3.0
122,258,4.0
129,258,3.0
164,258,2.5
194,258,3.0
275,258,5.0
290,258,4.5
299,258,3.0
320,258,3.0
335,258,4.0
346,258,3.0
347,258,4.5
373,258,2.5
386,258,2.5
392,258,4.5
432,258,4.0
438,258,3.0
441,258,3.0
14,259,0.5
24,259,4.5
28,259,3.0
41,259,3.5
47,259,3.0
59,259,4.5
69,259,4.0
75,259,3.5
79,259,3.5
85,259,4.0
97,259,1.5
112,259,1.0
125,259,1.5
139,259,2.5
146,259,2.5
159,259,2.5
164,259,3.5
175,259,3.5
194,259,3.0
239,259,1.5
275,259,4.0
276,259,4.0
299,259,2.0
320,259,1.5
327,259,1.0
330,259,5.0
341,259,4.0
347,259,4.0
351,259,1.5
352,259,4.0
353,259,3.0
386,259,3.5
411,259,2.5
419,259,3.0
422,259,4.0
428,259,2.0
434,259,2.5
439,259,2.0
441,259,3.5
442,259,2.0
98,260,2.0
122,260,2.0
148,260,3.0
164,260,2.5
194,260,2.5
253,260,3.5
275,260,1.0
320,260,2.5
327,260,3.0
380,260,2.0
442,260,2.0
14,261,2.0
24,261,3.0
29,261,5.0
43,261,2.5
47,261,3.5
53,261,2.5
59,261,3.5
65,261,3.5
75,261,4.0
85,261,5.0
98,261,3.0
117,261,1.0
119,261,3.0
125,261,1.5
135,261,3.0
139,261,3.5
153,261,2.5
159,261,2.5
164,261,2.5
175,261,3.5
194,261,3.0
200,261,3.0
217,261,4.0
228,261,2.5
246,261,3.0
275,261,3.0
299,261,3.0
300,261,3.0
313,261,2.5
320,261,3.0
327,261,2.0
330,261,4.0
341,261,3.0
347,261,4.5
351,261,2.5
362,261,5.0
392,261,4.5
397,261,0.5
404,261,4.0
412,261,2.5
428,261,1.5
434,261,2.5
437,261,4.0
441,261,4.0
442,261,3.0
4,262,4.5
9,262,4.0
14,262,3.0
21,262,3.0
43,262,3.5
48,262,2.0
60,262,3.5
67,262,3.5
85,262,3.5
91,262,2.5
112,262,4.0
125,262,3.0
137,262,4.0
138,262,3.0
145,262,4.0
162,262,4.0
164,262,3.5
169,262,1.0
175,262,3.5
192,262,3.0
194,262,3.0
204,262,3.0
217,262,4.0
224,262,4.0
225,262,3.0
246,262,5.0
257,262,3.5
258,262,4.0
273,262,3.5
275,262,3.0
276,262,3.0
279,262,3.0
299,262,4.0
314,262,3.0
320,262,3.0
327,262,2.5
330,262,3.0
346,262,4.5
347,262,5.0
348,262,3.5
351,262,3.5
353,262,4.0
357,262,1.5
362,262,1.5
383,262,4.0
386,262,2.5
392,262,4.0
397,262,5.0
422,262,3.0
432,262,3.0
434,262,2.5
435,262,3.5
438,262,1.0
439,262,3.5
441,262,4.5
442,262,3.5
219,263,0.5
47,264,3.0
77,264,5.0
299,264,4.0
346,264,3.0
350,264,2.0
119,265,4.5
194,265,2.0
219,265,3.0
14,266,3.5
21,266,3.0
47,266,2.0
67,266,4.0
108,266,4.5
125,266,3.5
138,266,4.0
195,266,5.0
249,266,4.0
299,266,4.0
346,266,3.0
434,266,3.5
437,266,4.0
442,266,4.0
43,267,5.0
234,267,4.0
299,267,5.0
346,267,4.0
434,267,3.0
435,267,3.0
437,267,3.0
3,268,3.0
112,268,5.0
137,268,2.0
439,268,3.5
12,269,4.0
125,269,2.5
411,269,4.0
422,269,3.0
439,269,4.0
195,270,3.0
59,271,2.5
65,271,4.0
69,271,4.0
75,271,3.0
122,271,2.0
164,271,3.0
194,271,3.5
207,271,3.0
275,271,3.0
434,271,1.0
441,271,2.0
47,272,3.5
85,272,4.5
135,272,4.0
230,272,4.0
275,272,4.0
299,272,4.0
320,272,3.0
434,272,3.5
442,272,3.5
47,273,2.0
59,273,4.0
64,273,2.5
73,273,3.0
75,273,4.0
79,273,0.5
122,273,2.5
137,273,1.0
153,273,0.5
156,273,2.5
164,273,3.0
175,273,3.0
182,273,3.0
194,273,3.0
212,273,2.0
236,273,5.0
299,273,2.0
320,273,2.5
327,273,2.0
354,273,3.5
373,273,2.5
398,273,5.0
419,273,4.0
434,273,1.5
441,273,2.0
442,273,2.5
125,274,5.0
135,274,3.0
299,274,2.5
352,274,4.0
279,275,3.0
437,275,4.0
14,276,3.5
15,276,3.5
21,276,3.5
24,276,5.0
85,276,3.5
91,276,4.0
125,276,3.0
153,276,4.0
159,276,3.5
164,276,2.5
175,276,3.5
194,276,2.0
239,276,2.0
275,276,3.0
284,276,3.5
299,276,4.0
313,276,3.5
314,276,2.0
320,276,3.5
330,276,4.0
347,276,5.0
348,276,3.0
353,276,4.0
373,276,3.0
392,276,4.0
397,276,3.5
411,276,3.0
434,276,1.5
439,276,2.5
441,276,4.5
442,276,3.0
6,277,4.5
14,277,3.0
24,277,4.0
34,277,3.0
47,277,4.0
51,277,3.5
64,277,2.5
74,277,4.0
79,277,3.5
91,277,3.5
93,277,2.5
98,277,3.5
99,277,2.5
100,277,5.0
111,277,2.5
117,277,0.5
122,277,4.0
132,277,3.5
139,277,4.5
155,277,3.0
164,277,3.0
182,277,4.0
194,277,1.5
198,277,3.5
200,277,3.0
201,277,2.5
212,277,1.0
219,277,1.5
220,277,3.5
228,277,3.0
239,277,1.5
240,277,3.5
247,277,4.0
256,277,3.5
258,277,4.0
264,277,3.5
266,277,5.0
276,277,3.0
277,277,3.5
279,277,2.5
299,277,3.0
300,277,3.0
314,277,3.0
320,277,3.5
327,277,1.5
331,277,4.0
346,277,4.0
351,277,3.0
353,277,3.0
354,277,4.0
357,277,2.5
358,277,2.0
369,277,3.5
373,277,3.5
382,277,3.5
383,277,4.0
386,277,4.5
390,277,3.0
411,277,3.5
414,277,4.0
422,277,1.0
428,277,3.0
435,277,2.5
441,277,2.0
43,278,3.5
48,278,4.0
65,278,4.0
79,278,3.0
98,278,3.0
125,278,4.0
135,278,4.0
137,278,2.0
153,278,4.0
194,278,3.0
195,278,4.0
212,278,2.5
219,278,4.0
299,278,4.0
320,278,4.0
327,278,3.0
331,278,3.0
346,278,4.0
441,278,4.5
442,278,3.5
14,279,2.0
112,280,5.0
130,280,4.0
299,280,4.0
309,280,4.5
368,280,3.0
437,280,4.0
442,280,1.0
299,281,3.5
125,282,3.0
135,282,4.0
299,282,2.0
351,282,1.5
434,282,2.5
441,282,3.0
320,283,3.5
14,284,1.5
15,284,4.0
29,284,3.0
47,284,2.0
69,284,4.0
94,284,2.0
112,284,0.5
125,284,2.0
153,284,2.0
164,284,3.5
166,284,4.0
175,284,3.0
194,284,2.5
207,284,4.0
228,284,3.0
239,284,2.0
266,284,4.0
275,284,4.0
277,284,3.5
299,284,3.0
313,284,2.0
320,284,2.5
327,284,4.0
346,284,2.0
348,284,3.0
351,284,2.0
353,284,2.0
354,284,4.0
355,284,2.0
377,284,3.0
388,284,5.0
392,284,4.0
405,284,1.0
439,284,2.5
441,284,3.0
442,284,3.0
47,285,2.5
74,285,3.0
77,285,3.0
119,285,4.5
139,285,3.0
212,285,0.5
217,285,4.0
266,285,2.0
299,285,1.0
320,285,2.5
346,285,2.5
351,285,1.5
354,285,2.5
369,285,3.5
386,285,2.5
434,285,2.0
435,285,2.0
438,285,4.0
125,286,3.0
130,286,5.0
299,286,3.0
437,286,4.0
3,287,1.0
14,287,3.0
43,287,3.5
64,287,2.5
65,287,1.5
74,287,2.5
86,287,4.5
93,287,4.0
125,287,4.0
130,287,4.5
135,287,3.0
138,287,4.0
155,287,4.0
175,287,3.0
186,287,5.0
212,287,3.5
219,287,3.5
226,287,3.0
228,287,4.0
252,287,3.5
257,287,3.0
279,287,4.0
299,287,5.0
337,287,2.5
346,287,4.0
348,287,4.0
351,287,3.5
368,287,4.0
412,287,4.0
434,287,3.0
435,287,4.0
437,287,4.0
441,287,3.0
442,287,3.5
125,288,4.5
155,288,4.5
179,288,4.5
203,288,5.0
219,288,2.0
257,288,5.0
299,288,4.0
365,288,5.0
386,288,4.0
435,288,5.0
441,288,2.5
4,289,1.0
12,289,3.0
14,289,3.0
24,289,4.0
47,289,2.0
48,289,4.0
69,289,4.0
71,289,4.0
85,289,4.0
86,289,4.0
89,289,4.0
93,289,1.0
112,289,0.5
125,289,3.0
129,289,4.0
153,289,2.5
164,289,3.0
175,289,3.0
182,289,3.5
194,289,2.0
204,289,3.0
207,289,3.0
212,289,2.0
219,289,3.0
224,289,3.0
225,289,3.0
228,289,3.5
234,289,2.0
264,289,2.5
275,289,3.0
276,289,2.0
279,289,3.0
299,289,4.0
313,289,0.5
320,289,3.0
327,289,1.5
330,289,5.0
341,289,3.5
348,289,3.5
350,289,2.0
351,289,2.5
353,289,1.5
357,289,0.5
362,289,4.0
428,289,2.5
435,289,2.0
437,289,1.0
441,289,3.0
442,289,2.0
125,290,3.5
346,290,3.0
439,290,4.5
380,291,1.5
79,292,4.5
153,292,4.0
164,292,2.5
198,292,4.0
295,292,3.5
299,292,2.0
351,292,5.0
125,293,3.5
279,293,2.0
4,294,1.5
14,294,4.0
15,294,3.0
47,294,2.5
64,294,1.5
74,294,4.0
79,294,3.0
93,294,3.0
98,294,3.0
122,294,4.0
164,294,2.5
194,294,2.5
212,294,0.5
217,294,3.0
218,294,3.0
258,294,4.0
266,294,5.0
277,294,3.5
320,294,3.5
346,294,3.5
350,294,4.0
357,294,2.0
369,294,3.0
373,294,3.5
386,294,3.5
414,294,3.5
434,294,2.0
15,295,3.5
18,295,3.5
43,295,3.0
47,295,2.0
59,295,4.0
64,295,4.0
69,295,3.0
153,295,2.5
164,295,3.0
175,295,4.0
182,295,4.5
194,295,3.0
207,295,3.0
275,295,3.0
277,295,3.5
295,295,4.0
313,295,3.0
320,295,4.0
331,295,5.0
341,295,3.5
347,295,4.0
351,295,2.5
353,295,3.5
360,295,5.0
362,295,3.0
392,295,4.0
404,295,3.5
405,295,2.0
428,295,2.5
434,295,2.5
442,295,3.0
14,296,3.0
15,296,4.5
29,296,5.0
47,296,4.5
59,296,3.5
75,296,3.5
79,296,2.0
85,296,4.0
99,296,2.5
119,296,4.5
123,296,2.5
137,296,1.0
155,296,2.5
156,296,3.5
164,296,3.5
169,296,3.5
175,296,3.5
182,296,4.0
194,296,2.0
200,296,3.0
202,296,0.5
212,296,3.0
219,296,2.5
236,296,5.0
246,296,3.5
254,296,2.0
256,296,3.5
261,296,4.0
299,296,5.0
320,296,4.0
327,296,3.0
330,296,5.0
341,296,4.0
350,296,3.0
351,296,1.5
353,296,2.5
354,296,4.0
373,296,2.0
386,296,1.0
419,296,4.5
428,296,1.0
434,296,1.5
435,296,1.5
439,296,1.0
442,296,3.5
98,297,2.0
122,297,1.5
164,297,3.0
204,297,3.0
277,297,3.5
320,297,3.0
434,297,1.5
441,297,3.5
9,298,5.0
14,298,3.5
24,298,4.0
27,298,3.5
43,298,3.5
45,298,3.5
47,298,3.0
58,298,4.0
60,298,0.5
65,298,4.5
70,298,5.0
75,298,4.5
93,298,3.5
97,298,2.5
122,298,3.0
125,298,4.5
130,298,4.5
135,298,5.0
164,298,4.0
172,298,5.0
194,298,3.5
204,298,3.0
212,298,0.5
218,298,3.0
219,298,2.5
224,298,4.0
226,298,2.5
242,298,3.5
246,298,5.0
250,298,1.0
254,298,3.5
258,298,4.5
276,298,4.5
284,298,3.0
299,298,3.0
309,298,3.5
310,298,3.5
316,298,4.5
346,298,3.5
353,298,5.0
354,298,2.0
355,298,3.0
357,298,3.5
386,298,4.0
388,298,4.0
411,298,4.0
413,298,4.0
419,298,4.5
432,298,4.5
434,298,2.5
435,298,3.0
437,298,4.0
439,298,4.5
441,298,4.5
442,298,4.0
299,299,3.0
320,299,4.0
351,299,0.5
442,299,1.0
139,300,3.0
125,301,2.5
135,301,1.0
346,301,2.0
348,302,4.0
437,302,4.0
441,302,2.5
442,302,4.0
98,303,3.0
125,303,3.5
351,303,2.5
439,303,3.5
12,304,3.0
64,304,3.0
75,304,3.5
108,304,2.5
119,304,4.0
125,304,1.5
164,304,3.0
194,304,3.0
195,304,5.0
275,304,4.0
299,304,3.0
327,304,2.5
351,304,1.5
362,304,4.0
386,304,1.5
392,304,4.5
434,304,2.0
442,304,3.5
67,305,1.0
93,305,2.0
194,305,1.5
219,305,2.0
279,305,3.0
304,305,2.5
327,305,1.5
351,305,2.0
434,305,1.5
212,306,3.0
351,306,4.0
441,306,0.5
14,307,1.0
29,307,5.0
42,307,3.5
43,307,2.0
47,307,3.0
73,307,4.0
75,307,4.0
79,307,3.0
97,307,1.5
108,307,3.0
123,307,4.0
125,307,1.5
132,307,3.0
153,307,2.5
159,307,4.5
182,307,3.5
194,307,3.5
212,307,4.0
279,307,2.5
299,307,2.0
313,307,3.5
320,307,3.5
327,307,4.5
330,307,5.0
348,307,4.0
351,307,1.0
354,307,4.0
362,307,3.5
384,307,3.5
386,307,4.0
405,307,3.5
434,307,2.5
435,307,2.5
441,307,1.5
112,308,4.5
125,308,0.5
194,308,2.5
275,308,3.0
442,308,2.5
98,309,3.0
299,309,1.5
320,309,3.5
89,310,4.0
125,310,4.5
346,310,3.5
437,310,4.0
74,311,3.5
3,312,3.0
74,312,4.0
93,312,3.0
242,312,3.5
252,312,4.0
337,312,4.5
437,312,4.0
320,313,3.5
437,313,3.0
48,314,2.0
194,314,3.0
219,314,1.5
224,314,3.0
275,314,4.0
435,314,0.5
442,314,3.5
299,315,4.0
313,315,4.0
437,315,4.0
439,315,2.5
327,316,1.0
351,316,2.0
212,317,2.5
299,317,3.0
437,317,2.0
354,318,4.0
3,319,5.0
299,319,4.0
437,319,4.0
437,320,4.0
346,321,3.0
125,322,2.5
164,322,3.0
194,323,2.5
219,323,1.5
299,323,4.0
21,324,3.5
43,325,3.0
125,325,3.0
299,325,2.0
437,325,4.0
65,326,1.0
98,326,2.5
125,326,2.5
299,326,3.0
351,326,2.5
434,326,1.5
327,327,0.5
14,328,3.5
21,328,2.0
30,328,3.5
43,328,4.0
47,328,4.5
58,328,4.5
75,328,4.0
85,328,4.0
86,328,5.0
87,328,4.0
94,328,5.0
98,328,4.0
125,328,3.0
132,328,3.5
137,328,4.0
138,328,3.0
153,328,3.5
159,328,3.0
164,328,4.5
169,328,4.0
175,328,4.0
194,328,3.5
200,328,4.5
204,328,2.0
207,328,2.0
217,328,4.5
219,328,4.0
227,328,4.0
228,328,4.0
256,328,4.0
299,328,4.0
313,328,4.0
320,328,3.0
327,328,3.0
346,328,3.5
351,328,4.0
354,328,3.0
362,328,5.0
369,328,3.5
401,328,5.0
405,328,3.0
412,328,4.0
413,328,4.0
419,328,4.5
422,328,3.5
426,328,4.0
428,328,3.5
434,328,3.0
437,328,4.0
441,328,4.5
442,328,4.5
299,329,2.5
299,330,2.0
437,330,2.0
159,331,2.0
299,331,3.0
14,332,3.5
275,333,3.0
327,333,2.0
330,333,4.0
434,333,2.5
435,333,1.0
125,334,3.0
204,334,4.0
299,334,3.0
346,334,3.0
437,334,1.0
442,334,3.5
12,335,3.0
14,335,3.5
27,335,5.0
42,335,2.5
43,335,3.5
47,335,4.0
59,335,4.0
73,335,3.5
79,335,3.0
86,335,4.5
99,335,3.5
125,335,3.5
139,335,5.0
153,335,4.5
156,335,4.5
159,335,3.0
164,335,4.0
175,335,4.0
194,335,3.5
195,335,5.0
197,335,4.0
198,335,4.0
200,335,2.5
204,335,3.0
207,335,2.0
226,335,3.0
239,335,3.0
247,335,4.0
252,335,3.0
276,335,2.0
279,335,3.0
298,335,0.5
299,335,4.0
304,335,4.0
305,335,4.0
309,335,3.0
311,335,2.0
320,335,2.5
327,335,3.0
351,335,4.5
353,335,5.0
354,335,4.5
357,335,1.5
362,335,5.0
386,335,4.0
392,335,4.0
397,335,1.5
411,335,4.0
412,335,3.0
419,335,5.0
428,335,2.5
435,335,4.5
441,335,3.0
442,335,4.0
299,336,2.0
14,337,0.5
194,337,3.5
275,337,5.0
441,337,2.5
442,337,4.0
98,338,3.0
164,338,2.5
299,338,2.0
47,339,3.0
75,339,3.5
77,339,3.0
111,339,3.0
119,339,4.0
122,339,3.5
125,339,3.0
137,339,1.0
139,339,4.0
164,339,3.5
212,339,1.5
276,339,3.0
299,339,2.0
320,339,4.5
346,339,4.0
351,339,2.5
353,339,3.5
354,339,4.5
369,339,2.5
386,339,3.0
413,339,5.0
428,339,2.5
431,339,5.0
437,339,1.0
439,339,2.5
228,340,3.0
4,341,1.5
93,341,4.0
98,341,4.0
156,341,2.5
299,341,2.0
327,341,2.0
212,342,0.5
309,342,3.0
434,342,0.5
299,343,2.5
439,343,3.5
14,344,1.5
16,344,4.5
27,344,5.0
48,344,4.0
58,344,4.0
73,344,5.0
89,344,4.5
93,344,4.5
98,344,4.0
105,344,2.5
125,344,5.0
130,344,5.0
132,344,4.0
138,344,3.0
153,344,4.0
168,344,4.0
172,344,5.0
186,344,3.0
194,344,4.0
195,344,4.0
202,344,5.0
203,344,4.0
204,344,3.5
214,344,4.0
219,344,3.0
225,344,4.0
227,344,3.0
228,344,4.0
234,344,4.0
246,344,5.0
250,344,1.5
258,344,4.0
279,344,5.0
282,344,5.0
284,344,3.0
292,344,4.5
299,344,4.0
301,344,4.0
303,344,3.0
309,344,3.5
327,344,3.0
346,344,3.5
351,344,3.5
357,344,2.0
373,344,3.5
405,344,4.0
412,344,2.0
422,344,4.0
434,344,4.5
439,344,3.5
442,344,5.0
125,345,4.0
299,345,3.0
434,345,3.0
168,346,3.0
219,346,1.0
442,346,1.0
14,347,3.0
34,347,5.0
43,347,4.0
47,347,2.5
75,347,4.0
79,347,3.0
93,347,3.0
97,347,1.5
116,347,4.0
125,347,2.5
175,347,3.5
204,347,3.5
225,347,4.0
252,347,3.0
253,347,5.0
254,347,4.0
299,347,5.0
316,347,4.0
351,347,4.5
441,347,4.0
98,348,3.0
112,348,2.0
165,348,1.0
299,348,3.0
320,348,3.0
327,348,3.5
441,348,4.0
442,348,3.0
119,349,3.5
219,349,2.5
299,349,3.0
351,349,2.5
357,349,4.0
346,350,3.5
73,351,5.0
86,351,4.5
125,351,4.5
195,351,2.0
200,351,4.5
212,351,3.0
228,351,4.0
276,351,4.5
299,351,5.0
318,351,4.5
345,351,4.0
346,351,2.0
348,351,4.0
351,351,3.0
366,351,1.0
434,351,3.5
435,351,4.0
441,351,3.0
442,351,4.0
4,352,3.0
21,352,3.0
24,352,1.0
42,352,3.5
48,352,5.0
75,352,5.0
86,352,4.5
93,352,4.5
98,352,4.0
125,352,4.5
159,352,3.0
164,352,4.0
182,352,4.0
194,352,1.0
200,352,4.0
204,352,4.0
224,352,3.0
225,352,3.0
246,352,4.0
275,352,4.0
299,352,3.0
312,352,3.5
320,352,2.5
327,352,2.0
330,352,4.0
346,352,2.5
348,352,4.0
357,352,4.0
392,352,4.5
422,352,4.5
428,352,3.0
434,352,2.5
441,352,3.0
34,353,3.0
47,353,2.5
48,353,3.0
153,353,1.5
194,353,3.0
219,353,2.0
254,353,2.5
275,353,3.0
279,353,2.0
312,353,1.0
441,353,3.5
442,353,2.5
47,354,3.5
10,355,3.5
16,355,1.5
21,355,4.0
27,355,5.0
30,355,0.5
34,355,4.0
40,355,4.0
41,355,4.0
42,355,3.0
43,355,4.0
47,355,2.5
51,355,5.0
52,355,4.0
54,355,2.5
55,355,1.0
58,355,5.0
63,355,4.5
65,355,4.0
67,355,4.0
75,355,5.0
77,355,5.0
79,355,4.0
89,355,4.5
91,355,2.5
92,355,1.5
93,355,3.5
105,355,4.5
116,355,4.0
117,355,3.0
125,355,4.5
128,355,4.0
130,355,3.5
132,355,3.5
133,355,4.0
139,355,5.0
142,355,5.0
149,355,4.0
153,355,3.5
155,355,3.5
159,355,3.5
169,355,4.0
170,355,3.5
173,355,5.0
175,355,4.0
180,355,4.5
186,355,4.0
187,355,5.0
194,355,4.5
198,355,3.5
203,355,4.5
212,355,3.5
217,355,5.0
219,355,5.0
224,355,4.0
228,355,3.0
237,355,1.0
238,355,4.5
242,355,3.5
246,355,4.5
249,355,4.5
250,355,2.0
252,355,4.0
254,355,3.5
256,355,4.5
257,355,5.0
258,355,5.0
268,355,4.0
269,355,4.0
275,355,4.0
276,355,5.0
279,355,4.5
284,355,5.0
289,355,4.5
292,355,4.0
299,355,5.0
302,355,5.0
303,355,5.0
304,355,4.5
305,355,4.0
313,355,4.5
318,355,5.0
322,355,4.5
326,355,4.0
327,355,4.0
332,355,3.5
335,355,4.5
337,355,2.0
345,355,4.0
346,355,4.5
348,355,5.0
351,355,5.0
355,355,4.0
368,355,2.5
373,355,4.0
384,355,4.0
386,355,4.0
405,355,5.0
411,355,3.5
412,355,5.0
416,355,3.5
418,355,4.5
419,355,4.5
422,355,4.0
426,355,3.0
428,355,3.0
432,355,5.0
434,355,3.5
441,355,4.5
442,355,5.0
125,356,3.0
48,357,5.0
98,357,4.0
119,357,4.0
169,357,4.5
198,357,5.0
204,357,2.0
299,357,4.0
345,357,3.5
434,357,3.0
3,358,3.0
21,358,2.5
73,358,5.0
78,358,4.0
94,358,3.0
125,358,4.5
138,358,4.0
172,358,4.0
204,358,4.0
279,358,3.5
282,358,3.0
299,358,5.0
327,358,3.0
346,358,4.0
434,358,3.0
439,358,4.5
442,358,3.5
439,359,4.0
219,360,2.0
4,361,4.0
9,361,3.5
12,361,4.0
14,361,4.0
15,361,3.5
16,361,3.5
29,361,5.0
31,361,5.0
33,361,3.0
34,361,4.0
42,361,3.5
43,361,4.0
45,361,4.5
46,361,4.5
47,361,4.5
51,361,4.0
58,361,4.0
59,361,1.5
61,361,4.0
64,361,4.5
65,361,4.0
73,361,3.5
74,361,4.0
75,361,3.5
79,361,3.0
85,361,4.5
86,361,5.0
87,361,4.0
91,361,4.0
93,361,3.0
97,361,3.0
98,361,4.0
99,361,4.0
103,361,3.0
111,361,4.0
116,361,4.0
117,361,4.5
119,361,5.0
122,361,5.0
125,361,4.5
132,361,4.0
137,361,3.0
139,361,3.5
141,361,4.0
142,361,3.5
153,361,3.5
154,361,4.0
157,361,4.0
159,361,4.0
164,361,4.0
169,361,4.5
172,361,4.5
173,361,4.0
174,361,3.5
175,361,4.0
176,361,4.0
180,361,4.0
185,361,4.0
188,361,4.5
189,361,5.0
194,361,3.5
195,361,4.0
197,361,3.0
200,361,4.5
204,361,4.5
207,361,4.0
212,361,3.0
218,361,3.0
219,361,3.0
220,361,4.0
221,361,4.0
228,361,3.5
238,361,5.0
239,361,3.0
242,361,3.5
244,361,5.0
246,361,4.0
258,361,4.0
264,361,4.0
275,361,5.0
276,361,4.0
282,361,3.0
285,361,4.0
288,361,4.0
290,361,3.5
299,361,4.0
301,361,0.5
305,361,3.0
310,361,4.0
311,361,5.0
313,361,2.0
316,361,4.0
318,361,4.5
320,361,4.0
327,361,4.0
334,361,4.5
335,361,4.0
337,361,1.5
343,361,4.0
346,361,3.0
347,361,4.5
350,361,5.0
351,361,2.5
353,361,4.5
355,361,3.5
356,361,5.0
373,361,3.5
380,361,2.0
383,361,4.0
386,361,3.5
389,361,3.5
391,361,5.0
392,361,4.0
395,361,4.5
396,361,3.5
397,361,3.5
398,361,5.0
410,361,4.0
412,361,4.0
413,361,4.5
418,361,3.5
419,361,4.0
423,361,4.5
427,361,5.0
432,361,3.5
434,361,2.5
435,361,3.0
436,361,5.0
438,361,3.0
439,361,4.0
441,361,4.0
442,361,4.0
58,362,4.0
112,362,0.5
153,362,0.5
194,362,3.5
240,362,2.5
275,362,4.0
299,362,2.0
312,362,2.0
320,362,3.0
330,362,4.0
392,362,4.0
434,362,2.5
441,362,3.5
442,362,2.5
125,363,4.5
268,363,4.0
299,363,4.0
346,363,3.0
77,364,3.0
98,364,3.0
125,364,3.5
234,364,3.0
299,364,4.0
320,364,4.0
346,364,3.5
27,365,3.0
42,365,2.0
47,365,4.5
64,365,2.5
75,365,3.5
79,365,3.0
119,365,4.0
153,365,1.0
164,365,3.0
194,365,2.0
204,365,4.0
212,365,2.5
275,365,2.0
276,365,3.5
277,365,3.5
298,365,5.0
299,365,4.0
313,365,2.0
320,365,2.5
327,365,2.5
346,365,3.5
350,365,3.0
351,365,3.5
354,365,3.5
362,365,2.5
428,365,2.0
434,365,2.5
435,365,3.0
439,365,3.0
441,365,4.0
442,365,3.5
3,366,4.0
4,366,4.0
12,366,3.5
14,366,4.5
15,366,4.0
29,366,4.0
33,366,2.5
41,366,4.5
42,366,1.5
43,366,3.5
47,366,5.0
65,366,4.0
73,366,2.5
74,366,4.5
75,366,3.5
76,366,5.0
79,366,4.0
82,366,4.0
91,366,4.0
93,366,3.0
94,366,4.0
98,366,3.0
99,366,3.0
103,366,4.0
105,366,3.0
106,366,5.0
117,366,4.5
119,366,4.5
122,366,5.0
125,366,4.0
127,366,3.5
129,366,4.0
132,366,5.0
139,366,4.0
141,366,3.5
143,366,4.5
145,366,4.5
147,366,3.5
153,366,2.5
154,366,5.0
157,366,4.0
159,366,3.5
164,366,3.5
169,366,4.0
172,366,4.0
173,366,3.5
175,366,4.0
188,366,4.0
189,366,4.5
194,366,2.0
198,366,4.0
204,366,3.5
206,366,5.0
207,366,4.0
212,366,3.0
215,366,4.0
217,366,3.0
219,366,3.0
228,366,3.0
237,366,4.0
238,366,4.5
242,366,3.5
246,366,2.5
258,366,3.5
264,366,2.5
272,366,4.5
275,366,3.0
276,366,4.0
277,366,4.5
279,366,3.0
299,366,2.0
302,366,5.0
310,366,3.5
311,366,5.0
312,366,2.0
313,366,3.0
318,366,2.5
320,366,4.0
326,366,3.0
327,366,3.0
341,366,5.0
346,366,4.5
347,366,5.0
351,366,3.5
353,366,4.5
357,366,3.5
358,366,3.0
359,366,5.0
373,366,3.5
380,366,4.0
386,366,3.0
388,366,5.0
392,366,4.0
405,366,3.5
408,366,5.0
409,366,4.5
411,366,3.0
423,366,5.0
428,366,3.5
430,366,2.0
432,366,3.5
434,366,3.0
435,366,4.0
438,366,3.5
439,366,4.0
441,366,3.0
442,366,4.0
125,367,3.0
204,367,2.5
299,367,2.5
434,367,2.5
64,368,2.0
194,368,1.5
207,368,3.0
299,368,2.0
351,368,1.5
401,368,4.0
438,368,2.5
442,368,1.0
79,369,4.0
212,369,2.5
299,369,4.0
320,369,3.0
351,369,1.5
14,370,3.5
29,370,5.0
35,370,5.0
47,370,2.5
61,370,4.0
67,370,4.0
98,370,3.0
125,370,3.0
153,370,4.0
168,370,4.0
195,370,3.0
202,370,4.0
207,370,4.0
225,370,2.0
227,370,3.0
282,370,3.0
299,370,3.0
310,370,4.0
320,370,4.0
327,370,2.5
351,370,3.0
374,370,3.0
422,370,4.0
434,370,2.5
439,370,3.5
441,370,4.0
442,370,3.5
3,371,4.0
130,371,4.5
238,371,4.0
279,371,3.0
299,371,4.0
346,371,4.0
431,371,0.5
434,371,3.0
439,371,2.5
442,371,4.0
16,372,4.0
98,372,4.0
137,372,3.0
195,372,4.0
203,372,1.0
282,372,2.0
299,372,4.0
346,372,3.5
410,372,2.0
434,372,2.5
299,373,2.0
29,374,4.0
47,374,3.0
98,374,3.0
119,374,3.5
164,374,3.5
168,374,4.0
194,374,2.5
212,374,1.0
228,374,3.5
253,374,4.0
299,374,3.0
300,374,3.5
304,374,4.0
312,374,3.0
320,374,3.0
351,374,3.0
362,374,3.0
392,374,3.0
427,374,4.0
442,374,3.5
125,375,3.5
188,375,3.0
299,376,2.5
299,377,2.0
4,378,4.0
12,378,4.0
15,378,4.5
27,378,3.0
29,378,5.0
41,378,4.5
42,378,4.0
47,378,3.5
48,378,3.0
54,378,3.5
58,378,4.5
60,378,3.0
61,378,4.5
63,378,4.5
65,378,3.5
69,378,5.0
74,378,3.5
75,378,4.0
79,378,4.5
84,378,4.0
85,378,5.0
86,378,4.0
91,378,4.0
93,378,3.0
95,378,2.5
98,378,3.0
99,378,4.0
115,378,5.0
116,378,4.5
117,378,4.5
119,378,4.5
122,378,4.0
125,378,4.0
132,378,3.0
136,378,3.5
137,378,4.0
138,378,3.5
139,378,4.0
149,378,4.0
153,378,5.0
156,378,4.0
159,378,4.5
164,378,4.0
169,378,4.0
172,378,4.5
175,378,4.0
182,378,4.5
185,378,4.0
187,378,4.5
194,378,4.0
195,378,4.0
198,378,4.5
200,378,4.0
202,378,4.0
203,378,2.0
204,378,3.5
207,378,3.0
212,378,2.5
215,378,4.0
217,378,4.0
218,378,3.0
220,378,1.0
222,378,4.0
234,378,3.0
237,378,3.0
238,378,3.5
239,378,4.0
240,378,3.5
242,378,3.5
254,378,4.0
256,378,3.5
258,378,4.5
261,378,4.5
264,378,2.5
275,378,3.0
276,378,4.0
279,378,3.5
284,378,5.0
299,378,4.0
310,378,4.0
312,378,4.0
316,378,3.5
318,378,4.0
320,378,4.0
327,378,4.0
330,378,4.0
335,378,4.0
339,378,4.0
341,378,5.0
346,378,4.0
351,378,3.5
353,378,4.0
355,378,2.5
357,378,3.5
362,378,5.0
373,378,3.5
380,378,0.5
382,378,4.0
384,378,4.5
386,378,4.5
392,378,4.0
393,378,5.0
397,378,5.0
406,378,4.5
411,378,4.0
412,378,3.5
413,378,4.5
422,378,4.0
427,378,4.0
428,378,3.5
430,378,2.5
432,378,3.5
433,378,4.0
434,378,4.0
435,378,1.0
436,378,4.5
439,378,4.0
441,378,4.5
442,378,4.0
43,379,3.5
282,380,3.0
299,380,4.0
3,381,5.0
123,381,5.0
130,381,4.5
195,381,5.0
228,381,4.0
235,381,4.0
282,381,3.0
299,381,4.0
301,381,4.0
310,381,4.0
337,381,4.0
346,381,3.5
439,381,4.5
10,382,4.0
12,382,4.0
15,382,3.0
17,382,3.5
18,382,3.5
24,382,4.0
27,382,4.0
41,382,4.5
43,382,5.0
47,382,2.0
50,382,5.0
52,382,5.0
55,382,2.5
60,382,5.0
62,382,5.0
64,382,2.0
67,382,5.0
73,382,5.0
74,382,5.0
75,382,4.0
77,382,5.0
78,382,5.0
89,382,0.5
93,382,4.0
99,382,3.5
101,382,4.0
105,382,5.0
108,382,4.0
116,382,5.0
118,382,3.5
123,382,5.0
125,382,4.5
132,382,5.0
137,382,4.0
138,382,2.5
139,382,5.0
142,382,4.0
149,382,4.5
155,382,5.0
156,382,3.0
157,382,5.0
165,382,4.0
170,382,5.0
172,382,4.0
179,382,5.0
180,382,4.5
182,382,4.0
186,382,3.5
188,382,4.0
195,382,5.0
198,382,4.0
202,382,5.0
203,382,5.0
210,382,4.5
212,382,3.0
214,382,4.0
215,382,4.0
217,382,5.0
227,382,5.0
228,382,4.0
231,382,4.5
235,382,4.0
237,382,4.5
239,382,4.0
240,382,4.0
242,382,4.0
244,382,5.0
246,382,5.0
250,382,4.0
252,382,3.0
253,382,5.0
255,382,3.0
256,382,4.5
257,382,5.0
264,382,1.0
269,382,4.5
272,382,4.5
276,382,5.0
279,382,4.0
281,382,5.0
282,382,5.0
287,382,5.0
299,382,5.0
301,382,4.0
305,382,3.5
310,382,4.0
313,382,4.0
316,382,3.5
326,382,5.0
328,382,4.0
331,382,5.0
337,382,1.5
343,382,4.0
346,382,5.0
348,382,4.5
351,382,4.5
353,382,5.0
355,382,3.0
356,382,5.0
357,382,5.0
358,382,4.0
364,382,3.0
373,382,4.0
375,382,4.0
380,382,3.0
383,382,5.0
385,382,5.0
386,382,4.5
387,382,4.5
391,382,5.0
397,382,3.5
411,382,4.0
422,382,4.5
423,382,3.5
430,382,3.5
432,382,4.0
434,382,5.0
435,382,4.0
439,382,4.5
442,382,4.0
29,383,4.0
75,383,3.0
79,383,1.0
97,383,1.5
156,383,2.5
182,383,3.5
194,383,3.5
212,383,1.0
279,383,3.5
299,383,3.0
320,383,3.5
428,383,0.5
434,383,2.5
441,383,3.0
30,384,3.0
43,384,3.0
47,384,3.5
60,384,4.0
65,384,3.5
67,384,4.0
77,384,4.0
86,384,4.0
93,384,3.0
97,384,0.5
98,384,2.0
119,384,4.0
125,384,3.0
132,384,3.0
153,384,3.5
159,384,4.0
175,384,3.5
204,384,4.0
212,384,2.5
219,384,4.0
246,384,5.0
275,384,3.0
282,384,2.0
299,384,5.0
302,384,5.0
312,384,4.0
316,384,3.0
320,384,3.5
345,384,4.0
346,384,3.0
351,384,4.0
353,384,2.0
354,384,5.0
357,384,2.5
373,384,3.0
386,384,2.5
405,384,3.5
411,384,3.5
422,384,3.0
434,384,3.5
435,384,3.5
439,384,3.5
441,384,4.0
442,384,3.5
77,385,5.0
204,385,4.0
316,385,3.5
346,385,3.0
337,386,3.5
439,386,3.5
125,387,4.5
195,387,5.0
282,387,4.0
299,387,3.0
327,387,3.0
434,387,3.5
14,388,4.0
16,388,3.5
27,388,2.5
29,388,3.0
42,388,4.0
43,388,4.0
47,388,2.5
51,388,5.0
52,388,4.5
64,388,1.5
65,388,2.0
67,388,4.0
86,388,5.0
89,388,4.5
99,388,3.5
101,388,3.5
105,388,3.0
108,388,4.5
112,388,4.5
122,388,3.5
125,388,4.0
130,388,4.5
137,388,1.0
138,388,2.0
139,388,2.5
147,388,4.0
154,388,2.0
156,388,1.5
159,388,4.0
175,388,4.0
194,388,3.5
195,388,5.0
200,388,4.5
203,388,5.0
204,388,3.0
212,388,3.0
219,388,4.5
240,388,3.5
257,388,4.0
258,388,3.5
261,388,1.5
268,388,3.5
279,388,3.5
282,388,2.0
299,388,5.0
301,388,5.0
318,388,4.5
327,388,3.5
332,388,4.5
337,388,1.0
345,388,4.5
346,388,4.0
348,388,4.5
350,388,5.0
351,388,5.0
362,388,5.0
369,388,4.0
383,388,4.0
386,388,4.5
387,388,4.0
411,388,4.0
412,388,5.0
419,388,4.0
430,388,2.5
432,388,3.5
434,388,3.5
439,388,4.0
442,388,4.0
59,389,4.0
79,389,5.0
175,389,3.5
194,389,3.5
212,389,1.0
219,389,2.0
279,389,1.5
354,389,4.0
434,389,2.0
14,390,4.0
164,390,3.0
275,390,3.0
299,390,2.5
442,390,3.5
98,391,3.0
164,391,3.0
431,391,4.0
34,392,4.5
77,392,4.0
119,392,4.0
122,392,4.0
182,392,4.5
188,392,4.0
204,392,3.0
212,392,0.5
299,392,3.0
316,392,3.5
353,392,3.0
357,392,3.0
383,392,3.5
386,392,2.0
434,392,1.5
439,392,3.0
441,392,3.5
4,393,4.5
5,393,5.0
6,393,4.0
9,393,3.5
10,393,3.5
11,393,4.5
12,393,4.5
14,393,5.0
15,393,1.5
16,393,1.0
19,393,5.0
21,393,3.0
23,393,5.0
29,393,5.0
40,393,4.5
41,393,5.0
42,393,4.0
43,393,4.5
44,393,3.5
45,393,5.0
46,393,2.0
47,393,4.5
53,393,5.0
55,393,5.0
59,393,4.0
60,393,4.0
61,393,4.0
63,393,5.0
65,393,4.5
69,393,5.0
73,393,4.0
74,393,3.0
75,393,4.0
76,393,5.0
77,393,3.0
80,393,5.0
85,393,5.0
87,393,3.5
91,393,4.5
92,393,3.5
93,393,4.5
94,393,5.0
95,393,5.0
97,393,4.0
98,393,3.0
99,393,4.0
101,393,4.5
103,393,3.0
112,393,2.0
116,393,3.5
117,393,5.0
119,393,4.5
122,393,2.0
123,393,4.0
124,393,4.5
125,393,3.0
129,393,5.0
130,393,4.5
131,393,4.0
137,393,2.0
139,393,4.0
141,393,5.0
142,393,4.0
144,393,5.0
145,393,4.0
147,393,3.0
148,393,4.0
149,393,4.0
153,393,3.5
156,393,4.0
159,393,4.0
164,393,3.5
165,393,4.0
169,393,5.0
172,393,5.0
173,393,4.0
175,393,5.0
180,393,4.5
185,393,0.5
188,393,4.5
193,393,2.0
194,393,3.0
195,393,4.0
197,393,4.0
202,393,4.5
203,393,4.0
204,393,5.0
206,393,3.0
207,393,3.5
212,393,4.0
217,393,5.0
219,393,3.0
220,393,3.5
221,393,4.5
225,393,5.0
228,393,4.0
231,393,3.5
234,393,5.0
235,393,4.0
238,393,3.5
239,393,4.5
240,393,4.0
242,393,3.5
246,393,3.5
249,393,5.0
253,393,5.0
254,393,4.0
255,393,5.0
257,393,3.5
261,393,2.5
262,393,5.0
263,393,3.0
264,393,3.5
265,393,4.5
269,393,4.5
270,393,4.5
272,393,4.5
274,393,4.5
275,393,5.0
276,393,4.0
277,393,5.0
279,393,3.0
282,393,5.0
284,393,5.0
288,393,4.5
289,393,4.0
290,393,3.0
294,393,5.0
295,393,5.0
298,393,5.0
299,393,5.0
302,393,5.0
303,393,5.0
305,393,4.5
310,393,4.5
311,393,1.5
312,393,4.0
313,393,3.5
316,393,3.5
318,393,5.0
320,393,3.0
321,393,5.0
323,393,5.0
325,393,4.5
326,393,5.0
327,393,4.0
331,393,4.0
335,393,5.0
337,393,4.5
339,393,5.0
341,393,4.0
344,393,4.0
346,393,5.0
347,393,5.0
348,393,4.5
351,393,3.5
353,393,4.5
355,393,4.0
356,393,5.0
357,393,4.0
358,393,3.5
362,393,0.5
363,393,4.0
364,393,2.0
369,393,4.0
373,393,5.0
374,393,2.5
375,393,5.0
377,393,2.0
383,393,4.0
384,393,3.5
385,393,5.0
390,393,5.0
392,393,4.0
393,393,4.5
396,393,4.0
404,393,2.0
408,393,4.5
410,393,5.0
411,393,4.0
412,393,5.0
416,393,3.0
418,393,4.0
419,393,5.0
422,393,4.5
423,393,4.5
424,393,3.5
427,393,5.0
428,393,4.5
430,393,4.5
432,393,4.0
434,393,4.0
435,393,5.0
436,393,5.0
438,393,5.0
439,393,4.5
441,393,4.5
442,393,5.0
77,394,3.0
98,394,3.0
119,394,4.5
122,394,3.5
129,394,4.0
188,394,3.0
204,394,3.5
212,394,1.5
299,394,4.0
398,394,5.0
4,395,4.5
6,395,4.0
9,395,5.0
12,395,4.5
14,395,5.0
16,395,3.5
18,395,3.5
21,395,3.0
25,395,1.0
41,395,4.5
42,395,4.0
47,395,3.5
49,395,4.5
51,395,4.0
58,395,4.5
60,395,3.0
63,395,4.5
70,395,4.0
71,395,4.0
75,395,4.0
77,395,5.0
79,395,4.0
85,395,5.0
88,395,4.0
89,395,4.0
93,395,3.0
95,395,4.0
98,395,5.0
105,395,3.5
113,395,3.0
119,395,4.5
122,395,4.0
125,395,4.0
128,395,5.0
129,395,3.0
132,395,4.0
135,395,4.0
137,395,4.0
139,395,4.0
145,395,4.5
153,395,4.0
156,395,4.5
157,395,2.5
159,395,4.5
162,395,2.5
164,395,4.0
165,395,3.5
173,395,4.0
180,395,4.0
182,395,5.0
184,395,5.0
188,395,4.0
189,395,5.0
194,395,4.0
200,395,5.0
202,395,5.0
204,395,3.0
212,395,3.0
215,395,4.5
217,395,5.0
219,395,3.0
222,395,4.0
228,395,3.5
235,395,4.5
237,395,0.5
239,395,4.5
240,395,4.0
246,395,5.0
254,395,4.5
256,395,4.0
257,395,3.5
258,395,4.0
260,395,5.0
262,395,3.5
264,395,4.0
272,395,4.5
276,395,4.0
279,395,3.0
282,395,4.0
284,395,4.0
299,395,4.0
301,395,2.5
302,395,5.0
304,395,3.5
308,395,3.5
310,395,4.0
311,395,4.5
312,395,4.0
316,395,4.5
318,395,4.0
320,395,4.0
326,395,4.0
331,395,5.0
335,395,5.0
346,395,3.5
350,395,5.0
351,395,4.0
353,395,4.5
355,395,3.0
357,395,4.0
362,395,5.0
369,395,4.0
377,395,4.0
380,395,3.5
383,395,4.0
385,395,5.0
386,395,3.5
389,395,4.5
392,395,4.0
397,395,4.5
405,395,4.0
411,395,3.5
413,395,5.0
422,395,3.5
423,395,4.5
428,395,4.0
430,395,4.0
432,395,3.0
434,395,2.5
435,395,3.0
436,395,4.0
439,395,4.0
441,395,4.5
21,396,2.5
92,396,3.0
275,396,4.0
299,396,4.0
312,396,2.5
320,396,2.5
327,396,2.5
351,396,3.0
21,397,4.5
22,397,4.0
35,397,4.0
42,397,4.0
43,397,5.0
47,397,4.0
60,397,4.0
73,397,4.0
75,397,4.0
85,397,4.0
91,397,4.5
93,397,2.0
98,397,4.0
125,397,2.0
135,397,3.0
138,397,4.0
153,397,3.0
164,397,3.5
169,397,4.5
175,397,3.5
194,397,2.5
200,397,4.0
217,397,4.5
219,397,3.0
224,397,3.0
225,397,5.0
227,397,5.0
235,397,3.0
240,397,3.0
246,397,4.5
250,397,2.0
257,397,3.0
272,397,5.0
275,397,4.0
299,397,5.0
304,397,4.0
312,397,4.0
313,397,4.0
320,397,4.5
327,397,4.0
338,397,4.0
341,397,3.5
351,397,4.0
384,397,3.5
404,397,4.0
412,397,3.5
419,397,5.0
428,397,3.5
434,397,2.5
442,397,4.5
77,398,4.0
125,398,3.5
14,399,4.5
16,399,0.5
17,399,3.0
52,399,3.5
71,399,3.0
74,399,3.5
97,399,3.0
108,399,4.5
125,399,3.5
132,399,4.0
137,399,4.0
172,399,5.0
188,399,4.5
195,399,5.0
238,399,4.5
279,399,4.0
282,399,5.0
299,399,4.0
337,399,2.5
346,399,3.5
357,399,1.5
369,399,4.0
380,399,5.0
386,399,4.5
405,399,4.0
428,399,3.0
434,399,3.0
14,400,4.0
27,400,3.0
30,400,3.0
73,400,4.0
75,400,4.5
98,400,4.0
117,400,4.5
119,400,4.5
125,400,4.0
137,400,5.0
212,400,0.5
248,400,5.0
311,400,3.5
312,400,3.5
357,400,3.5
386,400,3.5
439,400,4.0
14,401,4.0
16,401,0.5
43,401,4.0
47,401,4.0
67,401,4.5
98,401,4.0
125,401,4.5
138,401,3.5
159,401,2.5
204,401,3.0
224,401,4.0
299,401,4.0
310,401,3.0
312,401,3.5
346,401,4.0
357,401,0.5
406,401,3.5
434,401,2.5
98,402,3.5
125,402,4.0
137,402,2.0
299,402,4.0
380,402,1.5
434,402,3.0
79,403,3.0
153,403,1.0
194,403,2.5
198,403,2.5
204,403,4.0
212,403,2.5
219,403,2.5
299,403,3.0
313,403,3.0
320,403,3.0
327,403,2.0
351,403,3.0
434,403,1.5
441,403,2.5
442,403,3.5
43,404,4.0
75,404,4.0
97,404,2.5
125,404,4.0
225,404,5.0
240,404,3.5
279,404,3.5
282,404,3.0
299,404,5.0
320,404,4.5
339,404,5.0
351,404,2.5
434,404,2.5
442,404,4.5
416,405,2.0
125,406,3.5
279,406,2.5
299,406,3.0
153,407,3.0
194,407,4.0
212,407,2.5
268,407,3.0
275,407,4.0
279,407,0.5
295,407,4.0
394,407,4.5
434,407,3.5
2,408,0.5
64,408,5.0
98,408,3.0
122,408,0.5
204,408,3.0
275,408,2.0
77,409,3.0
299,409,3.0
18,410,4.5
35,410,5.0
43,410,3.5
47,410,4.5
58,410,5.0
85,410,4.5
98,410,4.0
122,410,3.5
153,410,3.5
164,410,4.0
189,410,1.5
194,410,3.5
204,410,3.0
219,410,4.5
227,410,3.0
276,410,4.5
281,410,4.0
295,410,5.0
299,410,4.0
312,410,3.5
313,410,3.0
320,410,3.0
346,410,4.0
351,410,4.0
386,410,4.0
410,410,5.0
413,410,4.0
419,410,4.0
428,410,3.5
435,410,1.5
441,410,4.0
442,410,4.0
59,411,3.0
97,411,2.5
125,411,2.5
204,411,3.0
224,411,3.0
234,411,2.0
275,411,2.5
279,411,3.0
312,411,3.5
410,411,5.0
428,411,3.0
441,411,4.0
442,411,3.0
6,412,3.0
79,412,1.5
98,412,3.0
100,412,5.0
115,412,3.0
122,412,4.5
198,412,3.5
203,412,0.5
259,412,5.0
299,412,4.0
373,412,3.5
386,412,3.5
414,412,4.0
431,412,5.0
299,413,4.0
348,414,4.0
434,414,2.5
299,415,4.0
67,416,5.0
122,416,3.5
186,416,3.5
234,416,4.0
275,416,5.0
279,416,4.5
281,416,4.5
299,416,4.0
348,416,3.0
411,416,3.5
434,416,3.0
439,416,3.5
441,416,4.5
299,417,4.0
346,417,3.0
439,417,4.5
257,418,3.5
299,418,4.0
337,418,2.0
234,419,4.0
282,419,2.0
299,419,5.0
194,420,4.0
299,420,2.0
320,420,1.0
351,420,4.0
434,420,2.0
299,421,3.0
312,421,4.0
313,421,3.0
410,421,2.0
434,421,2.0
125,422,4.0
299,422,3.0
64,423,4.5
164,423,2.5
194,423,3.0
219,423,1.5
420,423,3.5
25,424,2.5
59,424,3.0
98,424,3.0
175,424,3.0
275,424,4.0
299,424,3.0
320,424,2.0
419,424,2.0
442,424,2.5
59,425,2.0
194,425,2.0
275,425,3.0
277,425,1.0
299,425,2.0
320,425,1.0
327,425,1.5
125,426,4.5
59,427,2.5
164,427,1.5
254,427,4.5
261,427,1.5
299,427,2.0
320,427,2.0
327,427,0.5
98,428,4.0
125,428,4.0
159,428,2.5
299,428,2.0
312,428,3.0
30,429,4.0
98,429,3.0
119,429,3.5
125,429,1.5
164,429,4.0
207,429,2.0
299,429,3.5
312,429,3.0
316,429,2.5
320,429,2.5
442,429,2.5
69,430,4.0
14,431,3.0
47,431,1.0
64,431,3.0
79,431,4.5
86,431,5.0
97,431,2.0
125,431,4.0
153,431,4.5
159,431,5.0
164,431,3.0
194,431,4.0
212,431,3.5
219,431,3.0
228,431,4.0
257,431,3.5
264,431,2.5
279,431,3.0
327,431,4.0
351,431,3.0
354,431,4.0
362,431,5.0
419,431,5.0
434,431,3.0
442,431,4.0
299,432,3.0
194,433,2.5
312,433,4.0
410,433,4.0
212,434,2.0
219,434,2.0
275,434,3.0
299,434,3.0
313,434,2.5
357,434,2.5
410,434,1.0
434,434,2.5
435,434,2.5
438,434,3.0
442,434,2.0
125,435,4.5
434,435,2.0
275,436,2.5
299,436,3.5
77,437,4.0
188,437,4.0
195,437,5.0
282,437,4.0
299,437,4.0
346,437,4.0
350,437,5.0
354,437,2.0
356,437,4.0
357,437,4.5
435,437,1.0
439,437,4.5
434,438,1.5
442,438,3.5
186,439,3.0
228,439,3.5
299,439,5.0
24,440,3.0
117,440,4.0
128,440,1.0
130,440,4.0
299,440,4.0
353,440,3.5
434,440,1.5
441,440,3.5
442,440,3.5
29,441,4.0
47,441,3.5
67,441,4.0
75,441,3.0
119,441,4.0
139,441,2.5
153,441,3.5
159,441,2.5
175,441,3.0
194,441,2.5
212,441,2.0
219,441,0.5
299,441,4.0
305,441,2.5
312,441,2.5
320,441,2.5
327,441,3.0
431,441,4.5
21,442,4.5
43,442,3.5
47,442,4.0
75,442,4.5
97,442,3.5
98,442,3.0
164,442,5.0
197,442,3.0
275,442,4.0
282,442,1.0
299,442,3.0
304,442,2.0
313,442,3.5
320,442,3.5
351,442,2.0
410,442,4.0
412,442,4.0
434,442,2.0
219,443,3.0
299,443,2.0
14,444,2.0
25,444,3.0
34,444,3.5
75,444,3.0
86,444,3.5
93,444,2.0
119,444,3.0
164,444,2.5
175,444,3.0
182,444,4.5
194,444,2.0
204,444,2.0
275,444,3.0
276,444,2.0
299,444,3.0
320,444,3.0
348,444,3.0
373,444,2.5
410,444,5.0
434,444,2.0
435,444,1.5
441,444,4.0
4,445,3.5
5,445,4.0
12,445,4.0
14,445,5.0
15,445,4.0
29,445,3.5
32,445,4.0
33,445,2.0
42,445,4.0
43,445,3.5
47,445,3.5
59,445,4.0
64,445,4.0
73,445,3.5
74,445,3.5
75,445,4.5
76,445,3.5
77,445,4.0
79,445,3.5
85,445,4.0
89,445,3.5
93,445,3.5
98,445,4.0
99,445,3.0
115,445,4.0
117,445,4.0
119,445,4.0
122,445,3.0
125,445,3.5
142,445,4.0
147,445,3.5
154,445,5.0
159,445,4.0
162,445,4.0
164,445,3.5
169,445,4.0
174,445,4.0
175,445,4.0
182,445,4.5
194,445,3.5
195,445,2.0
200,445,4.5
202,445,5.0
206,445,4.0
207,445,4.0
212,445,2.0
218,445,3.5
219,445,2.5
228,445,3.5
237,445,2.0
240,445,4.0
246,445,4.0
247,445,3.5
256,445,3.5
261,445,3.5
264,445,1.0
275,445,4.0
276,445,4.0
277,445,4.5
280,445,4.5
290,445,3.5
299,445,3.0
318,445,2.5
320,445,4.5
331,445,5.0
341,445,3.5
346,445,3.0
347,445,4.5
351,445,3.0
353,445,3.5
357,445,3.5
359,445,4.5
373,445,3.5
380,445,2.5
386,445,3.0
388,445,4.0
392,445,2.5
395,445,4.5
397,445,4.0
419,445,4.0
422,445,4.0
428,445,4.0
432,445,3.5
439,445,4.5
441,445,4.0
15,446,3.0
47,446,4.0
59,446,3.0
75,446,3.5
86,446,4.0
89,446,3.0
112,446,2.0
116,446,4.0
125,446,2.0
148,446,4.5
153,446,3.0
164,446,2.0
175,446,3.5
186,446,3.0
194,446,4.0
212,446,2.0
224,446,1.0
228,446,3.0
249,446,2.5
275,446,4.0
299,446,4.0
312,446,2.0
313,446,3.0
351,446,2.0
392,446,4.0
410,446,3.0
411,446,4.0
434,446,2.5
441,446,4.5
442,446,2.5
29,447,2.0
59,447,4.0
64,447,2.5
156,447,1.5
175,447,2.5
212,447,0.5
281,447,1.5
299,447,3.0
327,447,3.0
441,447,3.5
434,448,3.0
119,449,4.0
282,449,5.0
299,449,4.0
357,449,0.5
337,450,4.5
346,450,4.0
43,451,4.0
93,451,3.0
123,451,5.0
132,451,5.0
139,451,4.0
155,451,4.0
156,451,3.0
195,451,5.0
212,451,3.5
224,451,5.0
257,451,4.5
299,451,4.0
318,451,5.0
331,451,4.0
337,451,3.0
346,451,3.5
351,451,4.0
357,451,3.5
398,451,2.0
435,451,3.5
442,451,4.5
14,452,3.0
15,452,3.0
34,452,2.5
41,452,3.0
43,452,3.0
47,452,3.5
97,452,1.5
116,452,3.5
125,452,2.0
135,452,3.0
164,452,3.0
175,452,3.5
194,452,3.0
212,452,2.5
217,452,4.0
224,452,3.0
225,452,5.0
275,452,5.0
282,452,1.0
299,452,4.0
310,452,4.0
312,452,2.5
313,452,2.5
320,452,3.5
339,452,2.5
351,452,2.0
362,452,3.5
389,452,4.0
419,452,4.5
422,452,3.0
432,452,3.0
434,452,3.5
441,452,4.5
442,452,4.0
219,453,2.5
279,453,1.5
299,453,3.0
434,453,2.5
98,454,3.0
299,454,2.5
195,455,2.0
299,455,2.0
122,456,2.0
164,456,2.0
275,456,3.0
299,456,2.0
45,457,4.5
125,457,3.0
194,457,4.0
219,457,2.5
279,457,3.0
299,457,2.0
305,457,3.5
348,457,3.0
351,457,4.5
383,457,4.0
434,457,2.5
12,458,3.5
15,458,1.0
43,458,4.0
47,458,2.0
61,458,3.5
98,458,3.0
122,458,3.5
125,458,2.5
146,458,2.0
153,458,3.5
175,458,4.0
194,458,3.5
203,458,2.5
212,458,1.0
219,458,2.0
234,458,4.0
258,458,3.0
275,458,3.0
276,458,3.5
299,458,5.0
300,458,3.5
304,458,4.5
311,458,1.0
312,458,3.5
320,458,2.5
331,458,3.0
346,458,4.0
354,458,3.0
357,458,1.0
386,458,3.5
397,458,3.0
410,458,4.0
412,458,1.5
428,458,2.5
434,458,2.5
441,458,4.5
442,458,3.5
21,459,3.0
47,459,2.0
98,459,4.0
119,459,4.5
125,459,3.0
153,459,2.0
164,459,4.0
204,459,3.5
207,459,2.5
299,459,4.0
320,459,4.0
331,459,3.0
434,460,2.5
439,461,4.0
195,462,3.0
98,463,4.0
299,463,2.5
29,464,5.0
45,464,4.0
64,464,2.5
67,464,2.0
79,464,4.5
125,464,3.0
175,464,4.0
212,464,2.0
219,464,2.5
279,464,1.5
282,464,3.0
299,464,2.0
312,464,3.0
313,464,3.0
351,464,4.0
386,464,3.0
410,464,3.0
412,464,1.5
415,464,3.5
434,464,2.5
435,464,2.0
442,464,2.5
93,465,2.5
299,466,4.0
14,467,3.5
30,467,3.0
125,467,2.5
275,467,3.0
299,467,4.0
327,467,3.0
346,467,3.5
410,467,3.0
441,467,4.5
65,468,3.5
219,468,4.0
238,468,4.0
279,468,3.0
299,468,3.0
312,468,4.5
346,468,4.0
410,468,3.0
413,468,5.0
441,468,4.5
442,468,4.0
59,469,3.5
74,469,3.0
119,469,3.5
125,469,0.5
261,469,3.5
279,469,1.5
281,469,4.0
299,469,3.0
413,469,4.0
442,469,2.5
299,470,2.0
346,470,3.0
125,471,4.0
219,471,3.5
299,471,3.5
353,471,4.0
434,471,2.5
14,472,4.0
43,472,4.5
45,472,5.0
47,472,3.5
51,472,3.0
59,472,2.0
64,472,2.0
70,472,3.5
71,472,3.5
74,472,4.0
93,472,3.0
98,472,5.0
111,472,4.0
115,472,3.0
119,472,4.5
138,472,3.5
139,472,4.5
164,472,3.5
169,472,4.0
195,472,1.0
198,472,3.0
200,472,4.0
204,472,3.0
207,472,4.0
212,472,0.5
217,472,4.0
219,472,2.0
227,472,3.0
237,472,4.0
250,472,1.0
258,472,4.0
264,472,1.0
275,472,4.0
276,472,5.0
282,472,3.0
299,472,3.5
310,472,3.5
312,472,3.0
317,472,5.0
318,472,2.5
320,472,3.0
327,472,4.0
331,472,4.0
346,472,2.5
353,472,1.5
354,472,3.5
355,472,2.0
357,472,3.5
359,472,3.5
369,472,3.5
380,472,2.0
386,472,2.0
397,472,5.0
413,472,3.0
415,472,3.5
428,472,3.5
430,472,1.5
431,472,3.5
439,472,4.0
441,472,3.0
25,473,4.0
47,473,2.5
122,473,3.0
125,473,2.5
219,473,2.0
312,473,3.0
410,473,3.0
14,474,0.5
29,474,3.0
47,474,4.0
75,474,3.0
97,474,1.0
122,474,2.0
125,474,0.5
164,474,3.0
194,474,2.5
208,474,2.0
212,474,0.5
275,474,4.0
320,474,3.0
348,474,0.5
351,474,2.5
357,474,3.0
358,474,2.0
373,474,3.0
392,474,4.0
428,474,1.5
441,474,3.0
442,474,2.0
77,475,4.0
98,475,3.0
125,475,3.5
299,475,3.5
346,475,2.5
350,475,3.0
357,475,2.5
180,476,4.5
282,476,2.0
353,476,4.5
422,476,3.5
434,476,2.5
439,476,4.0
299,477,2.0
299,478,4.0
125,479,0.5
159,479,0.5
175,479,1.0
275,479,3.0
277,479,1.0
312,479,1.0
351,479,0.5
442,479,2.0
299,480,2.0
320,480,3.5
125,481,3.5
195,481,3.0
282,481,4.0
299,481,4.0
312,481,4.0
346,481,3.5
426,481,4.5
299,482,5.0
21,483,3.0
45,483,3.5
47,483,3.0
98,483,2.5
195,483,3.0
299,483,3.0
346,483,3.5
410,483,5.0
422,483,3.5
442,483,3.5
125,484,3.0
299,484,2.0
348,485,4.0
4,486,3.5
12,486,4.0
14,486,3.0
15,486,3.0
21,486,3.5
24,486,5.0
29,486,5.0
31,486,4.0
41,486,4.0
42,486,0.5
45,486,4.0
47,486,4.5
55,486,5.0
58,486,4.0
59,486,1.5
60,486,2.5
65,486,5.0
67,486,4.0
73,486,3.0
74,486,3.5
75,486,3.5
76,486,3.5
77,486,5.0
82,486,4.0
84,486,3.5
93,486,3.0
97,486,3.0
98,486,3.5
105,486,0.5
112,486,0.5
116,486,4.5
117,486,4.0
119,486,4.0
122,486,3.5
125,486,3.0
129,486,4.0
130,486,2.0
137,486,3.0
138,486,3.0
139,486,3.5
145,486,4.5
152,486,3.0
153,486,3.5
154,486,4.5
157,486,4.0
159,486,4.0
162,486,4.0
164,486,4.5
169,486,4.5
173,486,2.0
175,486,4.0
180,486,1.0
188,486,4.0
194,486,3.0
195,486,4.0
200,486,4.0
202,486,3.5
204,486,4.0
207,486,4.0
212,486,2.5
216,486,3.5
219,486,4.0
224,486,3.0
225,486,4.0
234,486,4.0
237,486,4.0
238,486,3.0
239,486,2.0
245,486,3.0
256,486,4.0
257,486,3.5
262,486,4.0
264,486,3.0
275,486,4.0
276,486,3.5
282,486,3.0
284,486,5.0
299,486,5.0
305,486,3.5
308,486,1.0
310,486,3.0
312,486,3.5
313,486,3.0
316,486,2.5
318,486,3.5
320,486,4.0
327,486,4.0
331,486,4.0
334,486,4.0
337,486,1.5
339,486,4.0
341,486,3.5
346,486,4.5
347,486,5.0
348,486,4.0
351,486,4.0
353,486,4.5
357,486,3.0
364,486,3.0
373,486,2.5
375,486,3.5
376,486,4.0
383,486,4.0
390,486,5.0
392,486,3.5
396,486,4.0
404,486,2.0
405,486,4.0
411,486,3.5
412,486,3.5
416,486,2.5
418,486,4.0
419,486,5.0
422,486,3.5
423,486,4.5
428,486,3.0
432,486,3.5
434,486,3.5
435,486,3.5
439,486,4.0
441,486,3.0
442,486,4.5
79,487,3.0
175,487,3.5
194,487,2.5
212,487,2.0
279,487,1.0
299,487,3.5
320,487,3.0
351,487,2.5
434,487,1.5
14,488,4.0
98,488,2.5
275,488,3.0
299,488,3.5
312,488,4.0
431,488,4.5
439,488,3.0
350,489,4.0
6,490,3.5
27,490,4.0
34,490,5.0
42,490,2.5
67,490,4.0
93,490,3.5
98,490,3.5
101,490,3.0
108,490,3.5
111,490,2.0
115,490,4.0
119,490,4.5
125,490,3.5
128,490,3.0
132,490,4.0
138,490,4.0
139,490,3.5
159,490,4.0
188,490,4.0
195,490,4.0
199,490,3.5
204,490,4.0
212,490,2.0
251,490,3.5
257,490,3.5
275,490,4.0
276,490,5.0
299,490,5.0
313,490,3.5
320,490,3.0
331,490,4.0
346,490,5.0
351,490,4.0
357,490,4.0
369,490,4.0
373,490,3.5
377,490,4.5
405,490,3.5
411,490,2.5
413,490,4.5
415,490,4.0
434,490,2.5
439,490,4.0
442,490,3.5
4,491,0.5
5,491,3.0
14,491,4.0
15,491,4.0
21,491,4.0
24,491,4.0
29,491,5.0
34,491,1.5
41,491,4.5
42,491,2.5
47,491,3.0
55,491,5.0
65,491,4.0
67,491,4.0
69,491,4.0
73,491,3.0
75,491,4.0
77,491,3.0
91,491,3.5
98,491,4.0
116,491,3.0
119,491,4.5
122,491,2.5
125,491,3.0
129,491,4.0
130,491,2.0
132,491,3.0
137,491,3.0
138,491,1.5
145,491,5.0
153,491,2.0
154,491,4.0
159,491,3.5
164,491,4.0
169,491,3.5
173,491,2.0
175,491,3.5
194,491,2.5
197,491,1.0
203,491,1.0
204,491,3.5
207,491,3.0
211,491,1.0
212,491,3.0
216,491,5.0
217,491,3.0
224,491,4.0
225,491,4.0
228,491,3.0
238,491,4.0
240,491,2.0
242,491,3.0
256,491,3.0
264,491,2.5
269,491,1.0
272,491,4.5
275,491,3.0
276,491,3.5
277,491,4.0
299,491,4.0
312,491,3.5
313,491,3.5
316,491,4.0
318,491,1.0
320,491,3.5
327,491,3.0
331,491,4.0
338,491,4.0
346,491,3.0
347,491,5.0
348,491,4.0
350,491,1.0
351,491,3.0
352,491,4.5
357,491,0.5
383,491,2.0
386,491,2.5
392,491,3.5
396,491,4.0
405,491,4.0
411,491,4.0
412,491,2.5
416,491,0.5
419,491,3.0
422,491,4.0
428,491,3.0
430,491,1.5
434,491,3.0
435,491,1.0
439,491,3.5
441,491,4.5
442,491,3.5
125,492,5.0
164,492,4.0
228,492,4.0
299,492,4.0
346,492,4.5
351,492,4.0
71,493,4.5
74,493,4.0
77,493,5.0
188,493,3.0
299,493,4.0
313,493,3.0
346,493,3.0
356,493,4.5
386,493,3.5
435,493,4.0
122,494,4.5
299,494,2.5
410,494,5.0
14,495,4.0
16,495,3.0
41,495,4.5
43,495,3.5
58,495,4.0
73,495,4.0
98,495,3.0
108,495,3.5
125,495,3.0
127,495,3.5
137,495,3.0
153,495,2.5
159,495,3.0
204,495,4.0
224,495,3.0
227,495,3.0
275,495,4.0
279,495,3.0
284,495,3.0
299,495,3.0
309,495,5.0
312,495,3.0
327,495,3.5
331,495,1.0
348,495,4.0
351,495,3.0
352,495,4.0
357,495,2.0
410,495,3.0
428,495,3.5
434,495,2.5
441,495,4.0
442,495,3.0
350,496,3.0
373,496,4.0
299,497,3.0
77,498,5.0
299,498,4.0
346,498,3.0
47,499,3.5
56,499,3.5
59,499,3.5
97,499,1.5
98,499,3.0
119,499,4.0
153,499,2.0
164,499,4.0
207,499,4.0
234,499,2.0
275,499,2.0
299,499,4.0
312,499,2.0
320,499,2.5
327,499,3.0
362,499,2.5
427,499,3.5
194,500,2.0
212,500,1.5
219,500,2.5
320,500,3.5
327,500,1.0
351,500,1.0
352,500,2.0
428,500,1.0
441,500,2.0
59,501,4.0
194,501,2.0
320,501,3.5
327,501,2.0
115,502,3.0
119,502,4.0
299,502,2.0
439,502,3.5
299,503,5.0
43,504,3.5
282,504,5.0
299,504,3.0
12,505,4.0
14,505,3.0
15,505,4.0
16,505,3.5
18,505,4.0
21,505,3.5
27,505,2.0
29,505,5.0
35,505,5.0
42,505,4.0
43,505,3.5
45,505,5.0
46,505,3.0
47,505,4.5
55,505,2.5
58,505,5.0
60,505,0.5
61,505,4.5
63,505,4.5
65,505,4.0
67,505,5.0
75,505,3.5
79,505,0.5
85,505,4.0
91,505,4.0
97,505,2.5
98,505,4.0
99,505,3.5
100,505,2.0
115,505,4.0
116,505,4.5
117,505,4.5
122,505,3.5
125,505,2.0
128,505,4.0
136,505,4.0
138,505,4.0
139,505,4.0
141,505,5.0
146,505,4.0
148,505,4.5
153,505,4.5
154,505,4.0
159,505,4.0
164,505,4.0
165,505,4.0
169,505,5.0
173,505,4.0
175,505,4.0
194,505,3.5
195,505,4.0
197,505,3.5
200,505,4.5
204,505,3.5
207,505,4.5
215,505,4.0
217,505,3.5
219,505,3.5
227,505,3.0
234,505,4.0
235,505,5.0
237,505,4.0
238,505,2.0
239,505,4.0
242,505,3.5
250,505,4.0
256,505,4.0
257,505,3.5
261,505,4.0
264,505,2.5
268,505,3.5
272,505,5.0
275,505,4.0
276,505,5.0
282,505,4.0
284,505,5.0
295,505,4.5
299,505,4.0
304,505,3.0
310,505,4.0
312,505,4.0
316,505,4.5
318,505,4.0
320,505,4.5
327,505,3.0
331,505,4.0
335,505,5.0
339,505,3.0
341,505,4.0
346,505,3.5
347,505,4.5
351,505,2.0
353,505,4.5
355,505,2.0
368,505,1.5
380,505,3.0
389,505,5.0
392,505,4.5
397,505,4.0
404,505,4.5
406,505,4.0
411,505,4.0
412,505,4.5
422,505,4.5
427,505,3.5
428,505,3.5
432,505,3.5
433,505,4.0
434,505,3.0
439,505,4.0
441,505,4.5
442,505,4.0
14,506,0.5
47,506,4.5
59,506,2.5
64,506,5.0
97,506,2.0
122,506,2.5
148,506,3.0
159,506,2.5
175,506,2.5
194,506,3.0
212,506,1.0
275,506,3.0
299,506,4.0
327,506,1.5
350,506,2.0
354,506,4.0
410,506,5.0
69,507,3.0
98,507,3.0
125,507,3.5
299,507,2.0
312,507,1.5
327,507,2.0
410,507,5.0
442,507,3.0
125,508,4.0
224,508,3.0
299,508,4.0
312,508,4.0
337,508,2.5
351,508,3.5
299,509,4.0
125,510,4.0
299,510,2.0
434,510,3.0
299,511,3.0
125,512,4.5
299,512,4.0
219,513,1.0
320,513,2.0
47,514,4.5
70,514,4.5
73,514,4.0
115,514,4.0
119,514,4.5
122,514,4.0
182,514,4.0
207,514,4.0
220,514,3.5
234,514,4.0
237,514,3.0
239,514,3.0
261,514,1.0
275,514,5.0
276,514,4.5
290,514,4.0
299,514,4.0
310,514,3.5
311,514,5.0
346,514,3.0
348,514,4.0
373,514,3.5
385,514,4.0
386,514,3.5
392,514,4.0
422,514,3.0
432,514,4.5
441,514,3.5
442,514,3.5
4,515,4.0
5,515,4.0
9,515,4.0
12,515,4.0
14,515,4.5
15,515,4.5
18,515,3.0
21,515,3.5
29,515,4.0
31,515,4.5
41,515,4.0
42,515,4.0
43,515,4.0
45,515,3.5
47,515,3.0
53,515,2.0
54,515,3.5
58,515,4.5
59,515,3.0
61,515,4.0
65,515,3.5
67,515,4.0
75,515,3.5
77,515,5.0
79,515,2.0
91,515,4.0
97,515,1.5
98,515,3.0
99,515,4.0
112,515,4.5
115,515,4.0
116,515,4.0
119,515,4.0
122,515,5.0
125,515,3.0
130,515,3.5
132,515,3.5
137,515,5.0
139,515,3.5
146,515,3.5
153,515,3.5
157,515,4.0
159,515,3.0
164,515,4.5
167,515,3.5
169,515,4.0
173,515,4.0
175,515,4.0
180,515,3.5
182,515,4.0
183,515,4.0
188,515,4.0
194,515,3.5
195,515,4.0
200,515,4.0
202,515,2.0
204,515,4.0
207,515,4.0
212,515,3.0
216,515,3.5
217,515,3.5
219,515,3.0
224,515,4.0
226,515,3.5
234,515,4.0
238,515,3.5
240,515,3.5
244,515,5.0
245,515,2.0
246,515,5.0
256,515,3.5
257,515,3.5
258,515,4.0
264,515,1.0
272,515,5.0
275,515,4.0
276,515,3.0
279,515,3.0
284,515,0.5
285,515,2.0
288,515,0.5
294,515,5.0
299,515,5.0
301,515,1.0
303,515,2.0
308,515,3.5
310,515,4.0
312,515,3.5
313,515,3.5
314,515,5.0
316,515,4.0
318,515,3.0
320,515,2.0
327,515,4.0
331,515,4.0
335,515,4.0
346,515,4.5
348,515,4.0
353,515,4.5
355,515,3.0
357,515,4.0
369,515,3.5
383,515,3.5
392,515,4.5
396,515,4.0
397,515,3.5
404,515,4.0
411,515,3.5
412,515,3.0
418,515,4.5
419,515,4.5
422,515,4.5
427,515,4.0
428,515,3.0
432,515,3.5
434,515,2.5
436,515,4.0
439,515,4.0
441,515,4.5
442,515,4.0
21,516,3.0
98,516,3.0
224,516,4.0
235,516,4.5
299,516,3.5
346,516,4.5
373,516,3.0
5,517,4.0
299,517,3.0
350,518,2.0
24,519,2.0
27,519,3.0
59,519,4.0
64,519,2.0
79,519,3.0
122,519,3.0
164,519,2.5
175,519,3.0
194,519,2.5
275,519,2.0
276,519,2.5
299,519,1.5
312,519,3.0
320,519,3.0
327,519,3.5
348,519,4.0
351,519,3.0
362,519,4.0
392,519,5.0
428,519,2.0
441,519,3.0
442,519,2.5
77,520,5.0
115,520,3.0
138,520,2.0
346,520,4.0
434,520,2.0
5,521,4.0
219,521,1.5
224,521,4.0
299,521,3.0
346,521,2.5
164,522,2.5
4,523,3.0
12,523,2.5
15,523,4.5
24,523,2.0
33,523,2.0
34,523,3.5
41,523,3.0
45,523,2.0
47,523,3.5
59,523,4.0
65,523,2.5
75,523,4.0
78,523,2.5
89,523,3.0
97,523,2.0
99,523,3.0
112,523,1.5
119,523,3.0
122,523,2.5
137,523,2.0
153,523,2.5
156,523,3.0
162,523,4.0
164,523,3.0
169,523,3.5
175,523,3.5
182,523,3.5
188,523,2.0
194,523,3.0
204,523,2.5
212,523,2.0
217,523,3.0
219,523,1.5
228,523,4.0
242,523,3.0
247,523,3.0
250,523,4.5
256,523,3.0
261,523,4.0
275,523,4.0
276,523,2.5
299,523,3.0
312,523,2.0
313,523,1.5
320,523,2.0
327,523,2.0
341,523,4.0
347,523,4.5
348,523,3.0
351,523,3.0
353,523,3.0
373,523,3.0
383,523,4.0
392,523,3.5
427,523,4.5
428,523,2.5
432,523,2.5
435,523,2.5
439,523,2.0
441,523,4.0
442,523,3.0
74,524,3.0
299,524,4.0
350,524,4.0
299,525,2.5
204,526,3.0
327,526,2.0
14,527,2.0
75,527,3.0
97,527,1.5
125,527,0.5
153,527,1.5
164,527,3.0
175,527,4.0
188,527,2.0
194,527,2.5
224,527,4.0
225,527,4.0
275,527,4.0
299,527,4.0
312,527,3.0
320,527,3.0
327,527,2.0
434,527,2.5
442,527,2.5
4,528,3.0
12,528,4.0
16,528,2.0
21,528,3.0
22,528,4.5
25,528,1.5
42,528,4.0
45,528,5.0
47,528,2.0
65,528,2.5
67,528,4.0
75,528,3.5
93,528,2.5
97,528,2.5
98,528,4.0
115,528,3.0
116,528,4.0
117,528,3.5
119,528,4.5
125,528,4.0
138,528,4.5
154,528,4.5
159,528,4.0
169,528,3.5
175,528,4.0
195,528,2.0
204,528,4.0
219,528,2.5
246,528,5.0
254,528,4.0
258,528,4.0
264,528,1.5
275,528,5.0
299,528,4.0
312,528,4.5
316,528,3.5
327,528,4.0
331,528,4.0
346,528,3.0
348,528,4.0
353,528,3.5
380,528,3.0
384,528,4.0
405,528,3.0
412,528,3.0
432,528,3.0
434,528,3.0
441,528,4.0
442,528,3.5
279,529,3.0
77,530,3.0
115,530,5.0
195,530,5.0
299,530,3.0
275,531,3.0
428,531,1.0
442,531,2.0
282,532,5.0
299,532,3.0
353,532,4.5
439,532,3.0
164,533,2.5
194,533,2.5
224,533,4.0
275,533,4.0
299,533,4.0
327,533,2.5
351,533,0.5
373,533,2.0
65,534,4.0
98,534,4.0
148,534,4.0
224,534,3.0
299,534,4.0
327,534,2.0
64,535,5.0
207,535,3.0
299,535,3.0
304,535,0.5
373,535,1.5
5,536,5.0
12,536,3.0
14,536,1.0
15,536,3.0
29,536,4.0
34,536,4.0
42,536,2.5
43,536,3.5
45,536,4.0
47,536,2.5
59,536,3.5
64,536,2.0
74,536,2.0
75,536,4.0
79,536,3.5
91,536,2.5
93,536,3.0
97,536,1.0
98,536,1.0
99,536,3.0
115,536,3.0
119,536,4.5
122,536,1.0
125,536,1.5
132,536,3.0
138,536,3.0
139,536,3.5
153,536,3.0
159,536,4.0
164,536,3.5
172,536,3.5
182,536,3.0
194,536,2.5
200,536,4.0
212,536,2.5
219,536,3.5
222,536,3.5
240,536,3.0
252,536,2.0
264,536,3.0
265,536,2.0
273,536,3.5
277,536,3.0
279,536,2.0
299,536,3.0
313,536,2.0
320,536,3.5
323,536,5.0
327,536,4.0
346,536,2.0
348,536,3.5
351,536,4.0
357,536,0.5
373,536,3.5
386,536,2.5
397,536,0.5
398,536,0.5
411,536,3.5
422,536,3.5
428,536,1.5
432,536,2.5
434,536,1.5
435,536,2.5
438,536,3.0
442,536,3.5
299,537,3.5
346,537,4.5
351,537,3.5
115,538,3.0
195,538,2.0
299,538,5.0
125,539,2.5
299,539,2.5
79,540,3.5
122,540,2.0
125,540,1.5
159,540,1.5
164,540,3.5
277,540,0.5
352,540,0.5
4,541,1.5
14,541,3.0
21,541,3.0
29,541,5.0
41,541,4.0
43,541,4.5
47,541,3.5
58,541,4.0
77,541,2.0
91,541,4.0
93,541,2.0
97,541,2.5
99,541,3.5
112,541,4.0
115,541,4.0
119,541,4.0
122,541,4.0
125,541,2.0
138,541,3.0
154,541,1.0
159,541,2.5
162,541,4.0
164,541,4.0
175,541,3.0
194,541,3.5
212,541,1.5
216,541,4.0
219,541,3.0
224,541,3.0
228,541,3.5
239,541,4.0
240,541,2.0
246,541,4.5
250,541,1.0
257,541,3.5
258,541,3.5
275,541,3.0
276,541,4.0
279,541,2.0
299,541,3.0
304,541,4.0
313,541,3.0
318,541,2.5
327,541,2.5
331,541,4.0
346,541,4.5
348,541,3.5
351,541,4.0
353,541,3.5
357,541,3.5
377,541,3.5
380,541,1.0
386,541,3.5
397,541,1.0
411,541,3.5
416,541,2.0
419,541,3.0
422,541,4.5
428,541,3.0
432,541,2.5
434,541,2.0
441,541,4.0
442,541,4.0
439,542,4.0
14,543,0.5
122,543,2.5
164,543,2.0
207,543,4.0
313,543,0.5
346,543,3.0
442,543,3.0
34,544,4.0
108,544,2.0
115,544,3.0
138,544,3.5
195,544,3.0
203,544,4.0
204,544,3.0
212,544,1.5
299,544,4.0
346,544,4.5
369,544,3.5
434,544,2.5
98,545,3.0
275,545,4.0
312,545,3.0
5,546,1.0
14,546,0.5
47,546,3.0
59,546,3.5
67,546,3.0
75,546,3.5
98,546,3.0
125,546,3.5
148,546,4.0
153,546,2.0
156,546,2.5
164,546,3.0
175,546,3.5
188,546,4.0
194,546,2.5
275,546,3.0
276,546,3.5
299,546,3.0
316,546,1.5
320,546,3.0
327,546,1.0
341,546,3.5
441,546,3.5
442,546,2.0
93,547,3.0
192,547,4.0
228,547,4.0
299,547,3.0
351,547,4.0
434,547,3.0
435,547,4.0
346,548,3.0
439,548,3.5
406,549,5.0
279,550,3.5
156,551,2.5
320,551,2.5
327,551,2.0
79,552,3.5
139,552,3.0
188,552,3.0
212,552,0.5
219,552,2.5
299,552,3.0
320,552,3.0
414,552,3.0
346,553,3.5
115,554,3.0
203,554,2.5
346,554,4.0
431,554,4.5
29,555,5.0
43,555,3.5
79,555,3.0
115,555,3.0
125,555,3.5
194,555,3.5
204,555,4.0
212,555,0.5
275,555,4.0
310,555,3.0
312,555,4.5
313,555,4.0
327,555,4.0
346,555,4.0
351,555,2.5
434,555,2.5
435,555,3.0
441,555,4.5
442,555,4.0
64,556,4.0
299,556,2.5
115,557,2.0
125,557,3.5
212,557,0.5
327,557,2.5
357,557,0.5
434,557,2.5
439,557,3.5
279,558,3.0
299,558,2.5
316,559,4.0
282,560,5.0
194,561,1.0
219,561,2.0
434,561,1.5
299,562,2.5
98,563,3.0
299,563,3.5
320,563,2.0
79,564,3.5
212,564,0.5
164,565,2.5
195,565,2.0
219,565,2.0
299,565,3.0
313,565,3.0
346,565,3.5
428,565,3.0
164,566,2.5
194,566,2.5
212,566,2.0
219,566,1.5
299,566,2.0
327,566,2.5
351,566,3.0
12,567,3.5
15,567,4.0
45,567,4.0
46,567,4.0
47,567,4.0
85,567,4.0
98,567,3.5
119,567,3.5
125,567,4.0
138,567,1.5
153,567,3.0
164,567,3.5
175,567,3.5
194,567,3.5
275,567,4.0
277,567,3.5
279,567,3.0
298,567,5.0
299,567,3.0
312,567,2.0
320,567,4.0
351,567,2.0
392,567,5.0
411,567,3.5
434,567,3.0
442,567,4.0
282,568,2.0
21,569,2.0
74,569,1.5
108,569,4.0
115,569,3.0
125,569,4.0
235,569,4.5
257,569,4.5
299,569,5.0
346,569,4.0
351,569,4.5
434,569,3.0
442,569,4.0
137,570,5.0
12,571,4.0
88,571,4.5
125,571,3.0
130,571,4.5
212,571,2.5
235,571,4.5
254,571,4.0
305,571,4.5
316,571,4.0
346,571,3.0
422,571,4.0
125,572,2.0
275,572,3.0
139,573,2.0
219,573,2.0
299,573,2.0
98,574,2.0
299,574,3.5
125,575,2.0
373,576,3.5
411,576,4.0
439,576,4.0
439,577,4.5
125,578,3.5
16,579,3.5
21,579,2.0
43,579,4.0
45,579,5.0
47,579,3.5
75,579,4.0
89,579,4.5
125,579,2.5
139,579,3.5
186,579,4.5
188,579,4.5
228,579,4.5
246,579,4.5
257,579,4.5
258,579,3.5
279,579,4.0
299,579,5.0
301,579,4.5
316,579,3.0
337,579,3.5
422,579,4.5
434,579,2.5
435,579,4.0
439,579,4.0
442,579,4.0
4,580,5.0
9,580,3.0
10,580,4.5
11,580,5.0
14,580,5.0
17,580,4.0
27,580,3.5
33,580,4.0
41,580,5.0
42,580,4.0
45,580,4.5
47,580,2.5
62,580,5.0
65,580,4.0
67,580,4.5
70,580,4.0
73,580,4.0
74,580,4.0
75,580,4.0
91,580,4.5
93,580,3.5
99,580,4.5
101,580,4.0
103,580,3.0
116,580,4.5
125,580,4.5
130,580,5.0
132,580,4.0
133,580,5.0
147,580,4.0
172,580,5.0
173,580,3.5
182,580,0.5
186,580,4.5
194,580,4.0
203,580,4.5
204,580,4.0
211,580,4.5
212,580,4.0
217,580,5.0
218,580,3.5
219,580,4.0
220,580,4.0
228,580,4.5
231,580,3.0
242,580,3.5
246,580,5.0
249,580,3.0
250,580,4.5
252,580,4.0
257,580,4.0
269,580,4.0
275,580,5.0
276,580,5.0
279,580,4.5
281,580,4.5
287,580,5.0
299,580,5.0
318,580,5.0
326,580,4.5
332,580,3.0
334,580,5.0
346,580,4.5
347,580,5.0
348,580,4.0
353,580,5.0
357,580,4.0
373,580,4.0
383,580,4.0
385,580,5.0
386,580,4.5
394,580,5.0
404,580,3.0
409,580,5.0
411,580,4.0
413,580,4.0
414,580,4.0
416,580,2.0
424,580,3.5
432,580,4.5
434,580,2.5
435,580,5.0
436,580,5.0
438,580,3.0
439,580,4.5
441,580,3.5
442,580,4.0
67,581,4.0
346,581,4.0
6,582,3.0
7,582,4.0
29,582,3.0
34,582,3.5
47,582,3.5
71,582,5.0
79,582,3.0
93,582,2.0
98,582,3.0
100,582,3.5
115,582,3.0
119,582,4.0
122,582,4.0
164,582,3.5
195,582,2.0
212,582,0.5
258,582,3.5
277,582,3.5
293,582,5.0
299,582,2.0
312,582,2.0
351,582,2.0
352,582,1.0
354,582,2.0
386,582,2.5
413,582,3.0
425,582,4.0
431,582,4.5
64,583,5.0
153,583,1.0
164,583,3.0
194,583,2.0
195,583,1.0
275,583,3.0
299,583,1.0
320,583,3.0
327,583,2.5
392,583,3.5
299,584,4.0
346,584,3.0
439,584,3.5
46,585,4.0
125,585,3.5
353,585,4.5
434,585,3.0
439,585,2.5
346,586,2.0
14,587,3.5
21,587,2.5
29,587,5.0
41,587,5.0
43,587,3.5
47,587,2.5
58,587,4.5
79,587,0.5
86,587,4.5
132,587,4.0
164,587,4.0
175,587,4.0
194,587,3.0
203,587,1.0
204,587,4.0
227,587,5.0
262,587,4.5
276,587,2.0
284,587,2.0
299,587,3.0
310,587,4.0
313,587,3.0
316,587,4.5
327,587,3.0
346,587,3.5
351,587,3.0
412,587,2.5
422,587,4.0
434,587,2.5
441,587,4.5
442,587,4.0
21,588,3.0
52,588,4.0
125,588,4.0
304,588,3.0
346,588,4.0
299,589,3.5
346,589,4.0
299,590,3.0
299,591,2.0
327,591,3.0
299,592,3.5
219,593,1.5
123,594,1.5
299,594,3.0
312,594,2.5
320,594,3.0
434,594,2.5
125,595,2.0
164,595,3.5
257,595,5.0
299,595,5.0
439,595,2.5
194,596,3.5
438,596,3.0
125,597,4.0
212,597,0.5
434,597,2.0
441,597,3.5
12,598,3.5
16,598,4.5
30,598,4.0
33,598,2.5
35,598,4.5
42,598,5.0
43,598,3.5
47,598,3.5
49,598,4.5
59,598,3.0
65,598,3.0
73,598,3.0
86,598,4.5
93,598,3.0
101,598,3.5
125,598,4.0
130,598,4.0
155,598,5.0
164,598,3.0
169,598,4.5
188,598,3.5
195,598,5.0
200,598,4.0
219,598,2.5
220,598,3.0
228,598,3.5
231,598,4.0
239,598,2.5
253,598,4.0
256,598,4.0
258,598,2.5
264,598,0.5
276,598,3.5
284,598,5.0
299,598,4.0
304,598,4.5
305,598,4.0
313,598,4.5
318,598,4.0
320,598,3.5
327,598,4.0
328,598,4.5
337,598,4.5
346,598,4.0
348,598,4.0
351,598,3.5
357,598,4.0
369,598,3.5
383,598,3.5
386,598,4.0
411,598,4.0
413,598,4.0
422,598,4.0
434,598,4.5
435,598,3.5
439,598,4.0
441,598,3.5
442,598,4.0
138,599,3.0
346,599,3.0
34,600,0.5
405,600,0.5
16,601,0.5
18,601,4.0
43,601,5.0
45,601,5.0
47,601,3.0
65,601,3.0
73,601,4.5
77,601,5.0
86,601,4.5
93,601,2.0
108,601,3.0
116,601,4.5
125,601,4.0
138,601,4.5
159,601,4.0
186,601,3.0
203,601,5.0
212,601,3.0
228,601,4.0
257,601,3.5
279,601,2.5
299,601,5.0
327,601,1.5
346,601,4.5
348,601,4.5
351,601,3.5
358,601,2.5
369,601,2.0
412,601,3.5
416,601,3.5
434,601,3.5
435,601,3.0
442,601,5.0
320,602,1.0
299,603,2.5
320,603,3.0
434,603,2.5
12,604,4.0
14,604,3.5
30,604,2.0
43,604,3.0
47,604,2.5
54,604,3.5
58,604,4.0
59,604,4.0
65,604,4.0
75,604,4.0
91,604,2.0
93,604,3.0
97,604,2.5
122,604,2.5
153,604,2.5
159,604,3.5
162,604,3.0
164,604,2.5
167,604,3.5
169,604,2.5
175,604,3.5
194,604,3.5
204,604,2.0
219,604,2.0
224,604,3.0
226,604,4.0
246,604,3.5
252,604,4.0
256,604,4.0
264,604,0.5
275,604,3.0
284,604,3.5
299,604,4.0
309,604,4.0
310,604,4.0
348,604,3.0
351,604,4.0
353,604,1.5
357,604,2.0
397,604,4.0
411,604,4.0
422,604,4.5
428,604,3.0
434,604,2.0
435,604,3.5
441,604,4.5
442,604,4.0
125,605,3.0
204,605,3.0
299,605,3.5
21,606,2.5
346,606,4.0
125,607,3.0
299,608,4.0
346,608,4.5
299,609,3.5
434,609,2.0
175,610,2.5
194,610,2.0
204,610,2.5
212,610,0.5
218,610,4.0
219,610,0.5
262,610,4.0
275,610,3.0
305,610,3.5
14,611,4.0
75,611,3.5
79,611,5.0
119,611,4.5
175,611,3.5
194,611,4.0
212,611,3.0
230,611,4.0
246,611,4.0
299,611,4.0
312,611,3.5
327,611,4.0
345,611,3.5
362,611,3.0
386,611,0.5
411,611,3.5
441,611,2.0
354,612,4.5
320,613,2.5
108,614,4.5
299,614,2.5
331,614,4.0
18,615,4.0
52,615,4.0
75,615,4.0
93,615,3.5
98,615,3.0
125,615,4.5
159,615,4.0
170,615,4.0
179,615,4.0
203,615,4.5
217,615,3.5
228,615,4.0
299,615,3.0
346,615,4.0
357,615,3.0
386,615,3.5
67,616,4.0
257,616,5.0
299,616,3.5
320,616,4.0
346,616,2.5
434,616,3.0
59,617,4.0
175,617,3.0
194,617,1.5
195,617,2.0
299,617,2.0
320,617,3.0
327,617,2.0
128,618,3.0
194,618,2.5
203,618,0.5
275,618,3.0
320,618,2.5
125,619,3.0
279,619,4.0
299,619,4.0
320,619,2.5
33,620,2.0
43,620,4.0
47,620,4.0
67,620,4.0
71,620,4.0
73,620,4.0
75,620,3.5
79,620,4.0
85,620,3.0
86,620,4.5
97,620,1.5
102,620,3.5
125,620,4.0
127,620,3.0
132,620,3.5
147,620,3.0
164,620,4.0
175,620,4.5
187,620,0.5
192,620,3.0
194,620,3.5
195,620,3.0
200,620,4.0
219,620,1.0
246,620,3.0
292,620,4.0
299,620,4.0
312,620,3.0
313,620,2.0
320,620,3.5
346,620,3.5
351,620,2.5
353,620,1.0
354,620,3.0
362,620,5.0
373,620,3.5
411,620,4.0
413,620,5.0
422,620,2.5
434,620,2.5
439,620,4.0
52,621,4.0
67,621,4.0
77,621,5.0
98,621,2.5
125,621,3.5
224,621,4.0
252,621,3.5
299,621,3.5
346,621,4.5
369,621,4.5
439,621,3.5
4,622,4.5
12,622,3.5
14,622,4.5
15,622,4.0
16,622,0.5
27,622,1.0
33,622,2.5
34,622,5.0
41,622,4.5
43,622,3.5
47,622,5.0
55,622,5.0
67,622,3.0
73,622,2.5
74,622,4.5
75,622,3.5
79,622,4.0
82,622,4.0
89,622,3.0
91,622,4.0
93,622,3.0
97,622,3.0
103,622,4.0
117,622,4.5
119,622,4.5
122,622,5.0
125,622,3.5
127,622,2.5
132,622,5.0
139,622,4.0
143,622,3.5
145,622,4.5
153,622,2.5
154,622,4.5
159,622,2.5
164,622,3.0
165,622,3.5
169,622,4.0
172,622,3.0
175,622,3.5
188,622,3.0
189,622,4.0
194,622,3.0
195,622,2.0
198,622,4.0
203,622,1.5
204,622,3.0
206,622,5.0
207,622,3.5
212,622,3.0
215,622,4.5
217,622,3.0
219,622,3.0
220,622,5.0
224,622,3.0
228,622,3.0
237,622,4.0
246,622,2.5
247,622,4.0
258,622,4.0
264,622,2.5
275,622,3.0
276,622,4.0
277,622,4.0
299,622,3.0
303,622,4.5
310,622,3.5
311,622,5.0
312,622,2.0
313,622,2.0
320,622,4.0
331,622,4.0
334,622,4.0
341,622,5.0
346,622,4.5
347,622,4.5
348,622,3.5
351,622,3.5
353,622,3.5
357,622,3.0
358,622,2.5
359,622,5.0
373,622,3.5
380,622,4.0
384,622,3.0
386,622,3.5
392,622,4.0
404,622,4.0
405,622,3.5
408,622,4.5
411,622,3.0
422,622,3.0
423,622,5.0
428,622,3.5
430,622,2.0
433,622,5.0
434,622,3.0
435,622,4.0
438,622,3.5
439,622,4.0
441,622,3.0
442,622,4.0
299,623,4.5
125,624,4.5
186,625,3.5
299,625,3.0
346,625,4.0
299,626,4.0
194,627,4.0
275,627,5.0
442,627,5.0
5,628,3.0
15,628,5.0
42,628,3.0
47,628,3.5
59,628,4.0
75,628,4.0
115,628,3.0
125,628,3.5
139,628,4.0
153,628,2.5
154,628,1.0
164,628,3.0
175,628,3.5
194,628,3.0
212,628,2.5
224,628,2.0
275,628,3.0
276,628,4.0
299,628,3.0
320,628,3.0
327,628,2.5
341,628,3.5
351,628,2.5
357,628,1.0
380,628,0.5
428,628,2.0
441,628,3.5
98,629,3.5
119,629,4.5
125,629,4.0
346,629,3.5
59,630,3.0
79,630,4.0
194,630,2.0
219,630,2.0
351,630,1.0
346,631,2.5
203,632,3.5
299,632,4.0
331,632,5.0
346,632,4.0
422,632,3.0
43,633,3.5
75,633,3.5
93,633,3.5
170,633,4.0
195,633,4.0
252,633,4.5
299,633,4.0
326,633,4.5
346,633,4.0
357,633,4.5
411,633,4.0
422,633,4.0
435,633,4.5
439,633,4.0
98,634,1.0
194,634,2.5
320,634,2.0
435,634,0.5
299,635,1.5
320,635,2.0
77,636,5.0
97,636,0.5
115,636,3.0
119,636,2.5
125,636,4.0
164,636,2.0
182,636,2.5
204,636,3.5
212,636,1.0
224,636,4.0
234,636,4.0
299,636,4.0
320,636,3.0
327,636,1.5
348,636,4.5
357,636,4.0
411,636,3.5
422,636,3.5
434,636,2.5
439,636,3.0
31,637,4.0
164,637,2.5
228,637,2.5
275,637,3.0
290,637,5.0
320,637,3.5
392,637,4.5
427,637,3.5
219,638,1.5
5,639,4.0
52,639,5.0
59,640,4.0
200,640,3.5
212,640,2.5
251,640,3.0
313,640,2.0
320,640,2.5
327,640,1.5
351,640,1.5
441,641,4.5
5,642,5.0
16,642,3.5
43,642,4.5
45,642,5.0
67,642,5.0
98,642,3.0
108,642,4.5
115,642,4.0
125,642,4.5
132,642,3.5
138,642,3.5
155,642,4.0
172,642,4.5
179,642,5.0
186,642,2.0
192,642,4.5
195,642,5.0
203,642,3.5
204,642,4.0
212,642,2.5
224,642,4.0
228,642,4.0
242,642,3.5
251,642,4.0
257,642,4.0
268,642,4.0
279,642,3.5
284,642,0.5
299,642,5.0
301,642,4.0
305,642,4.0
314,642,5.0
320,642,4.0
337,642,3.5
346,642,3.5
348,642,4.0
351,642,4.5
353,642,5.0
357,642,2.5
369,642,4.5
418,642,4.0
422,642,3.5
434,642,3.0
435,642,5.0
441,642,4.0
442,642,4.0
12,643,3.5
18,643,3.0
21,643,3.0
31,643,4.0
41,643,4.5
42,643,3.5
43,643,3.5
58,643,4.5
60,643,3.5
65,643,4.5
75,643,4.0
89,643,3.5
97,643,2.0
112,643,3.0
125,643,4.0
153,643,3.5
159,643,4.5
164,643,3.5
169,643,5.0
175,643,4.5
193,643,4.0
194,643,4.0
197,643,3.0
217,643,4.0
228,643,4.0
240,643,3.5
256,643,4.0
258,643,4.0
275,643,5.0
281,643,4.0
299,643,4.0
320,643,5.0
335,643,3.5
348,643,4.0
353,643,3.5
383,643,3.5
386,643,4.0
411,643,3.5
419,643,5.0
422,643,5.0
432,643,4.0
434,643,2.5
441,643,5.0
442,643,3.5
130,644,4.0
194,644,3.0
279,644,4.0
431,644,0.5
442,644,5.0
119,645,4.0
125,645,2.0
164,645,4.0
212,645,2.0
299,645,2.5
320,645,3.0
79,646,3.0
164,646,3.0
194,646,2.5
212,646,2.0
327,646,2.5
354,646,4.0
6,647,3.0
18,647,2.0
30,647,2.0
47,647,3.5
79,647,3.0
98,647,2.5
119,647,4.0
122,647,4.0
125,647,2.5
212,647,0.5
219,647,0.5
299,647,2.5
320,647,3.5
351,647,1.5
357,647,0.5
414,647,3.5
431,647,4.5
435,647,3.0
439,647,3.0
12,648,2.5
145,648,4.0
182,648,4.0
194,648,1.0
204,648,3.0
223,648,2.5
275,648,3.0
299,648,3.0
320,648,3.0
327,648,3.0
346,648,3.5
348,648,4.0
352,648,4.5
384,648,4.0
412,648,3.0
427,648,4.0
428,648,2.0
434,648,2.5
441,648,2.5
21,649,3.0
42,649,1.0
77,649,5.0
98,649,3.0
108,649,3.5
115,649,3.0
119,649,4.0
125,649,3.5
155,649,4.5
185,649,5.0
204,649,4.0
212,649,2.5
219,649,1.5
224,649,4.0
299,649,4.0
327,649,3.5
346,649,3.5
348,649,4.0
357,649,4.0
369,649,3.0
374,649,3.5
397,649,1.0
412,649,3.5
434,649,1.5
435,649,0.5
441,649,3.0
98,650,3.0
142,651,5.0
299,651,3.5
252,652,3.0
299,652,2.5
301,652,5.0
346,652,2.5
4,653,4.5
5,653,5.0
6,653,4.0
9,653,3.5
10,653,3.5
11,653,5.0
12,653,3.5
14,653,5.0
15,653,2.0
19,653,5.0
21,653,3.5
23,653,5.0
24,653,1.0
27,653,2.0
40,653,4.5
41,653,5.0
42,653,3.5
43,653,4.5
45,653,5.0
46,653,2.0
47,653,4.0
53,653,4.0
54,653,3.0
55,653,5.0
60,653,3.5
61,653,4.0
63,653,5.0
65,653,4.0
67,653,4.5
73,653,3.5
74,653,4.0
75,653,4.0
76,653,5.0
77,653,3.0
80,653,5.0
85,653,4.5
87,653,3.5
91,653,4.5
92,653,3.5
93,653,3.0
95,653,4.5
97,653,4.0
98,653,4.0
99,653,3.5
101,653,4.5
103,653,3.0
112,653,1.5
115,653,5.0
116,653,4.5
117,653,4.5
119,653,4.5
122,653,2.0
123,653,4.0
125,653,3.0
128,653,4.0
130,653,4.5
131,653,4.0
136,653,3.0
139,653,4.5
141,653,5.0
144,653,5.0
145,653,4.0
147,653,3.0
148,653,4.0
149,653,4.0
152,653,4.0
153,653,3.5
154,653,4.5
156,653,3.5
159,653,4.0
162,653,3.5
163,653,3.0
164,653,4.0
165,653,4.0
169,653,5.0
172,653,5.0
173,653,4.0
175,653,4.5
180,653,4.0
183,653,3.0
188,653,4.0
189,653,4.5
194,653,3.5
195,653,4.0
197,653,5.0
202,653,4.5
203,653,4.0
204,653,3.5
207,653,3.5
212,653,4.0
217,653,5.0
219,653,3.0
220,653,4.0
221,653,4.0
224,653,5.0
226,653,3.0
228,653,3.5
235,653,4.0
237,653,4.0
238,653,4.0
239,653,4.5
240,653,4.0
242,653,3.5
245,653,3.0
246,653,4.0
249,653,5.0
253,653,5.0
254,653,4.0
255,653,5.0
257,653,3.5
262,653,5.0
264,653,3.0
269,653,4.5
272,653,3.5
274,653,4.5
275,653,5.0
276,653,4.0
277,653,5.0
284,653,5.0
288,653,5.0
290,653,3.0
294,653,5.0
295,653,5.0
299,653,5.0
301,653,2.5
302,653,5.0
303,653,5.0
305,653,4.5
310,653,4.5
311,653,2.0
312,653,4.5
313,653,3.5
316,653,4.0
318,653,5.0
320,653,4.0
321,653,4.0
325,653,5.0
326,653,4.0
327,653,4.0
328,653,2.0
335,653,5.0
337,653,4.0
338,653,5.0
339,653,5.0
341,653,4.0
344,653,4.0
346,653,5.0
347,653,5.0
348,653,4.0
351,653,4.5
353,653,4.5
355,653,4.0
356,653,5.0
357,653,4.0
358,653,3.5
362,653,0.5
363,653,4.0
364,653,2.0
369,653,4.0
373,653,5.0
374,653,3.0
376,653,3.0
377,653,2.0
383,653,3.5
384,653,2.5
385,653,5.0
392,653,4.0
393,653,4.5
402,653,3.5
404,653,2.0
408,653,4.0
411,653,4.0
412,653,5.0
416,653,3.0
419,653,4.5
422,653,4.5
423,653,4.5
427,653,5.0
428,653,5.0
430,653,4.0
432,653,3.5
434,653,3.0
435,653,5.0
436,653,5.0
438,653,5.0
439,653,4.5
441,653,4.5
442,653,5.0
442,654,4.0
43,655,4.5
115,655,3.0
125,655,4.0
130,655,3.5
155,655,4.5
165,655,4.0
180,655,3.5
194,655,3.5
204,655,3.0
212,655,3.0
299,655,4.0
320,655,3.0
327,655,4.0
346,655,4.0
354,655,4.0
406,655,4.5
422,655,4.0
426,655,4.0
434,655,3.5
439,655,4.0
441,655,4.0
442,655,5.0
21,656,3.0
47,656,3.5
219,656,3.0
299,656,3.5
337,656,3.5
346,656,3.5
351,656,3.0
369,656,4.0
401,656,5.0
5,657,4.0
12,657,4.0
21,657,2.0
25,657,2.0
34,657,5.0
43,657,4.0
54,657,3.5
67,657,4.0
73,657,5.0
75,657,4.0
89,657,4.5
93,657,1.5
97,657,2.5
115,657,3.0
122,657,3.5
125,657,4.0
132,657,3.0
156,657,4.0
159,657,4.0
164,657,4.5
165,657,3.5
175,657,4.5
194,657,3.0
200,657,4.5
212,657,3.0
217,657,4.5
224,657,5.0
227,657,3.0
228,657,4.0
239,657,4.5
254,657,4.0
256,657,4.0
299,657,4.0
304,657,2.5
320,657,0.5
327,657,4.5
346,657,3.5
348,657,4.0
351,657,5.0
362,657,4.5
380,657,1.0
383,657,3.0
386,657,3.0
392,657,3.5
405,657,3.0
411,657,3.5
412,657,3.0
419,657,3.0
428,657,3.5
432,657,2.0
434,657,3.0
435,657,2.5
439,657,4.0
441,657,4.0
442,657,3.5
6,658,3.0
45,658,4.0
74,658,3.5
97,658,1.5
111,658,3.0
119,658,4.0
122,658,4.0
204,658,3.0
218,658,4.0
258,658,2.5
275,658,3.0
276,658,4.0
277,658,3.5
299,658,1.5
320,658,3.5
327,658,2.5
362,658,4.0
369,658,2.5
431,658,5.0
92,659,2.5
98,659,3.0
115,659,3.0
125,659,3.5
275,659,4.0
279,659,3.5
434,659,2.5
441,659,4.0
442,659,3.5
4,660,4.0
9,660,5.0
12,660,4.0
14,660,4.5
15,660,3.5
21,660,3.5
27,660,4.0
29,660,5.0
30,660,2.0
41,660,4.5
42,660,4.0
47,660,3.5
55,660,2.0
58,660,4.5
63,660,4.0
65,660,2.5
71,660,4.5
75,660,4.5
77,660,5.0
79,660,4.0
85,660,4.5
86,660,4.5
98,660,4.0
99,660,3.0
115,660,4.0
116,660,4.0
119,660,5.0
122,660,4.5
132,660,4.0
138,660,4.0
139,660,4.5
153,660,3.5
154,660,4.0
156,660,4.5
159,660,4.5
164,660,4.0
165,660,3.5
169,660,4.0
173,660,3.5
175,660,3.5
182,660,4.5
184,660,5.0
187,660,5.0
194,660,4.0
198,660,4.5
200,660,5.0
202,660,3.5
203,660,2.5
204,660,3.5
207,660,2.0
212,660,3.0
215,660,4.0
217,660,5.0
219,660,3.5
224,660,4.0
227,660,5.0
228,660,4.0
237,660,3.5
238,660,4.0
246,660,5.0
250,660,4.0
254,660,4.0
256,660,4.0
257,660,3.5
258,660,4.5
261,660,2.5
262,660,3.5
264,660,5.0
269,660,3.5
272,660,4.5
275,660,4.0
276,660,4.0
281,660,2.0
292,660,3.5
299,660,4.0
310,660,3.5
311,660,4.0
313,660,3.0
316,660,4.0
318,660,3.5
320,660,3.5
327,660,4.0
335,660,4.0
339,660,5.0
341,660,3.5
346,660,4.0
351,660,5.0
353,660,4.5
357,660,3.5
362,660,5.0
369,660,4.0
380,660,2.0
382,660,4.0
385,660,5.0
386,660,3.5
393,660,5.0
397,660,4.5
398,660,5.0
403,660,4.0
404,660,4.0
406,660,5.0
411,660,4.0
412,660,3.0
413,660,4.0
418,660,3.5
419,660,4.0
423,660,3.5
428,660,3.5
430,660,2.0
432,660,3.0
434,660,3.0
436,660,4.5
439,660,3.0
441,660,4.0
442,660,3.5
439,661,3.5
4,662,4.5
14,662,5.0
30,662,2.0
43,662,3.5
47,662,3.5
59,662,3.5
74,662,5.0
79,662,2.5
93,662,4.0
99,662,3.5
108,662,4.5
112,662,5.0
115,662,4.0
117,662,3.5
119,662,5.0
122,662,4.0
125,662,4.0
132,662,3.5
139,662,5.0
159,662,3.5
164,662,4.0
179,662,5.0
188,662,5.0
195,662,4.0
212,662,2.5
219,662,3.0
224,662,4.0
246,662,2.5
258,662,4.5
275,662,4.0
279,662,2.5
299,662,5.0
320,662,3.0
346,662,4.0
357,662,4.0
369,662,3.5
373,662,3.0
380,662,2.5
384,662,1.5
386,662,4.5
397,662,4.5
411,662,4.0
414,662,3.5
422,662,2.0
432,662,3.5
434,662,2.0
435,662,4.0
439,662,4.0
441,662,4.0
93,663,4.0
105,663,4.0
112,663,5.0
125,663,4.5
203,663,5.0
212,663,2.5
223,663,4.5
257,663,5.0
299,663,3.5
346,663,3.0
357,663,3.5
369,663,2.5
386,663,3.5
435,663,1.0
439,663,4.0
115,664,2.0
125,664,3.0
299,664,4.0
346,664,3.0
434,664,2.5
299,665,4.0
346,665,4.0
12,666,4.5
21,666,3.0
22,666,5.0
27,666,4.0
41,666,4.5
47,666,4.0
49,666,4.0
52,666,5.0
63,666,4.5
75,666,4.0
84,666,3.5
85,666,4.5
98,666,3.0
119,666,4.5
123,666,4.5
125,666,4.5
127,666,4.5
136,666,3.0
138,666,5.0
142,666,4.0
164,666,4.5
165,666,4.0
175,666,3.5
180,666,4.5
200,666,4.0
201,666,4.0
214,666,4.5
227,666,2.0
235,666,5.0
238,666,3.5
246,666,5.0
252,666,4.0
255,666,5.0
264,666,1.0
276,666,5.0
299,666,4.5
326,666,3.5
338,666,3.0
339,666,4.0
346,666,4.5
351,666,5.0
356,666,4.5
357,666,3.5
423,666,5.0
434,666,4.0
439,666,4.5
125,667,2.5
434,667,2.0
125,668,3.0
299,668,3.5
346,668,3.5
79,669,4.0
108,669,3.5
125,669,3.0
204,669,4.0
257,669,4.5
279,669,3.5
299,669,3.5
346,669,3.5
351,669,3.5
405,669,3.0
422,669,3.5
434,669,3.0
435,669,3.0
441,669,4.5
442,669,4.0
119,670,3.5
194,670,3.5
434,670,2.0
59,671,3.0
79,671,2.5
159,671,3.0
164,671,3.0
212,671,0.5
351,671,1.5
389,671,3.5
431,671,5.0
442,672,3.0
74,673,3.0
204,673,3.0
219,673,2.0
299,673,2.0
164,674,2.5
275,674,1.0
59,675,4.0
164,675,3.0
194,675,2.0
219,675,1.5
275,675,2.0
11,676,4.5
27,676,4.0
39,676,4.0
42,676,4.5
43,676,3.5
52,676,5.0
54,676,3.0
60,676,5.0
67,676,5.0
73,676,5.0
75,676,5.0
78,676,4.5
87,676,3.5
89,676,4.0
92,676,4.0
104,676,4.5
118,676,4.5
122,676,3.5
123,676,5.0
125,676,4.0
132,676,5.0
133,676,4.0
138,676,4.0
155,676,5.0
165,676,3.5
170,676,3.5
172,676,3.5
173,676,4.0
179,676,4.5
186,676,4.0
194,676,4.0
210,676,4.0
212,676,2.5
214,676,5.0
217,676,5.0
219,676,3.5
220,676,1.0
227,676,3.0
228,676,4.0
235,676,5.0
239,676,5.0
242,676,4.0
246,676,5.0
249,676,5.0
253,676,5.0
254,676,4.0
275,676,4.0
279,676,3.5
281,676,4.5
286,676,4.0
299,676,4.0
300,676,4.5
302,676,5.0
310,676,4.5
316,676,4.0
317,676,3.5
318,676,5.0
325,676,4.0
326,676,2.0
327,676,5.0
332,676,4.0
343,676,4.0
346,676,4.0
351,676,3.5
353,676,4.0
358,676,4.0
384,676,4.5
406,676,5.0
422,676,4.5
426,676,5.0
434,676,3.0
436,676,4.0
439,676,4.0
441,676,3.0
442,676,5.0
164,677,2.0
194,677,3.0
219,677,1.5
442,677,2.0
125,678,4.0
346,678,4.0
411,678,3.5
346,679,3.0
164,680,2.0
41,681,3.5
125,681,2.5
148,681,4.0
164,681,3.0
175,681,3.0
194,681,3.0
219,681,2.0
275,681,3.0
304,681,3.5
442,681,3.0
58,682,5.0
71,682,4.5
97,682,1.5
98,682,3.0
125,682,3.0
164,682,3.5
200,682,4.5
204,682,3.5
212,682,2.0
256,682,3.5
299,682,3.0
313,682,3.5
320,682,3.0
327,682,3.5
411,682,3.5
434,682,2.5
441,682,4.0
74,683,4.0
219,683,2.0
125,684,3.5
130,684,4.0
186,684,2.5
299,684,3.0
346,684,3.0
434,684,2.5
279,685,3.5
346,685,2.5
442,685,4.0
125,686,4.0
6,687,3.0
15,687,3.5
30,687,3.0
43,687,0.5
47,687,5.0
51,687,3.5
59,687,3.5
79,687,4.0
93,687,3.0
100,687,4.0
119,687,4.5
122,687,4.5
132,687,3.0
149,687,5.0
175,687,3.0
198,687,3.5
258,687,3.0
264,687,4.0
299,687,2.0
320,687,4.0
351,687,2.5
354,687,3.5
357,687,1.0
386,687,2.5
411,687,2.5
414,687,3.0
415,687,3.0
431,687,5.0
435,687,2.5
14,688,3.0
59,688,4.5
64,688,4.0
119,688,3.5
122,688,3.0
153,688,3.0
164,688,3.0
194,688,2.5
195,688,4.0
275,688,3.0
320,688,3.0
346,688,3.5
351,688,3.0
373,688,3.0
392,688,4.0
411,688,2.0
412,688,1.5
427,688,4.0
442,688,3.5
14,689,2.0
21,689,1.5
47,689,2.0
59,689,3.0
93,689,3.0
97,689,2.0
116,689,2.5
122,689,3.0
125,689,2.5
153,689,1.5
164,689,4.0
194,689,2.5
204,689,3.5
239,689,1.0
275,689,3.0
276,689,2.5
299,689,3.0
310,689,3.5
320,689,4.0
327,689,1.5
346,689,3.0
348,689,3.5
362,689,2.0
386,689,2.0
389,689,2.5
416,689,0.5
428,689,2.0
432,689,1.5
434,689,2.5
438,689,2.5
441,689,4.0
442,689,2.5
280,690,3.0
299,691,5.0
346,691,3.5
299,692,3.5
346,692,2.5
434,692,3.5
346,693,4.5
98,694,3.0
299,694,3.5
434,694,2.5
164,695,3.0
75,696,5.0
79,696,3.5
125,696,4.5
219,696,4.0
299,696,3.0
316,696,3.5
384,696,3.0
441,696,4.0
43,697,5.0
45,697,3.5
47,697,4.5
64,697,3.0
74,697,2.0
79,697,4.5
86,697,4.5
88,697,4.0
115,697,4.0
119,697,4.5
125,697,3.0
153,697,2.5
159,697,5.0
164,697,4.0
175,697,4.5
194,697,3.0
200,697,3.0
203,697,3.5
212,697,3.0
256,697,2.5
257,697,3.5
261,697,4.5
299,697,4.0
309,697,4.5
313,697,4.0
320,697,3.5
327,697,3.5
351,697,4.0
354,697,4.0
386,697,1.0
397,697,1.0
412,697,3.5
415,697,4.5
419,697,4.5
425,697,3.0
428,697,2.5
434,697,3.0
439,697,1.5
441,697,3.5
125,698,5.0
47,699,3.5
125,699,3.5
441,699,4.5
299,700,4.0
346,700,4.0
194,701,3.5
275,701,4.0
320,701,3.0
228,702,3.0
299,702,3.5
346,702,3.5
439,703,3.5
305,704,3.0
122,705,2.5
164,705,2.5
219,705,2.5
309,705,1.0
327,705,1.5
428,705,1.5
98,706,3.0
164,706,4.0
194,706,3.5
212,706,0.5
299,706,2.0
304,706,3.5
434,706,2.0
43,707,4.0
75,707,4.5
130,707,4.0
170,707,4.0
254,707,4.0
279,707,3.5
316,707,3.5
416,707,3.0
442,707,4.5
125,708,3.0
138,708,3.0
299,708,3.0
299,709,4.0
346,709,3.5
125,710,4.5
434,710,1.5
43,711,4.0
47,711,2.0
64,711,2.5
65,711,1.5
67,711,4.5
74,711,4.0
91,711,4.5
93,711,3.0
98,711,3.0
101,711,3.5
108,711,4.5
119,711,4.0
138,711,3.5
139,711,4.0
159,711,2.5
180,711,1.5
188,711,4.0
195,711,5.0
198,711,3.0
202,711,3.0
212,711,1.5
219,711,1.0
228,711,2.5
247,711,3.0
256,711,3.5
275,711,4.0
276,711,4.5
277,711,3.5
281,711,2.0
299,711,5.0
320,711,3.5
327,711,2.0
341,711,4.0
346,711,4.0
355,711,2.0
357,711,2.5
386,711,3.5
411,711,3.5
430,711,5.0
439,711,4.0
65,712,3.0
98,712,3.0
164,712,3.0
194,713,2.0
219,713,1.0
275,713,4.0
299,713,3.0
299,714,3.0
254,715,4.0
299,715,2.5
59,716,3.5
219,716,2.0
299,716,2.0
327,716,2.0
112,717,2.0
175,717,3.0
194,717,3.5
219,717,0.5
275,717,3.0
348,717,3.5
442,717,3.0
93,718,2.0
119,719,2.5
219,719,1.5
299,719,2.5
346,719,3.0
254,720,3.5
275,720,4.0
125,721,0.5
164,721,3.0
194,721,3.0
212,721,0.5
216,721,3.5
299,721,2.0
320,721,3.5
348,721,3.0
219,722,1.0
320,722,3.5
6,723,3.0
47,723,2.5
59,723,3.0
119,723,4.0
299,723,3.0
320,723,3.5
373,723,2.0
414,723,3.5
434,724,2.0
299,725,4.0
346,725,3.5
299,726,4.0
346,726,4.5
98,727,4.0
299,728,2.0
320,728,2.5
21,729,1.5
43,729,4.0
47,729,2.0
58,729,3.5
75,729,4.0
98,729,3.0
125,729,2.5
153,729,2.5
164,729,3.5
175,729,4.0
194,729,4.0
212,729,1.5
227,729,4.0
239,729,3.0
246,729,4.0
275,729,3.5
279,729,3.5
284,729,3.0
299,729,2.5
327,729,3.0
341,729,4.0
345,729,2.0
346,729,3.5
351,729,3.5
354,729,2.5
357,729,1.5
386,729,3.5
411,729,3.0
419,729,4.5
428,729,2.5
441,729,4.0
442,729,3.5
65,730,4.5
117,730,5.0
127,730,4.0
130,730,3.5
153,730,3.5
164,730,2.5
186,730,3.5
212,730,4.5
230,730,3.5
270,730,4.5
279,730,3.5
299,730,4.0
313,730,3.5
320,730,4.5
348,730,4.5
353,730,4.5
384,730,4.0
422,730,2.0
434,730,4.0
442,730,4.5
125,731,4.0
252,732,3.5
299,732,4.0
346,732,4.0
439,732,4.0
12,733,3.0
27,733,5.0
29,733,5.0
43,733,2.0
45,733,4.5
47,733,2.0
59,733,4.0
64,733,1.0
79,733,3.5
122,733,2.5
138,733,1.5
153,733,2.5
159,733,2.5
164,733,3.5
194,733,2.0
200,733,3.5
212,733,2.5
219,733,3.5
240,733,3.5
275,733,3.0
299,733,2.0
304,733,3.5
305,733,3.5
314,733,3.0
354,733,3.5
357,733,2.5
373,733,2.5
398,733,5.0
422,733,2.5
431,733,4.0
434,733,1.5
439,733,3.0
441,733,4.0
442,733,3.0
67,734,4.0
186,734,4.5
299,734,3.5
346,734,3.5
346,735,3.5
156,736,2.0
194,736,3.5
279,736,1.0
309,736,4.5
351,736,2.5
434,736,2.5
442,736,3.0
93,737,3.5
346,737,4.0
416,737,3.0
125,738,1.5
153,738,1.5
164,738,3.0
212,738,0.5
275,738,2.5
299,738,2.0
320,738,2.5
373,738,3.0
422,738,4.0
441,738,4.0
442,738,2.0
299,739,2.0
43,740,4.0
108,740,4.0
164,740,2.5
203,740,5.0
258,740,4.5
268,740,3.0
299,740,3.5
327,740,4.0
346,740,4.0
351,740,3.0
377,740,4.0
386,740,4.0
441,740,2.5
442,740,4.5
14,741,4.0
47,741,3.5
79,741,3.5
98,741,3.0
108,741,4.0
122,741,3.5
164,741,4.0
194,741,3.5
204,741,4.0
207,741,4.5
212,741,2.0
219,741,2.5
275,741,4.0
276,741,3.5
290,741,3.5
299,741,3.5
320,741,2.5
346,741,3.5
373,741,3.5
428,741,2.5
159,742,3.0
164,742,3.0
219,742,2.0
98,743,3.0
108,743,4.5
188,743,3.5
299,743,4.0
346,743,3.5
348,743,4.5
351,743,3.0
377,743,2.5
434,743,3.0
12,744,4.5
310,744,4.0
422,744,5.0
155,745,5.0
299,745,4.0
351,745,3.5
112,746,1.0
219,746,2.0
299,746,4.0
320,746,4.0
353,746,4.0
434,746,2.0
34,747,4.5
43,747,3.5
47,747,2.5
58,747,4.0
93,747,3.0
125,747,3.5
159,747,4.0
194,747,4.0
219,747,3.0
258,747,3.5
275,747,5.0
299,747,3.5
309,747,4.5
310,747,4.0
346,747,3.0
348,747,4.0
374,747,1.5
381,747,4.5
413,747,4.5
418,747,4.0
441,747,4.0
442,747,3.0
119,748,2.5
434,748,2.5
65,749,3.5
205,749,3.5
346,749,3.5
228,750,3.0
125,751,3.5
434,751,2.5
43,752,4.5
119,752,5.0
157,752,4.0
164,752,3.0
186,752,4.5
188,752,3.5
203,752,4.0
258,752,4.5
299,752,4.0
327,752,3.5
346,752,4.0
386,752,4.5
441,752,2.0
100,753,4.5
122,753,2.5
277,753,3.0
299,753,2.0
4,754,4.0
12,754,4.0
14,754,4.0
21,754,2.5
24,754,5.0
29,754,5.0
31,754,3.5
41,754,3.0
43,754,3.5
45,754,4.0
47,754,4.5
51,754,5.0
65,754,4.0
67,754,4.0
75,754,4.0
86,754,4.5
91,754,4.5
93,754,3.0
97,754,2.5
116,754,4.5
117,754,4.5
122,754,3.5
125,754,1.5
132,754,3.0
139,754,4.0
153,754,3.0
154,754,5.0
162,754,3.5
164,754,3.5
169,754,4.0
175,754,3.5
180,754,3.5
188,754,3.0
194,754,4.0
204,754,3.5
212,754,2.5
216,754,5.0
223,754,3.0
237,754,0.5
238,754,4.0
240,754,3.5
257,754,3.0
264,754,3.0
275,754,5.0
276,754,3.0
279,754,2.5
284,754,5.0
288,754,5.0
299,754,4.0
305,754,3.5
310,754,3.0
313,754,2.0
314,754,4.0
316,754,4.0
318,754,4.0
320,754,4.0
327,754,4.0
343,754,2.5
346,754,5.0
347,754,4.0
348,754,4.0
351,754,4.0
358,754,2.5
381,754,4.5
392,754,4.0
416,754,2.5
418,754,4.0
419,754,4.0
422,754,4.5
427,754,5.0
428,754,3.5
431,754,4.5
432,754,4.0
434,754,3.0
441,754,4.0
442,754,4.0
125,755,2.5
299,755,4.0
346,755,4.0
125,756,4.5
299,756,4.0
346,756,3.0
346,757,3.0
186,758,3.0
204,758,3.5
299,758,4.0
346,758,3.5
59,759,3.5
122,759,2.5
164,759,3.0
175,759,2.5
212,759,0.5
275,759,2.0
119,760,4.0
299,760,3.5
346,760,3.5
439,760,4.5
125,761,4.0
299,761,3.0
346,761,3.5
434,761,2.5
422,762,2.0
281,763,3.5
4,764,4.0
12,764,3.5
14,764,4.0
15,764,3.5
21,764,3.5
29,764,5.0
41,764,5.0
42,764,2.0
43,764,3.0
47,764,4.0
58,764,4.0
65,764,3.0
67,764,4.0
75,764,4.5
79,764,1.0
85,764,4.0
91,764,4.0
93,764,3.5
95,764,3.5
99,764,3.0
112,764,2.0
119,764,4.0
122,764,2.5
125,764,2.0
130,764,2.0
138,764,2.5
139,764,5.0
145,764,4.5
153,764,3.0
154,764,4.5
157,764,3.0
159,764,3.0
162,764,4.0
164,764,4.0
165,764,3.0
169,764,5.0
172,764,4.5
173,764,3.0
174,764,3.5
175,764,3.5
193,764,3.5
194,764,3.0
202,764,1.5
212,764,3.0
217,764,3.0
221,764,2.5
223,764,3.5
228,764,3.5
238,764,3.5
240,764,3.0
256,764,1.0
257,764,4.0
261,764,3.0
262,764,4.0
269,764,3.5
270,764,5.0
272,764,3.5
275,764,4.0
276,764,4.0
277,764,4.0
284,764,5.0
299,764,4.0
301,764,0.5
304,764,4.0
313,764,3.0
314,764,4.5
316,764,4.0
318,764,2.0
320,764,3.5
327,764,1.5
346,764,3.0
347,764,4.5
348,764,3.5
351,764,2.5
353,764,2.5
357,764,1.5
358,764,2.5
362,764,3.0
373,764,2.5
381,764,4.0
383,764,3.5
386,764,2.5
396,764,3.5
397,764,1.0
404,764,4.0
411,764,3.5
412,764,2.5
419,764,4.5
422,764,5.0
427,764,4.0
428,764,3.0
432,764,3.0
434,764,3.0
439,764,2.0
441,764,5.0
442,764,4.0
67,765,3.5
74,765,4.0
93,765,3.0
212,765,0.5
299,765,4.0
320,765,3.0
346,765,4.0
351,765,2.5
357,765,1.5
373,765,3.0
130,766,5.0
228,766,4.0
299,766,3.5
346,766,3.5
186,767,4.5
257,767,4.5
299,767,5.0
346,767,2.5
439,767,3.5
34,768,0.5
12,769,3.5
15,769,3.0
27,769,4.0
29,769,4.0
30,769,2.0
41,769,4.0
43,769,3.5
47,769,3.5
51,769,3.0
54,769,2.0
59,769,3.5
61,769,4.0
73,769,3.5
75,769,4.0
79,769,3.0
98,769,3.5
99,769,3.0
105,769,1.5
111,769,4.0
119,769,4.5
122,769,3.0
125,769,2.0
139,769,4.0
147,769,4.0
153,769,3.0
156,769,4.0
159,769,3.0
164,769,3.0
167,769,3.0
175,769,4.0
182,769,4.0
194,769,2.5
202,769,3.0
204,769,3.0
212,769,2.5
219,769,3.0
228,769,3.0
239,769,2.0
247,769,3.0
256,769,3.0
261,769,3.0
275,769,4.0
276,769,3.0
298,769,5.0
299,769,2.5
304,769,3.5
311,769,3.5
314,769,3.0
320,769,3.0
327,769,3.0
341,769,4.0
346,769,2.5
348,769,4.0
351,769,3.5
353,769,3.5
357,769,1.5
358,769,2.5
359,769,4.5
362,769,4.0
373,769,3.5
380,769,1.5
392,769,3.5
398,769,5.0
419,769,4.5
427,769,4.0
428,769,2.5
431,769,5.0
438,769,3.0
439,769,2.5
441,769,4.5
442,769,3.5
164,770,2.5
219,770,1.5
299,770,2.5
65,771,3.0
186,771,3.5
327,771,5.0
348,771,4.5
346,772,2.5
439,772,4.5
6,773,3.5
9,773,3.0
12,773,4.0
16,773,3.5
27,773,4.0
29,773,5.0
32,773,4.0
33,773,3.0
43,773,5.0
45,773,4.5
46,773,4.0
47,773,4.5
51,773,4.5
54,773,0.5
59,773,3.5
61,773,4.5
71,773,4.0
73,773,3.5
74,773,4.0
75,773,3.5
79,773,4.0
82,773,3.0
85,773,4.0
86,773,4.5
88,773,5.0
93,773,3.0
95,773,4.0
98,773,4.0
99,773,4.5
100,773,4.0
101,773,5.0
103,773,3.0
105,773,1.0
108,773,4.0
111,773,4.5
116,773,4.5
117,773,3.5
119,773,5.0
122,773,4.0
130,773,2.5
132,773,3.5
139,773,4.0
147,773,3.5
153,773,3.5
154,773,5.0
155,773,4.0
156,773,3.0
157,773,3.5
159,773,4.0
160,773,4.5
162,773,4.5
164,773,4.0
165,773,4.0
167,773,3.0
169,773,4.5
172,773,5.0
173,773,4.0
174,773,3.5
175,773,4.0
178,773,5.0
180,773,4.5
188,773,4.5
194,773,4.0
198,773,4.5
200,773,5.0
202,773,5.0
204,773,3.5
207,773,3.5
212,773,2.5
215,773,4.5
217,773,5.0
218,773,4.0
219,773,3.0
220,773,4.0
229,773,3.5
238,773,4.5
239,773,4.0
242,773,4.0
246,773,4.0
254,773,3.0
258,773,4.5
260,773,4.5
262,773,4.0
264,773,2.5
269,773,3.5
275,773,4.0
276,773,5.0
280,773,4.0
281,773,5.0
285,773,4.5
288,773,5.0
290,773,3.5
299,773,4.5
310,773,4.0
311,773,5.0
313,773,2.0
314,773,3.5
316,773,3.5
318,773,4.0
320,773,4.0
327,773,3.5
334,773,5.0
335,773,5.0
338,773,3.5
341,773,3.5
343,773,4.0
346,773,4.0
347,773,3.5
348,773,3.5
351,773,3.0
353,773,4.5
356,773,5.0
357,773,4.0
368,773,3.0
369,773,4.0
373,773,3.5
377,773,4.0
380,773,4.0
381,773,5.0
386,773,4.5
389,773,2.0
392,773,4.0
395,773,5.0
397,773,4.5
398,773,5.0
404,773,4.0
405,773,4.5
412,773,3.5
413,773,4.5
416,773,3.0
419,773,4.0
422,773,4.5
423,773,4.5
428,773,3.5
430,773,3.0
432,773,4.0
435,773,4.0
436,773,5.0
439,773,4.0
441,773,4.0
442,773,4.0
12,774,3.0
21,774,2.0
24,774,4.5
45,774,4.5
47,774,3.0
59,774,4.0
65,774,3.0
67,774,3.5
85,774,4.5
91,774,4.0
97,774,2.0
98,774,5.0
116,774,3.5
119,774,3.5
122,774,4.5
136,774,4.5
138,774,3.5
139,774,4.0
149,774,3.0
153,774,4.0
159,774,4.0
164,774,3.5
169,774,4.0
175,774,4.0
194,774,4.0
204,774,3.5
212,774,2.5
219,774,2.5
228,774,3.5
237,774,3.0
257,774,4.0
261,774,4.0
276,774,4.5
279,774,3.0
298,774,5.0
299,774,4.0
310,774,3.0
311,774,2.5
316,774,4.5
320,774,4.0
326,774,3.5
327,774,3.0
341,774,3.5
346,774,3.5
353,774,3.5
382,774,4.0
384,774,4.0
386,774,4.0
397,774,3.5
404,774,4.0
405,774,3.5
406,774,4.5
411,774,3.0
412,774,2.0
419,774,4.0
428,774,3.0
434,774,2.5
441,774,4.5
442,774,3.5
194,775,3.5
254,775,2.5
123,776,4.0
125,776,2.0
186,776,3.5
258,776,5.0
299,776,3.5
337,776,5.0
346,776,4.5
346,777,3.0
47,778,3.0
59,778,3.0
66,778,3.0
67,778,3.5
75,778,3.0
102,778,1.5
110,778,3.0
125,778,0.5
139,778,4.0
153,778,1.5
164,778,2.5
175,778,2.5
194,778,2.0
275,778,3.0
299,778,2.5
320,778,2.0
362,778,3.0
392,778,3.5
442,778,2.5
43,779,5.0
98,779,3.5
122,779,3.0
125,779,3.0
179,779,4.0
186,779,3.0
212,779,0.5
276,779,4.0
299,779,4.0
335,779,4.5
346,779,5.0
356,779,5.0
386,779,4.0
439,779,4.0
346,780,3.5
79,781,1.5
153,781,0.5
159,781,2.0
164,781,2.5
175,781,3.0
194,781,1.5
219,781,2.0
313,781,0.5
348,781,0.5
351,781,2.5
398,781,5.0
122,782,0.5
219,782,0.5
258,782,1.5
59,783,3.5
98,783,2.5
164,783,3.0
175,783,3.0
348,783,3.5
351,783,2.5
434,783,2.5
299,784,2.0
9,785,3.5
16,785,1.5
21,785,3.0
22,785,4.5
34,785,5.0
40,785,4.0
42,785,4.0
43,785,4.5
47,785,4.5
58,785,4.0
60,785,3.5
63,785,4.5
67,785,4.5
75,785,4.0
86,785,5.0
89,785,3.5
91,785,3.5
110,785,4.0
116,785,4.5
123,785,4.5
130,785,4.0
159,785,4.0
162,785,4.0
169,785,5.0
175,785,4.0
182,785,4.0
186,785,4.5
192,785,2.5
194,785,3.5
217,785,5.0
218,785,2.0
228,785,3.5
246,785,4.0
255,785,5.0
258,785,4.5
264,785,2.0
275,785,3.0
279,785,4.0
299,785,4.0
304,785,3.5
313,785,3.5
318,785,4.5
322,785,4.5
335,785,5.0
346,785,4.5
348,785,4.0
351,785,4.0
370,785,5.0
391,785,3.5
412,785,4.0
413,785,4.5
419,785,4.5
422,785,4.5
432,785,4.0
434,785,3.0
435,785,3.0
441,785,3.5
442,785,5.0
15,786,3.5
47,786,2.0
59,786,3.0
65,786,1.0
75,786,3.5
79,786,3.5
122,786,2.5
139,786,3.5
156,786,1.5
164,786,2.5
175,786,3.0
194,786,0.5
212,786,1.0
219,786,1.5
222,786,0.5
275,786,3.0
276,786,3.0
299,786,3.5
314,786,4.0
320,786,0.5
327,786,1.0
341,786,3.5
357,786,2.0
386,786,3.5
405,786,2.0
441,786,3.5
442,786,1.5
434,787,3.5
4,788,0.5
12,788,3.0
21,788,2.5
41,788,3.5
47,788,2.5
59,788,3.0
67,788,3.5
73,788,3.0
97,788,1.0
116,788,3.0
125,788,2.0
164,788,2.5
194,788,1.5
204,788,3.5
212,788,2.5
239,788,0.5
275,788,3.0
284,788,3.0
299,788,4.0
313,788,1.5
316,788,3.5
320,788,3.0
327,788,1.0
346,788,2.5
347,788,4.5
348,788,4.0
373,788,2.5
375,788,3.5
416,788,0.5
428,788,2.0
432,788,3.0
434,788,3.0
441,788,2.0
6,789,4.0
47,789,2.5
74,789,3.5
122,789,3.0
164,789,2.5
212,789,0.5
219,789,1.0
277,789,2.0
346,789,2.0
373,789,3.0
414,789,2.5
59,790,4.0
299,790,3.5
320,790,3.5
346,790,3.5
373,790,3.5
392,790,4.0
21,791,4.0
47,791,3.0
56,791,1.0
59,791,4.5
75,791,3.5
91,791,3.5
97,791,2.5
112,791,2.0
119,791,3.0
125,791,0.5
130,791,2.5
148,791,3.5
153,791,3.5
154,791,3.5
162,791,1.5
164,791,4.0
169,791,2.5
175,791,3.5
182,791,3.0
194,791,2.5
212,791,3.0
217,791,3.0
239,791,2.5
247,791,4.5
256,791,3.5
265,791,3.5
275,791,4.0
276,791,2.5
279,791,3.5
299,791,3.0
313,791,2.0
320,791,4.0
327,791,1.5
330,791,4.5
348,791,3.5
351,791,3.0
357,791,2.5
411,791,3.0
412,791,3.0
422,791,4.0
428,791,3.0
432,791,2.5
434,791,2.5
441,791,4.0
442,791,3.5
112,792,3.0
155,792,4.5
279,792,3.5
299,792,4.0
435,792,3.0
4,793,4.5
12,793,4.5
15,793,4.0
16,793,2.5
21,793,2.0
24,793,5.0
27,793,3.0
29,793,5.0
33,793,3.0
41,793,4.0
42,793,4.0
43,793,4.0
45,793,3.5
46,793,4.5
47,793,5.0
51,793,4.5
54,793,2.0
55,793,4.0
58,793,4.0
59,793,4.5
60,793,3.5
61,793,4.0
65,793,5.0
73,793,4.5
74,793,3.0
75,793,4.0
76,793,5.0
79,793,3.0
84,793,4.0
85,793,4.0
89,793,4.0
91,793,4.0
93,793,3.0
97,793,3.0
98,793,3.5
99,793,4.0
100,793,3.0
101,793,5.0
108,793,4.0
117,793,4.5
119,793,4.5
122,793,5.0
123,793,2.5
125,793,2.5
132,793,3.0
139,793,4.0
145,793,4.5
147,793,3.5
148,793,4.0
149,793,4.0
153,793,4.5
154,793,5.0
155,793,3.5
156,793,3.5
159,793,4.5
162,793,5.0
164,793,4.5
165,793,3.0
167,793,3.0
169,793,4.0
172,793,5.0
173,793,4.0
174,793,4.0
175,793,4.0
180,793,4.0
188,793,4.0
194,793,4.0
198,793,3.5
200,793,4.0
202,793,4.0
204,793,4.0
207,793,4.0
212,793,2.5
215,793,4.0
219,793,3.0
220,793,3.5
228,793,3.5
237,793,3.5
239,793,3.0
240,793,4.5
246,793,3.0
254,793,4.0
255,793,4.0
257,793,3.0
261,793,3.5
262,793,4.0
264,793,3.5
265,793,4.0
269,793,4.0
274,793,4.0
275,793,5.0
276,793,3.5
279,793,3.5
284,793,5.0
290,793,3.5
294,793,4.0
299,793,4.5
301,793,2.0
305,793,4.0
310,793,3.5
313,793,2.5
316,793,0.5
319,793,4.5
320,793,5.0
327,793,3.5
335,793,4.0
337,793,4.0
338,793,3.5
341,793,4.0
343,793,3.5
346,793,3.5
347,793,4.5
348,793,3.0
351,793,3.0
352,793,4.0
353,793,4.0
355,793,2.5
356,793,4.0
357,793,2.0
358,793,3.0
359,793,3.0
362,793,2.5
364,793,2.5
373,793,3.5
380,793,2.5
384,793,5.0
385,793,4.5
386,793,4.5
392,793,4.5
393,793,5.0
395,793,4.5
396,793,4.5
397,793,4.0
408,793,4.0
411,793,3.5
412,793,4.5
413,793,3.0
418,793,3.5
419,793,5.0
422,793,4.0
427,793,5.0
428,793,4.0
430,793,1.0
432,793,3.0
434,793,2.5
438,793,5.0
439,793,3.0
441,793,4.0
442,793,4.0
41,794,3.5
42,794,1.0
59,794,4.0
75,794,3.0
122,794,4.0
125,794,2.0
139,794,2.5
145,794,4.0
153,794,1.5
159,794,3.0
164,794,3.0
172,794,3.0
194,794,3.0
212,794,2.0
228,794,3.0
239,794,2.0
275,794,4.0
276,794,2.0
299,794,1.5
320,794,2.5
327,794,1.5
348,794,3.5
351,794,1.0
353,794,3.0
373,794,3.5
397,794,0.5
411,794,3.0
432,794,3.0
434,794,2.0
438,794,2.5
441,794,4.5
442,794,1.5
299,795,3.5
346,796,4.5
299,797,2.0
346,797,2.5
12,798,2.0
15,798,3.5
21,798,1.5
59,798,4.5
79,798,3.5
153,798,4.0
159,798,3.0
164,798,3.5
175,798,4.0
212,798,1.5
219,798,3.0
222,798,0.5
228,798,3.0
320,798,5.0
351,798,2.0
434,798,1.5
442,798,3.0
299,799,2.0
320,799,3.5
431,799,5.0
59,800,2.5
64,800,4.0
119,800,3.5
175,800,3.5
182,800,3.0
246,800,4.5
275,800,4.0
280,800,3.5
327,800,2.0
357,800,0.5
373,800,2.5
380,800,0.5
392,800,4.5
125,801,4.0
21,802,2.5
52,802,4.0
125,802,4.5
138,802,3.0
155,802,4.0
203,802,2.5
252,802,4.0
279,802,3.5
299,802,3.5
346,802,4.0
351,802,3.5
369,802,4.5
439,803,4.0
212,804,0.5
299,804,2.0
299,805,2.5
41,806,3.5
47,806,3.0
59,806,4.5
79,806,3.5
125,806,0.5
147,806,3.0
164,806,3.0
175,806,3.0
194,806,2.5
212,806,1.5
275,806,2.0
276,806,3.0
320,806,2.5
327,806,1.5
347,806,4.0
386,806,2.0
439,806,2.0
21,807,3.5
47,807,3.0
73,807,4.0
98,807,3.5
119,807,5.0
138,807,4.0
164,807,3.5
188,807,4.0
203,807,2.5
204,807,4.0
299,807,4.0
316,807,4.0
320,807,3.5
346,807,3.5
351,807,4.0
369,807,4.5
428,807,3.5
434,807,2.5
59,808,1.5
122,808,1.0
352,808,3.5
24,809,3.5
299,809,4.0
442,809,3.0
119,810,4.5
299,810,2.0
125,811,4.0
125,812,4.0
279,812,3.0
59,813,3.5
64,813,3.5
75,813,3.5
79,813,1.5
119,813,4.5
164,813,3.0
175,813,3.0
182,813,4.0
194,813,2.5
212,813,2.5
217,813,4.0
219,813,2.0
320,813,3.5
362,813,2.5
373,813,2.0
419,813,4.0
434,814,1.5
125,815,4.0
52,816,5.0
101,816,3.5
112,816,5.0
235,816,4.5
346,816,4.0
439,816,4.0
346,817,4.0
59,818,3.0
74,818,4.0
93,818,3.5
98,818,3.0
100,818,4.0
122,818,3.0
164,818,3.0
175,818,3.5
182,818,3.5
194,818,2.0
204,818,4.0
219,818,2.0
258,818,4.0
275,818,2.0
276,818,4.0
277,818,3.5
299,818,3.5
310,818,3.0
311,818,4.0
357,818,3.0
373,818,3.0
414,818,3.5
434,818,2.5
438,818,2.5
47,819,4.0
59,819,4.0
122,819,3.5
153,819,2.5
164,819,3.5
175,819,3.5
194,819,3.5
295,819,3.5
299,819,2.5
310,819,3.0
320,819,4.0
327,819,1.5
441,819,4.0
442,819,3.5
369,820,3.5
313,821,3.0
299,822,3.5
164,823,2.5
175,823,2.0
194,823,2.5
219,823,1.5
275,823,4.0
351,823,2.0
357,823,1.0
434,823,2.5
442,823,3.0
299,824,1.5
354,824,4.0
21,825,4.0
45,825,4.5
98,825,4.0
138,825,3.5
204,825,3.5
222,825,4.5
299,825,3.5
320,825,4.5
442,825,3.5
24,826,5.0
47,826,3.0
75,826,4.0
153,826,3.5
172,826,4.0
175,826,4.5
194,826,3.0
295,826,5.0
299,826,3.0
320,826,3.5
327,826,4.0
337,826,3.5
411,826,3.5
434,826,2.5
439,826,4.0
441,826,4.5
442,826,4.5
100,827,5.0
122,827,3.0
164,827,1.5
219,827,2.0
414,827,3.0
425,827,3.0
65,828,3.5
125,828,4.0
130,828,5.0
186,828,4.5
203,828,5.0
204,828,4.5
212,828,3.0
257,828,2.0
279,828,2.5
299,828,4.5
337,828,4.5
346,828,4.5
348,828,5.0
351,828,4.0
369,828,3.0
434,828,2.5
435,828,3.0
442,828,4.0
122,829,2.0
125,829,0.5
164,829,2.0
299,829,2.0
438,829,3.0
299,830,2.5
434,830,2.0
125,831,4.0
59,832,3.5
64,832,5.0
194,832,1.0
320,832,3.0
442,832,1.0
59,833,4.0
194,833,2.0
219,833,1.0
277,833,1.0
125,834,3.5
299,835,4.0
434,836,2.5
422,837,2.0
159,838,1.0
194,838,2.0
219,838,1.5
275,838,3.0
299,839,2.5
299,840,3.0
59,841,3.5
119,841,3.0
194,841,2.0
212,841,0.5
219,841,2.5
219,842,2.5
221,843,3.5
47,844,2.0
65,844,3.5
194,844,4.0
219,844,1.0
275,844,4.0
279,844,3.0
348,844,2.0
442,844,3.5
27,845,3.0
34,845,5.0
45,845,5.0
47,845,3.5
59,845,4.0
67,845,3.0
75,845,4.0
98,845,3.5
122,845,4.5
130,845,3.0
132,845,4.0
139,845,3.0
159,845,4.0
164,845,4.0
188,845,3.0
194,845,4.0
200,845,4.0
204,845,3.0
212,845,3.0
217,845,4.5
222,845,4.0
227,845,3.0
257,845,4.0
295,845,3.5
299,845,3.5
320,845,3.5
327,845,3.5
346,845,3.5
348,845,3.5
351,845,3.5
354,845,3.5
369,845,4.5
441,845,4.5
442,845,3.5
12,846,3.0
47,846,3.0
98,846,2.5
119,846,3.0
186,846,4.0
212,846,3.0
217,846,4.5
219,846,3.0
275,846,3.0
299,846,4.0
320,846,3.0
434,846,2.0
441,846,3.5
442,846,3.5
279,847,3.0
299,847,4.0
346,847,3.5
441,847,4.0
16,848,4.0
21,848,2.5
24,848,5.0
27,848,3.5
33,848,3.0
34,848,4.5
43,848,4.0
45,848,5.0
47,848,5.0
52,848,4.0
67,848,4.5
73,848,5.0
74,848,3.0
75,848,3.5
89,848,3.0
91,848,4.0
93,848,4.0
105,848,2.0
108,848,4.5
116,848,5.0
119,848,4.5
122,848,4.0
125,848,4.5
130,848,4.5
132,848,5.0
153,848,4.5
155,848,5.0
156,848,3.0
157,848,3.5
159,848,4.5
164,848,3.5
175,848,4.5
185,848,5.0
186,848,4.0
188,848,4.5
194,848,3.0
200,848,3.5
203,848,5.0
204,848,3.5
212,848,3.0
214,848,5.0
215,848,3.0
217,848,3.0
219,848,4.0
222,848,5.0
228,848,4.0
239,848,5.0
240,848,4.0
242,848,4.0
246,848,4.0
252,848,3.5
270,848,5.0
275,848,5.0
276,848,3.0
299,848,4.5
303,848,5.0
318,848,4.0
320,848,4.0
327,848,3.5
346,848,3.5
348,848,4.0
351,848,3.5
352,848,4.0
353,848,4.5
355,848,3.0
368,848,3.5
369,848,4.5
386,848,4.0
412,848,3.0
422,848,5.0
430,848,2.0
434,848,5.0
439,848,4.0
442,848,5.0
186,849,2.5
279,849,4.0
299,849,4.0
346,849,3.5
353,849,5.0
59,850,3.0
219,850,2.0
435,850,3.5
420,851,2.5
59,852,3.5
47,853,3.0
98,853,3.5
122,853,3.5
164,853,3.0
204,853,4.0
207,853,4.0
299,853,4.0
346,853,3.5
348,853,2.5
351,853,3.5
395,853,4.5
428,853,3.0
45,854,4.5
47,854,3.5
58,854,5.0
79,854,3.0
117,854,3.5
125,854,2.5
139,854,4.0
153,854,2.5
164,854,3.5
175,854,3.5
194,854,2.5
212,854,2.5
239,854,3.0
275,854,4.0
276,854,3.0
299,854,3.0
310,854,4.0
313,854,4.0
320,854,3.0
348,854,3.0
351,854,3.5
352,854,4.0
383,854,3.5
392,854,4.0
408,854,4.0
411,854,3.5
412,854,2.5
419,854,4.5
431,854,5.0
434,854,2.5
438,854,3.5
441,854,4.5
442,854,3.0
47,855,1.5
65,855,4.0
130,855,4.0
194,855,3.5
204,855,3.5
219,855,4.0
275,855,4.0
279,855,2.5
299,855,3.5
305,855,3.0
346,855,3.0
351,855,3.5
434,855,2.5
442,855,4.0
327,856,3.0
346,856,3.0
27,857,5.0
156,857,2.0
159,857,2.0
164,857,3.0
194,857,1.0
219,857,2.0
279,857,2.0
59,858,4.5
79,858,3.0
98,858,3.0
164,858,3.0
175,858,3.5
194,858,3.5
217,858,3.0
275,858,4.0
299,858,4.0
310,858,2.5
313,858,3.0
320,858,3.5
327,858,2.5
351,858,1.5
434,858,2.5
441,858,3.5
442,858,3.0
30,859,3.0
98,859,3.5
100,859,2.5
119,859,4.0
122,859,3.0
204,859,3.5
320,859,2.0
414,859,3.0
431,859,5.0
346,860,4.0
432,861,3.0
346,862,3.5
422,862,3.5
346,863,3.0
17,864,4.5
33,864,3.5
45,864,4.0
74,864,3.5
117,864,3.0
172,864,4.0
179,864,4.5
186,864,5.0
188,864,3.5
212,864,3.0
228,864,3.5
276,864,4.0
279,864,3.5
299,864,4.5
346,864,3.5
348,864,3.0
351,864,3.0
353,864,3.0
356,864,3.0
386,864,4.0
411,864,4.0
435,864,4.0
337,865,4.0
295,866,4.0
346,866,4.5
430,866,4.0
17,867,3.5
299,867,2.5
422,867,4.5
65,868,5.0
194,868,3.5
299,868,4.0
346,868,4.0
441,868,3.5
442,868,4.0
164,869,3.5
327,869,3.5
4,870,4.5
12,870,3.5
41,870,3.0
43,870,3.5
47,870,4.5
51,870,3.0
59,870,3.5
64,870,1.5
65,870,2.5
67,870,4.0
70,870,4.0
75,870,3.5
79,870,3.0
91,870,4.0
93,870,4.0
99,870,3.0
105,870,2.0
117,870,2.0
122,870,3.5
123,870,2.0
125,870,4.0
139,870,5.0
147,870,3.5
153,870,2.5
156,870,4.0
159,870,3.5
162,870,3.0
164,870,4.0
165,870,2.5
175,870,3.0
187,870,1.0
188,870,3.5
194,870,2.5
198,870,3.5
200,870,4.0
202,870,3.0
212,870,3.0
219,870,2.5
220,870,3.5
222,870,5.0
239,870,3.5
247,870,3.0
257,870,3.5
275,870,3.5
276,870,5.0
295,870,4.0
299,870,3.5
303,870,3.5
310,870,3.0
318,870,3.5
320,870,4.0
327,870,4.0
346,870,3.5
348,870,3.5
351,870,4.0
353,870,4.0
386,870,3.0
392,870,4.0
411,870,3.0
415,870,3.5
422,870,3.0
428,870,3.0
432,870,3.0
439,870,3.0
441,870,4.5
442,870,4.5
21,871,4.0
138,871,4.0
212,871,2.5
228,871,4.0
235,871,4.0
242,871,3.5
299,871,4.5
337,871,1.5
346,871,4.0
351,871,4.0
434,871,3.0
442,871,4.0
194,872,4.0
219,872,4.0
279,872,3.5
299,872,3.0
354,872,4.0
413,872,3.5
441,872,2.0
246,873,4.0
337,873,4.5
346,873,3.0
11,874,3.5
12,874,4.0
16,874,4.0
21,874,3.0
27,874,3.0
30,874,3.5
43,874,3.5
47,874,2.0
52,874,4.0
53,874,1.0
63,874,4.5
73,874,4.5
75,874,4.0
98,874,3.5
122,874,4.0
125,874,3.5
130,874,3.0
132,874,4.0
138,874,4.5
155,874,4.0
159,874,4.5
169,874,4.5
180,874,4.0
186,874,2.5
212,874,2.0
217,874,3.0
219,874,3.0
227,874,4.0
228,874,4.0
255,874,4.5
258,874,3.5
262,874,4.5
275,874,4.0
299,874,4.0
305,874,4.0
309,874,4.5
316,874,3.0
318,874,4.5
346,874,3.5
351,874,4.5
353,874,4.0
354,874,4.0
362,874,4.5
369,874,5.0
377,874,2.0
406,874,3.5
413,874,5.0
428,874,4.0
432,874,3.0
434,874,3.5
439,874,4.5
441,874,3.0
194,875,2.0
219,875,1.0
279,875,0.5
442,875,1.0
34,876,5.0
47,876,2.5
59,876,4.0
67,876,4.5
71,876,4.0
73,876,4.0
74,876,3.5
122,876,2.5
125,876,3.0
164,876,3.0
203,876,1.0
204,876,3.5
279,876,2.5
299,876,4.0
346,876,3.0
351,876,2.0
411,876,4.0
434,876,2.5
439,876,2.0
442,876,3.0
1,877,4.0
9,877,3.0
12,877,3.5
15,877,1.5
16,877,4.0
17,877,3.0
21,877,4.0
24,877,5.0
27,877,5.0
33,877,3.5
35,877,4.5
40,877,4.0
41,877,5.0
42,877,3.5
43,877,4.0
45,877,5.0
47,877,3.0
51,877,5.0
54,877,3.5
58,877,4.5
60,877,0.5
63,877,4.5
65,877,4.0
73,877,4.5
75,877,4.0
79,877,3.5
89,877,4.5
91,877,4.5
93,877,4.5
97,877,3.0
98,877,2.0
99,877,3.0
116,877,4.5
119,877,3.0
122,877,3.5
125,877,4.0
130,877,4.0
132,877,4.0
139,877,5.0
142,877,4.5
143,877,4.5
147,877,3.5
153,877,4.5
154,877,4.5
156,877,4.0
157,877,3.5
159,877,3.5
160,877,4.0
162,877,2.0
164,877,3.0
165,877,3.5
169,877,4.0
172,877,4.5
173,877,3.5
175,877,4.5
180,877,5.0
182,877,3.5
186,877,4.5
187,877,3.5
194,877,5.0
197,877,3.0
200,877,3.0
202,877,5.0
204,877,4.0
210,877,4.5
212,877,4.0
215,877,4.5
217,877,5.0
219,877,3.5
226,877,4.0
227,877,5.0
228,877,3.0
231,877,4.0
235,877,5.0
238,877,5.0
239,877,4.0
240,877,4.0
245,877,4.5
252,877,4.0
254,877,3.0
256,877,4.5
262,877,4.5
264,877,2.5
265,877,4.0
268,877,3.5
269,877,4.0
275,877,4.0
279,877,4.0
284,877,5.0
299,877,4.0
301,877,3.5
302,877,5.0
305,877,4.0
309,877,3.0
310,877,3.5
313,877,4.5
316,877,2.5
317,877,4.0
318,877,4.0
319,877,4.5
320,877,4.5
327,877,4.0
332,877,4.5
341,877,3.5
346,877,4.0
348,877,3.5
351,877,4.0
353,877,5.0
354,877,4.5
355,877,3.5
357,877,5.0
362,877,5.0
373,877,3.0
386,877,4.5
389,877,3.5
392,877,4.5
397,877,2.5
401,877,4.5
404,877,0.5
411,877,4.0
412,877,4.5
413,877,4.5
419,877,4.5
422,877,5.0
428,877,4.0
432,877,3.5
434,877,5.0
435,877,4.5
439,877,4.5
441,877,4.0
442,877,4.5
47,878,3.5
59,878,3.5
67,878,3.0
98,878,3.0
125,878,3.0
153,878,3.0
164,878,4.0
194,878,3.5
212,878,2.5
217,878,3.5
277,878,3.5
320,878,4.0
346,878,3.5
351,878,4.0
369,878,4.0
422,878,3.0
441,878,4.0
34,879,0.5
159,879,0.5
175,879,2.5
194,879,2.0
275,879,3.0
304,879,3.5
313,879,1.0
125,880,4.0
212,880,0.5
219,880,2.0
257,880,3.5
299,880,3.5
346,880,4.5
434,880,3.5
434,881,2.5
299,882,3.0
21,883,3.5
299,883,2.5
279,884,3.5
316,884,2.0
439,884,3.0
59,885,3.5
59,886,4.0
98,886,3.5
122,886,4.0
164,886,4.0
246,886,5.0
12,887,0.5
47,887,1.0
59,887,3.5
75,887,3.5
79,887,0.5
122,887,2.5
156,887,3.0
164,887,3.0
175,887,2.5
194,887,2.5
219,887,0.5
236,887,5.0
275,887,2.0
313,887,2.0
320,887,1.5
327,887,1.5
373,887,2.5
393,887,5.0
434,887,1.5
441,887,1.5
275,888,3.0
373,888,3.0
125,889,4.5
130,889,2.0
281,889,3.5
299,889,4.0
346,889,4.0
357,889,3.5
386,889,3.5
434,889,3.0
439,889,4.0
299,890,2.5
346,890,3.5
439,890,4.0
89,891,4.0
125,891,4.0
346,892,4.0
434,892,2.5
369,893,4.0
125,894,3.5
258,894,3.5
299,894,4.5
346,894,4.5
351,894,1.5
369,894,4.5
434,894,2.5
4,895,2.0
12,895,3.0
15,895,4.0
21,895,3.5
24,895,0.5
34,895,0.5
41,895,5.0
42,895,3.0
47,895,3.5
54,895,3.0
58,895,4.5
67,895,4.0
75,895,4.5
85,895,4.5
91,895,3.5
93,895,3.0
97,895,2.0
98,895,3.0
99,895,3.5
122,895,1.5
125,895,0.5
130,895,2.0
139,895,4.0
145,895,4.5
146,895,1.0
152,895,2.0
153,895,2.5
154,895,4.0
159,895,2.5
162,895,4.5
164,895,3.0
165,895,2.5
169,895,5.0
172,895,5.0
175,895,3.5
182,895,3.5
194,895,1.5
217,895,3.0
220,895,3.0
221,895,2.0
228,895,3.5
256,895,2.5
257,895,4.0
262,895,4.0
268,895,3.5
269,895,3.0
270,895,5.0
275,895,3.0
276,895,3.5
277,895,3.5
299,895,4.0
305,895,3.5
310,895,4.0
313,895,3.0
316,895,4.0
318,895,2.5
320,895,3.5
339,895,4.0
341,895,4.0
346,895,2.5
347,895,4.5
348,895,3.5
351,895,2.0
352,895,4.0
353,895,1.5
357,895,0.5
358,895,2.0
386,895,2.5
404,895,4.0
411,895,3.5
412,895,1.5
419,895,3.0
422,895,5.0
428,895,2.0
432,895,4.0
434,895,3.0
439,895,2.0
441,895,5.0
442,895,3.5
337,896,4.0
43,897,3.5
45,897,4.5
47,897,3.5
51,897,5.0
64,897,2.0
67,897,4.0
73,897,5.0
79,897,4.0
86,897,4.0
119,897,5.0
122,897,3.0
132,897,3.5
159,897,4.0
164,897,3.5
194,897,3.0
200,897,3.0
203,897,3.0
204,897,4.0
219,897,3.5
220,897,2.0
237,897,5.0
239,897,4.0
275,897,3.0
276,897,4.0
299,897,3.0
305,897,4.0
320,897,3.5
327,897,3.5
346,897,4.0
351,897,3.5
353,897,4.0
354,897,4.0
362,897,5.0
386,897,4.0
415,897,3.5
428,897,2.5
434,897,3.0
441,897,4.0
442,897,3.5
159,898,4.0
6,899,4.0
7,899,5.0
15,899,4.0
42,899,2.5
47,899,4.5
64,899,3.5
67,899,4.0
74,899,4.5
75,899,4.0
93,899,4.5
100,899,2.0
111,899,4.5
116,899,4.5
122,899,5.0
139,899,4.5
149,899,4.0
156,899,3.0
159,899,4.0
164,899,3.5
169,899,3.5
172,899,5.0
182,899,4.5
188,899,3.5
198,899,5.0
204,899,3.0
212,899,2.0
217,899,4.0
229,899,4.0
254,899,3.5
257,899,3.0
258,899,4.5
265,899,3.5
275,899,4.0
279,899,3.0
290,899,4.0
299,899,4.5
310,899,3.5
316,899,2.5
320,899,4.5
346,899,3.5
353,899,3.5
357,899,4.5
358,899,2.5
359,899,4.0
362,899,4.5
369,899,4.0
373,899,4.0
377,899,4.5
380,899,5.0
384,899,0.5
386,899,4.5
411,899,2.5
415,899,4.5
418,899,4.5
425,899,3.5
428,899,3.5
432,899,3.5
439,899,2.5
442,899,3.5
337,900,5.0
346,900,3.5
59,901,1.5
275,901,4.0
21,902,3.5
45,902,4.5
61,902,3.5
67,902,4.0
92,902,3.5
98,902,5.0
122,902,0.5
125,902,3.5
138,902,3.5
156,902,2.5
182,902,4.0
194,902,3.0
204,902,4.0
217,902,4.0
221,902,4.0
222,902,4.0
240,902,4.5
246,902,5.0
275,902,5.0
276,902,3.5
299,902,4.0
316,902,1.5
320,902,3.0
327,902,3.0
338,902,3.5
346,902,3.5
351,902,3.5
353,902,4.5
405,902,3.5
411,902,3.0
412,902,4.0
422,902,4.5
428,902,3.0
434,902,3.0
439,902,4.5
442,902,4.0
346,903,4.0
59,904,3.5
98,905,3.5
194,905,3.5
369,905,4.0
164,906,3.0
203,906,0.5
219,906,2.5
280,906,2.5
380,906,2.0
58,907,5.0
79,907,0.5
89,907,3.0
122,907,3.5
175,907,3.0
219,907,2.5
275,907,3.0
411,907,3.5
422,907,4.0
21,908,3.0
27,908,3.5
47,908,2.5
59,908,2.5
101,908,4.0
102,908,3.0
108,908,4.5
125,908,3.5
138,908,3.0
170,908,3.0
212,908,2.0
217,908,1.0
228,908,4.0
235,908,4.0
253,908,4.5
281,908,3.0
299,908,4.0
310,908,3.5
316,908,3.0
346,908,3.5
369,908,4.0
418,908,4.0
422,908,3.0
439,908,4.0
441,908,2.5
299,909,4.0
346,909,3.5
439,909,4.5
21,910,3.0
43,910,4.0
73,910,4.0
79,910,0.5
86,910,4.5
97,910,1.5
108,910,4.0
122,910,0.5
153,910,3.5
182,910,4.0
194,910,4.5
212,910,2.5
219,910,3.5
275,910,4.0
279,910,2.0
299,910,3.5
300,910,4.5
313,910,4.0
320,910,3.5
327,910,4.0
346,910,3.0
362,910,5.0
428,910,2.5
434,910,3.0
441,910,4.0
442,910,4.5
59,911,3.5
64,911,3.5
122,911,2.5
164,911,2.0
175,911,2.0
204,911,2.0
275,911,2.0
373,911,1.5
414,911,3.5
438,911,2.5
164,912,3.0
204,912,2.5
212,912,0.5
346,913,3.5
65,914,4.0
346,914,4.5
346,915,3.5
42,916,2.5
47,916,3.5
62,916,3.5
75,916,4.5
86,916,4.0
89,916,5.0
93,916,3.5
122,916,2.5
125,916,4.5
130,916,3.5
139,916,3.5
153,916,5.0
172,916,4.0
175,916,4.0
186,916,4.0
194,916,4.5
212,916,3.0
217,916,5.0
261,916,2.0
275,916,5.0
279,916,3.0
287,916,4.0
304,916,5.0
305,916,3.5
335,916,3.5
386,916,3.5
413,916,5.0
434,916,4.0
435,916,4.5
442,916,5.0
125,917,4.0
21,918,2.0
24,918,4.5
43,918,4.5
45,918,4.0
47,918,4.0
65,918,4.5
75,918,4.0
93,918,3.0
97,918,3.0
116,918,4.5
125,918,4.5
153,918,4.5
155,918,3.5
164,918,4.0
172,918,5.0
180,918,4.5
188,918,3.5
194,918,3.5
204,918,4.0
212,918,2.0
240,918,4.5
269,918,4.5
276,918,3.0
299,918,4.0
310,918,3.0
320,918,5.0
346,918,4.0
351,918,3.5
353,918,5.0
373,918,3.5
386,918,4.5
392,918,4.5
422,918,4.0
430,918,4.5
434,918,3.0
439,918,4.5
441,918,4.0
442,918,3.0
78,919,5.0
47,920,3.5
98,920,3.0
108,920,4.0
138,920,3.5
257,920,4.0
299,920,3.5
327,920,4.0
346,920,3.5
434,920,2.5
441,920,4.0
43,921,4.5
93,921,4.0
164,921,3.5
299,921,4.0
346,921,4.0
356,921,2.5
369,921,4.5
346,922,4.0
59,923,3.5
164,923,2.5
414,923,3.0
4,924,4.5
15,924,4.0
18,924,4.0
21,924,3.5
41,924,4.0
45,924,4.5
47,924,4.5
54,924,2.0
60,924,3.5
75,924,3.5
91,924,5.0
98,924,3.5
99,924,3.0
111,924,4.0
116,924,4.5
119,924,4.5
134,924,4.5
153,924,4.0
156,924,4.0
159,924,4.0
164,924,3.0
169,924,5.0
175,924,4.0
188,924,3.5
194,924,4.0
197,924,4.0
204,924,4.0
217,924,4.5
221,924,4.0
228,924,3.5
239,924,4.0
240,924,3.5
246,924,4.5
257,924,3.5
274,924,3.5
275,924,4.0
276,924,4.5
295,924,4.0
299,924,4.5
310,924,3.5
313,924,3.0
316,924,4.5
318,924,3.5
320,924,4.5
326,924,3.5
327,924,4.0
335,924,5.0
346,924,3.0
348,924,3.0
351,924,3.5
385,924,5.0
392,924,4.5
405,924,3.5
412,924,4.0
419,924,4.0
422,924,4.0
427,924,3.0
428,924,3.0
434,924,4.0
439,924,4.0
441,924,4.0
442,924,3.5
12,925,4.5
16,925,0.5
34,925,4.0
43,925,4.0
45,925,5.0
61,925,4.0
63,925,3.5
75,925,3.0
93,925,3.5
97,925,1.5
99,925,4.5
105,925,4.0
117,925,4.5
119,925,4.0
125,925,4.0
130,925,2.0
133,925,3.5
142,925,5.0
148,925,5.0
153,925,2.5
154,925,5.0
159,925,4.5
160,925,5.0
164,925,4.0
169,925,3.5
172,925,5.0
184,925,5.0
188,925,4.0
198,925,4.0
204,925,4.5
212,925,2.0
219,925,3.5
227,925,4.0
228,925,4.5
240,925,4.0
242,925,4.0
256,925,4.5
258,925,3.5
275,925,4.0
276,925,3.5
281,925,4.5
299,925,4.5
305,925,4.0
310,925,3.5
320,925,3.5
335,925,4.0
343,925,4.0
345,925,4.0
346,925,3.0
348,925,4.0
351,925,4.5
353,925,5.0
354,925,4.5
356,925,4.5
357,925,0.5
373,925,3.0
383,925,4.0
385,925,5.0
386,925,3.5
387,925,4.5
411,925,3.0
412,925,3.0
413,925,4.0
423,925,3.5
428,925,3.0
435,925,3.5
439,925,4.0
441,925,4.0
442,925,4.0
6,926,4.0
27,926,4.5
59,926,4.0
71,926,3.5
98,926,4.0
119,926,3.5
122,926,3.0
139,926,3.0
185,926,4.0
204,926,4.0
277,926,3.5
299,926,2.0
311,926,3.0
320,926,3.0
369,926,4.5
431,926,4.5
439,926,4.0
164,927,3.0
194,927,1.0
204,927,4.0
212,927,1.0
299,927,3.0
320,927,2.5
327,927,3.5
346,927,3.5
351,927,3.5
442,927,3.0
6,928,3.0
47,928,3.0
188,928,3.5
204,928,3.5
228,928,3.5
299,928,4.0
346,928,3.0
363,928,3.5
369,928,4.0
373,928,3.0
380,928,2.0
439,928,4.5
4,929,4.0
6,929,4.0
10,929,3.5
11,929,4.5
12,929,4.5
15,929,1.5
16,929,1.0
19,929,5.0
21,929,3.5
23,929,5.0
35,929,5.0
40,929,4.5
41,929,5.0
42,929,4.0
43,929,4.5
44,929,4.0
45,929,5.0
46,929,2.0
47,929,4.5
53,929,4.0
54,929,3.0
55,929,5.0
59,929,4.0
60,929,4.5
61,929,4.0
63,929,5.0
65,929,4.5
70,929,1.5
73,929,4.0
75,929,4.5
76,929,5.0
80,929,5.0
85,929,5.0
87,929,3.5
91,929,4.5
92,929,3.5
93,929,4.0
95,929,5.0
97,929,4.0
98,929,5.0
99,929,4.0
101,929,4.5
103,929,3.0
112,929,5.0
116,929,5.0
117,929,4.5
119,929,5.0
122,929,2.0
123,929,4.5
125,929,1.0
130,929,4.5
131,929,4.0
133,929,4.0
139,929,4.0
141,929,5.0
143,929,4.0
144,929,5.0
145,929,4.0
146,929,4.0
147,929,3.5
148,929,4.5
149,929,4.0
153,929,3.5
154,929,4.5
157,929,3.5
159,929,4.5
160,929,3.5
162,929,3.0
164,929,4.0
165,929,4.0
169,929,5.0
172,929,5.0
173,929,4.0
175,929,5.0
180,929,4.0
188,929,4.5
194,929,3.0
197,929,4.0
202,929,5.0
204,929,4.0
206,929,3.0
207,929,3.5
212,929,4.0
217,929,5.0
219,929,3.0
220,929,3.5
221,929,4.5
228,929,3.5
232,929,2.5
235,929,4.0
237,929,4.0
238,929,4.0
239,929,4.5
240,929,4.0
242,929,3.5
244,929,4.5
245,929,2.5
246,929,4.0
249,929,4.5
254,929,4.0
255,929,5.0
257,929,3.5
258,929,3.5
262,929,5.0
263,929,3.0
264,929,3.0
265,929,4.5
269,929,4.5
270,929,4.5
272,929,4.0
274,929,4.5
275,929,5.0
276,929,4.0
277,929,5.0
284,929,5.0
288,929,4.0
289,929,4.0
290,929,3.0
294,929,5.0
295,929,5.0
299,929,4.0
302,929,5.0
303,929,5.0
305,929,4.5
310,929,4.0
311,929,2.0
313,929,3.5
316,929,4.0
318,929,5.0
320,929,4.0
321,929,5.0
323,929,5.0
325,929,5.0
326,929,5.0
327,929,4.5
335,929,5.0
337,929,4.5
338,929,5.0
339,929,5.0
341,929,4.0
344,929,4.0
346,929,5.0
347,929,5.0
348,929,4.0
351,929,4.0
352,929,3.0
353,929,4.0
355,929,4.0
356,929,5.0
357,929,4.0
358,929,3.5
363,929,4.0
364,929,2.0
369,929,4.0
373,929,5.0
375,929,5.0
376,929,3.5
377,929,3.0
380,929,3.0
383,929,4.0
384,929,3.5
385,929,5.0
392,929,4.5
393,929,4.5
404,929,2.0
405,929,5.0
408,929,4.0
411,929,4.0
412,929,5.0
416,929,3.0
418,929,3.5
419,929,5.0
422,929,4.0
423,929,4.5
427,929,5.0
428,929,4.5
430,929,4.5
432,929,3.5
434,929,3.0
435,929,5.0
436,929,5.0
438,929,5.0
439,929,4.5
441,929,4.0
442,929,5.0
6,930,4.0
47,930,2.5
58,930,4.0
59,930,3.5
122,930,3.0
159,930,3.0
219,930,2.0
320,930,2.0
357,930,0.5
439,930,3.5
4,931,3.0
74,931,4.0
98,931,3.0
164,931,0.5
185,931,5.0
212,931,1.0
277,931,3.5
357,931,1.0
22,932,4.5
104,932,4.5
118,932,4.5
130,932,4.0
164,932,3.5
211,932,4.5
227,932,5.0
246,932,5.0
299,932,4.0
300,932,4.5
305,932,4.0
337,932,4.0
346,932,4.0
52,933,3.0
75,933,4.0
98,933,3.0
138,933,4.0
204,933,3.5
276,933,4.5
316,933,4.0
346,933,4.5
441,933,3.5
30,934,3.0
34,934,5.0
43,934,4.0
47,934,3.5
78,934,3.5
79,934,2.5
159,934,1.0
194,934,4.0
228,934,3.0
235,934,4.5
299,934,3.0
316,934,4.0
346,934,4.0
351,934,3.5
413,934,4.0
435,934,3.5
439,934,4.0
98,935,3.0
164,935,2.5
275,935,3.0
299,935,2.0
351,935,0.5
386,935,1.5
428,935,2.0
435,935,1.0
43,936,4.0
47,936,2.0
97,936,1.5
98,936,4.5
155,936,3.5
204,936,3.0
212,936,2.5
299,936,4.0
316,936,3.5
346,936,4.0
351,936,4.5
380,936,2.5
34,937,2.5
97,937,2.0
122,937,2.0
139,937,2.5
153,937,2.5
164,937,3.5
194,937,2.0
204,937,3.0
217,937,4.0
275,937,4.0
276,937,2.5
299,937,3.5
310,937,2.5
320,937,3.0
362,937,4.5
441,937,4.0
442,937,1.5
122,938,3.0
154,938,1.0
346,938,3.5
353,938,4.0
373,938,3.5
438,938,3.5
299,939,3.0
346,940,3.0
6,941,4.5
100,941,5.0
121,941,5.0
164,941,2.5
299,941,3.0
320,941,3.5
414,941,3.0
431,941,5.0
95,942,4.0
346,942,3.0
27,943,5.0
29,943,5.0
45,943,3.5
75,943,3.5
78,943,3.0
100,943,1.0
119,943,3.0
122,943,4.0
139,943,3.5
156,943,3.5
159,943,2.5
164,943,3.5
175,943,3.0
212,943,2.0
219,943,3.5
249,943,2.5
320,943,2.5
327,943,2.5
351,943,2.0
354,943,4.0
373,943,1.5
415,943,3.5
438,943,2.0
442,943,3.0
299,944,2.0
320,944,2.5
299,945,3.5
346,946,3.5
442,947,3.0
43,948,3.0
194,948,4.0
219,948,2.0
279,948,4.0
434,948,3.0
442,948,4.5
299,949,3.5
9,950,3.5
12,950,4.5
34,950,4.5
41,950,4.0
42,950,2.5
43,950,3.0
47,950,2.5
54,950,3.0
60,950,3.5
75,950,4.0
79,950,0.5
89,950,5.0
97,950,1.0
125,950,4.0
164,950,4.0
169,950,3.5
175,950,4.0
194,950,3.5
204,950,3.5
212,950,1.0
219,950,3.5
239,950,3.0
254,950,4.5
256,950,3.5
258,950,4.0
259,950,3.5
272,950,4.0
275,950,4.0
281,950,4.5
292,950,4.0
299,950,4.0
302,950,5.0
303,950,4.5
316,950,4.0
320,950,4.0
341,950,4.5
347,950,4.0
354,950,3.5
362,950,5.0
392,950,4.5
397,950,5.0
418,950,4.0
422,950,3.5
426,950,2.5
434,950,1.5
441,950,4.0
100,951,3.0
198,951,3.0
204,951,3.0
259,951,4.0
299,951,3.0
320,951,3.5
435,951,0.5
439,951,2.5
47,952,4.0
92,952,3.0
118,952,5.0
235,952,4.0
246,952,3.5
249,952,4.0
304,952,4.5
346,952,4.0
164,953,3.0
212,953,0.5
299,953,2.5
327,953,2.0
164,954,3.0
194,954,3.5
299,954,3.0
327,954,1.5
121,955,3.5
164,955,2.5
219,955,0.5
320,955,2.0
432,956,3.5
164,957,2.0
219,957,1.0
222,957,3.5
164,958,2.0
21,959,3.0
98,959,4.0
122,959,3.0
153,959,2.0
159,959,4.0
164,959,4.5
299,959,3.0
320,959,3.5
351,959,3.0
356,959,3.5
125,960,4.0
89,961,5.0
105,961,4.0
125,961,4.5
201,961,3.5
219,961,3.0
228,961,3.0
279,961,3.0
299,961,4.0
316,961,3.5
351,961,4.0
358,961,3.5
411,961,4.0
439,961,3.5
383,962,4.0
219,963,1.0
79,964,3.5
108,964,4.0
194,964,3.5
212,964,2.5
299,964,4.0
346,964,4.0
354,964,4.5
386,964,3.5
434,964,3.0
6,965,3.5
12,965,3.0
18,965,3.5
27,965,5.0
41,965,4.0
43,965,3.0
45,965,4.5
47,965,2.5
64,965,2.0
79,965,4.5
100,965,5.0
102,965,4.5
105,965,0.5
122,965,4.0
139,965,5.0
159,965,4.0
164,965,4.0
182,965,4.0
194,965,4.0
204,965,3.0
212,965,2.5
218,965,3.5
229,965,4.0
237,965,2.5
242,965,4.0
247,965,4.0
251,965,4.5
259,965,4.0
275,965,3.0
298,965,5.0
299,965,3.5
341,965,4.0
346,965,3.5
351,965,2.0
353,965,4.0
354,965,3.5
357,965,4.0
359,965,4.0
392,965,4.0
404,965,3.5
413,965,4.0
419,965,2.5
425,965,4.0
432,965,1.5
435,965,3.0
438,965,2.0
442,965,3.5
29,966,4.0
98,966,3.0
164,966,2.5
413,966,3.5
64,967,3.5
74,967,4.0
346,967,3.5
125,968,4.0
292,968,3.5
346,968,3.5
316,969,3.0
299,970,2.0
320,970,2.0
100,971,3.0
219,971,1.5
373,971,3.0
414,971,2.0
12,972,3.0
75,972,4.0
79,972,3.0
97,972,2.0
105,972,0.5
119,972,4.0
175,972,4.5
182,972,4.5
194,972,2.5
212,972,3.0
219,972,1.5
299,972,3.0
411,972,3.0
415,972,4.0
419,972,4.5
12,973,2.5
43,973,3.5
75,973,3.5
119,973,5.0
155,973,0.5
299,973,3.5
346,973,4.0
357,973,3.0
362,973,0.5
386,973,2.5
416,973,2.5
422,973,2.5
435,973,0.5
153,974,1.5
219,974,1.0
279,974,2.0
299,974,2.0
327,974,3.0
442,974,3.0
47,975,3.0
93,975,3.0
338,975,4.0
414,975,2.5
431,975,4.5
194,976,3.5
219,976,2.0
12,977,3.0
52,977,5.0
60,977,5.0
93,977,3.0
125,977,3.0
132,977,4.5
138,977,3.0
160,977,4.5
175,977,3.0
182,977,4.0
212,977,1.5
217,977,5.0
228,977,3.5
252,977,3.5
257,977,5.0
279,977,3.5
299,977,4.0
301,977,4.5
346,977,4.0
411,977,4.0
420,977,4.0
435,977,2.5
439,977,4.5
98,978,3.0
164,978,3.5
194,978,3.5
204,978,3.0
219,978,3.0
277,978,3.5
295,978,4.0
299,978,3.0
428,978,3.0
441,978,4.0
442,978,3.0
45,979,3.0
47,979,4.5
59,979,4.0
64,979,1.5
79,979,3.0
138,979,4.0
156,979,4.0
159,979,4.0
164,979,3.0
175,979,4.0
194,979,2.0
199,979,4.0
204,979,3.0
212,979,2.5
299,979,2.5
327,979,3.0
346,979,3.5
351,979,3.0
354,979,4.0
428,979,2.5
441,979,4.0
346,980,3.5
431,981,4.0
47,982,4.0
64,982,2.5
74,982,3.5
79,982,3.5
97,982,1.0
164,982,3.5
175,982,4.0
194,982,1.5
198,982,5.0
212,982,2.5
219,982,2.5
264,982,3.5
279,982,3.0
299,982,4.0
320,982,1.0
351,982,3.5
386,982,4.0
415,982,3.5
434,982,2.0
441,982,4.5
75,983,4.0
79,983,0.5
159,983,3.0
164,983,4.0
194,983,3.0
204,983,3.5
219,983,2.5
246,983,4.0
275,983,3.0
276,983,4.0
299,983,3.5
309,983,4.5
346,983,3.0
373,983,3.0
441,983,4.0
299,984,3.5
346,984,3.5
442,984,3.5
422,985,3.0
125,986,4.0
257,986,4.0
43,987,4.5
47,987,4.5
65,987,5.0
130,987,4.5
159,987,4.0
194,987,4.0
279,987,2.5
351,987,1.0
362,987,4.5
370,987,5.0
413,987,3.5
419,987,4.5
422,987,4.0
434,987,3.0
441,987,4.0
442,987,4.0
10,988,3.5
12,988,4.0
16,988,3.5
21,988,2.5
27,988,4.0
35,988,3.5
40,988,4.0
41,988,4.5
42,988,5.0
43,988,4.5
45,988,4.5
47,988,4.5
49,988,4.5
55,988,2.0
61,988,4.5
67,988,5.0
73,988,4.5
74,988,2.5
75,988,5.0
79,988,3.5
88,988,5.0
89,988,4.5
92,988,3.5
93,988,4.0
104,988,5.0
105,988,5.0
111,988,0.5
116,988,5.0
122,988,4.0
123,988,4.5
125,988,4.5
130,988,4.0
132,988,5.0
138,988,4.0
139,988,4.5
142,988,4.5
149,988,3.5
153,988,4.5
155,988,4.0
157,988,3.0
159,988,4.5
164,988,4.0
165,988,5.0
167,988,4.0
170,988,4.0
172,988,5.0
173,988,4.0
175,988,4.0
180,988,4.5
182,988,5.0
185,988,4.0
186,988,3.5
187,988,5.0
188,988,4.5
194,988,5.0
202,988,5.0
204,988,4.5
212,988,2.5
214,988,5.0
215,988,4.5
219,988,5.0
226,988,4.0
227,988,4.0
228,988,4.5
231,988,4.0
235,988,4.5
238,988,3.5
239,988,4.0
240,988,3.5
242,988,4.0
246,988,4.5
254,988,3.5
256,988,4.0
257,988,5.0
258,988,5.0
259,988,4.0
268,988,4.0
269,988,4.0
270,988,5.0
272,988,2.5
276,988,4.0
281,988,5.0
287,988,4.0
291,988,4.5
299,988,4.5
300,988,5.0
303,988,5.0
305,988,4.0
310,988,3.0
311,988,3.5
313,988,4.0
318,988,4.0
319,988,4.0
320,988,4.0
322,988,4.0
325,988,4.0
326,988,4.0
332,988,3.5
345,988,5.0
346,988,4.5
348,988,4.0
351,988,4.5
353,988,5.0
355,988,4.0
357,988,4.5
358,988,4.0
362,988,4.5
364,988,5.0
368,988,2.5
380,988,1.5
384,988,4.0
385,988,5.0
386,988,3.5
397,988,4.0
398,988,5.0
405,988,4.0
406,988,5.0
411,988,4.0
412,988,3.0
416,988,5.0
418,988,4.0
422,988,4.0
423,988,5.0
432,988,3.5
433,988,5.0
434,988,3.0
435,988,5.0
436,988,4.5
439,988,4.0
441,988,4.5
442,988,5.0
194,989,3.5
204,989,3.5
275,989,3.0
279,989,3.0
299,990,4.0
122,991,4.0
164,991,3.0
194,991,2.5
299,991,3.0
320,991,4.0
346,991,3.5
351,991,1.0
434,991,2.5
73,992,3.5
97,992,1.5
153,992,3.0
194,992,2.5
204,992,2.5
212,992,0.5
219,992,1.0
228,992,3.5
275,992,3.0
299,992,4.5
357,992,0.5
383,992,4.0
428,992,2.5
442,992,3.5
194,993,3.5
122,994,2.0
194,994,1.5
275,994,3.0
442,994,2.5
75,995,5.0
89,995,5.0
93,995,3.0
125,995,4.5
130,995,4.0
160,995,5.0
164,995,3.5
165,995,4.0
167,995,3.5
170,995,5.0
212,995,1.5
219,995,3.5
252,995,4.5
281,995,4.5
292,995,4.5
299,995,4.0
346,995,4.5
422,995,4.0
434,995,2.5
439,995,4.5
327,996,3.0
12,997,3.5
15,997,3.0
41,997,3.0
45,997,4.0
47,997,3.5
67,997,1.0
79,997,3.5
86,997,4.5
116,997,4.0
139,997,4.0
153,997,3.0
164,997,3.5
172,997,4.5
175,997,4.0
194,997,3.0
212,997,4.0
228,997,3.0
239,997,2.0
275,997,5.0
276,997,2.5
284,997,5.0
299,997,3.5
305,997,3.0
320,997,3.0
327,997,3.0
348,997,4.5
351,997,4.0
353,997,1.5
357,997,3.5
373,997,2.0
383,997,4.0
392,997,4.5
412,997,3.0
422,997,3.5
428,997,2.5
431,997,0.5
432,997,3.5
434,997,3.5
438,997,3.0
441,997,5.0
442,997,4.0
6,998,4.0
74,998,3.0
119,998,4.0
299,998,2.0
320,998,3.0
414,998,3.0
439,998,2.5
164,999,3.0
194,999,3.5
275,999,4.0
299,999,3.5
320,999,3.0
351,999,1.0
441,1000,3.5
22,1001,3.5
98,1001,3.0
164,1001,3.5
273,1001,4.5
277,1001,3.5
299,1001,3.0
74,1002,3.5
122,1002,4.0
204,1002,3.0
320,1002,3.5
373,1002,3.0
414,1002,3.0
438,1002,3.5
64,1003,4.0
98,1003,2.5
119,1003,5.0
122,1003,2.0
164,1003,3.0
299,1003,2.0
373,1003,3.5
346,1004,4.0
439,1004,4.5
299,1005,1.5
9,1006,3.0
12,1006,3.5
15,1006,1.5
16,1006,5.0
17,1006,3.0
21,1006,4.0
24,1006,4.5
27,1006,5.0
33,1006,3.5
34,1006,5.0
35,1006,4.5
40,1006,4.0
41,1006,5.0
42,1006,2.5
43,1006,4.0
45,1006,5.0
47,1006,3.0
51,1006,4.0
55,1006,2.0
58,1006,4.5
60,1006,0.5
63,1006,4.5
65,1006,4.0
73,1006,5.0
75,1006,4.0
79,1006,3.0
86,1006,5.0
89,1006,4.5
91,1006,4.0
93,1006,4.5
97,1006,3.0
99,1006,3.0
116,1006,4.5
120,1006,4.0
122,1006,3.0
125,1006,4.5
130,1006,4.0
132,1006,4.0
139,1006,5.0
153,1006,4.0
154,1006,4.0
156,1006,4.0
157,1006,3.0
162,1006,1.0
164,1006,3.0
165,1006,3.5
169,1006,4.0
172,1006,5.0
173,1006,3.5
175,1006,4.5
180,1006,4.0
186,1006,4.0
194,1006,5.0
197,1006,2.0
200,1006,3.5
202,1006,5.0
204,1006,4.0
210,1006,4.5
212,1006,4.0
217,1006,5.0
219,1006,3.5
226,1006,3.5
227,1006,3.0
237,1006,5.0
238,1006,5.0
239,1006,3.0
240,1006,3.5
252,1006,4.0
256,1006,4.0
257,1006,3.5
262,1006,4.5
264,1006,3.5
265,1006,4.0
269,1006,3.5
275,1006,3.0
279,1006,4.0
284,1006,5.0
299,1006,4.0
305,1006,3.5
309,1006,3.0
310,1006,4.0
313,1006,4.0
316,1006,2.5
318,1006,4.5
319,1006,5.0
320,1006,4.0
323,1006,5.0
327,1006,3.5
341,1006,3.5
346,1006,4.5
351,1006,4.0
353,1006,4.0
355,1006,4.0
357,1006,5.0
362,1006,5.0
386,1006,4.0
389,1006,3.5
392,1006,4.5
397,1006,1.5
404,1006,1.0
411,1006,4.0
412,1006,4.0
422,1006,4.5
428,1006,4.0
432,1006,3.5
434,1006,4.0
435,1006,4.5
439,1006,4.5
441,1006,4.0
442,1006,4.5
79,1007,3.0
154,1007,3.0
175,1007,3.0
194,1007,4.0
217,1007,5.0
275,1007,4.0
299,1007,2.0
313,1007,4.0
320,1007,3.5
348,1007,3.0
419,1007,4.5
434,1007,2.0
441,1007,5.0
442,1007,3.0
164,1008,2.5
346,1008,4.0
434,1009,3.5
27,1010,2.5
93,1010,3.5
100,1010,5.0
102,1010,3.0
122,1010,3.0
139,1010,3.5
164,1010,3.0
219,1010,2.0
258,1010,4.5
275,1010,3.0
277,1010,3.5
299,1010,3.0
320,1010,3.0
354,1010,3.0
357,1010,3.5
371,1010,3.0
373,1010,2.5
386,1010,3.0
414,1010,3.5
435,1010,3.0
438,1010,3.0
4,1011,4.0
21,1011,2.0
27,1011,2.0
35,1011,5.0
43,1011,3.5
47,1011,4.0
58,1011,4.5
75,1011,4.0
97,1011,2.0
98,1011,3.5
122,1011,3.0
130,1011,2.0
138,1011,3.5
164,1011,3.5
169,1011,4.5
194,1011,4.0
198,1011,4.5
217,1011,3.5
227,1011,5.0
228,1011,3.0
239,1011,2.0
275,1011,4.0
299,1011,2.0
316,1011,4.5
320,1011,4.0
362,1011,4.5
382,1011,5.0
404,1011,4.0
412,1011,3.0
419,1011,4.0
422,1011,3.5
426,1011,4.5
434,1011,2.5
441,1011,4.5
442,1011,4.0
159,1012,2.5
164,1012,3.0
219,1012,3.0
351,1012,2.5
125,1013,2.5
194,1013,2.5
279,1014,3.0
299,1014,2.5
352,1014,1.0
431,1014,4.5
6,1015,3.5
24,1015,4.5
43,1015,4.0
47,1015,3.5
51,1015,3.0
64,1015,2.5
70,1015,3.5
79,1015,4.0
86,1015,4.5
122,1015,5.0
132,1015,4.0
139,1015,4.5
159,1015,3.0
164,1015,4.0
194,1015,2.5
198,1015,5.0
212,1015,3.0
220,1015,3.5
237,1015,3.5
242,1015,3.5
256,1015,3.5
258,1015,4.5
264,1015,4.5
299,1015,4.0
313,1015,3.0
320,1015,3.5
346,1015,4.5
353,1015,3.0
354,1015,3.5
359,1015,4.0
386,1015,4.5
397,1015,4.5
411,1015,2.5
414,1015,3.5
415,1015,5.0
425,1015,3.0
435,1015,3.5
441,1015,3.5
442,1015,4.0
47,1016,3.0
65,1016,2.0
85,1016,3.5
97,1016,1.5
122,1016,3.0
145,1016,4.5
164,1016,3.0
175,1016,3.0
194,1016,2.0
212,1016,1.5
217,1016,3.0
228,1016,3.0
275,1016,3.0
276,1016,3.0
299,1016,2.5
320,1016,2.5
327,1016,2.0
348,1016,4.0
351,1016,3.0
358,1016,1.5
373,1016,2.0
383,1016,3.5
438,1016,3.0
442,1016,2.0
368,1017,3.0
406,1018,3.5
6,1019,5.0
21,1019,4.0
41,1019,4.0
44,1019,3.5
47,1019,4.0
60,1019,3.0
75,1019,3.5
85,1019,4.5
91,1019,3.5
105,1019,0.5
138,1019,3.5
139,1019,4.0
141,1019,4.5
153,1019,3.0
159,1019,2.5
164,1019,5.0
165,1019,3.0
175,1019,3.5
188,1019,3.0
194,1019,4.0
212,1019,0.5
228,1019,3.5
239,1019,3.5
240,1019,3.0
246,1019,3.0
256,1019,3.0
261,1019,4.0
275,1019,3.0
277,1019,4.0
299,1019,4.0
304,1019,4.5
305,1019,3.0
310,1019,3.0
316,1019,4.0
320,1019,3.0
327,1019,3.0
339,1019,5.0
351,1019,4.0
353,1019,2.5
362,1019,4.0
373,1019,2.5
383,1019,2.0
386,1019,3.5
392,1019,3.5
401,1019,4.5
412,1019,4.0
428,1019,3.0
432,1019,2.5
228,1020,4.5
212,1021,3.5
228,1021,3.5
279,1021,3.0
411,1021,4.0
439,1021,4.0
442,1021,3.5
377,1022,2.5
47,1023,3.5
110,1023,2.5
139,1023,3.5
157,1023,3.5
346,1024,4.5
194,1025,4.0
346,1025,2.0
434,1026,3.5
442,1026,4.0
337,1027,4.5
439,1027,5.0
93,1028,4.0
441,1028,4.0
346,1029,4.0
439,1029,4.0
21,1030,4.5
189,1030,3.0
21,1031,5.0
117,1031,5.0
299,1031,3.0
422,1031,4.5
12,1032,4.5
194,1033,2.5
275,1033,3.5
442,1033,3.0
188,1034,3.5
17,1035,3.0
228,1035,4.0
346,1035,4.0
130,1036,4.5
130,1037,4.0
217,1037,5.0
228,1037,4.5
249,1037,5.0
275,1037,5.0
279,1037,4.0
299,1037,3.5
346,1037,4.0
442,1037,4.0
43,1038,4.5
279,1038,4.5
431,1038,0.5
434,1038,3.5
186,1039,4.0
219,1039,4.0
258,1039,4.0
346,1039,4.0
43,1040,5.0
60,1040,3.5
75,1040,5.0
78,1040,4.0
155,1040,4.0
188,1040,4.5
217,1040,4.0
326,1040,4.5
373,1040,3.5
439,1040,4.5
346,1041,4.0
98,1042,1.0
346,1042,3.0
351,1043,3.5
172,1044,3.5
281,1044,5.0
4,1045,3.5
9,1045,2.5
12,1045,3.5
15,1045,4.0
29,1045,5.0
41,1045,1.0
43,1045,3.5
45,1045,4.5
47,1045,3.5
51,1045,2.0
53,1045,4.0
64,1045,4.5
73,1045,3.0
74,1045,4.0
75,1045,4.0
79,1045,2.0
84,1045,4.0
89,1045,3.5
93,1045,3.0
97,1045,2.0
99,1045,2.5
101,1045,5.0
111,1045,4.0
116,1045,4.0
117,1045,4.0
119,1045,5.0
122,1045,4.0
125,1045,3.0
139,1045,3.5
148,1045,5.0
153,1045,4.0
154,1045,5.0
157,1045,4.0
159,1045,4.0
162,1045,2.0
164,1045,3.0
169,1045,4.0
175,1045,3.5
180,1045,4.5
182,1045,4.0
188,1045,4.0
194,1045,4.0
200,1045,4.0
204,1045,3.5
207,1045,3.0
215,1045,4.0
218,1045,3.0
219,1045,3.0
228,1045,3.0
237,1045,3.0
239,1045,1.5
242,1045,3.5
250,1045,5.0
256,1045,3.5
258,1045,3.5
261,1045,3.5
262,1045,4.0
275,1045,4.0
276,1045,3.5
279,1045,3.5
280,1045,5.0
290,1045,3.5
299,1045,4.0
301,1045,0.5
305,1045,3.5
310,1045,4.0
311,1045,3.5
316,1045,4.5
318,1045,2.5
320,1045,5.0
339,1045,3.0
343,1045,2.0
346,1045,4.0
347,1045,4.5
351,1045,3.5
352,1045,5.0
353,1045,4.0
356,1045,5.0
373,1045,4.0
380,1045,2.5
386,1045,3.0
392,1045,3.5
395,1045,3.5
397,1045,4.5
412,1045,3.0
419,1045,3.0
422,1045,4.0
428,1045,3.5
433,1045,1.0
435,1045,3.0
439,1045,4.0
441,1045,4.5
12,1046,3.0
21,1046,2.5
33,1046,1.0
42,1046,3.0
47,1046,3.5
51,1046,3.0
58,1046,4.0
75,1046,3.0
79,1046,1.5
147,1046,3.0
153,1046,2.0
164,1046,3.5
169,1046,4.0
175,1046,3.5
182,1046,4.0
194,1046,2.0
199,1046,3.0
204,1046,3.0
212,1046,1.5
217,1046,4.0
228,1046,3.5
239,1046,2.5
246,1046,4.5
256,1046,3.0
275,1046,3.0
276,1046,3.5
277,1046,3.5
299,1046,3.0
304,1046,4.5
310,1046,3.0
311,1046,3.0
320,1046,4.0
327,1046,2.0
341,1046,4.5
348,1046,4.0
351,1046,2.5
352,1046,4.5
354,1046,3.5
362,1046,2.5
373,1046,2.5
380,1046,2.5
392,1046,2.0
411,1046,2.5
412,1046,3.0
419,1046,4.0
422,1046,3.5
432,1046,1.5
434,1046,1.5
441,1046,4.0
442,1046,3.0
121,1047,3.5
164,1047,3.0
219,1047,2.0
299,1047,2.5
156,1048,3.0
354,1048,4.5
155,1049,3.5
186,1049,2.5
299,1049,4.0
346,1049,3.5
47,1050,3.0
139,1050,3.0
188,1050,4.0
219,1050,4.0
257,1050,5.0
276,1050,4.5
279,1050,3.5
299,1050,3.0
346,1050,4.0
348,1050,4.0
351,1050,4.0
386,1050,4.5
441,1050,4.0
442,1050,4.0
4,1051,2.5
12,1051,3.5
15,1051,4.0
33,1051,3.0
41,1051,4.5
43,1051,3.5
47,1051,5.0
65,1051,4.5
73,1051,2.0
74,1051,4.0
75,1051,4.0
76,1051,5.0
79,1051,4.0
82,1051,4.0
89,1051,3.0
91,1051,4.0
93,1051,3.0
97,1051,3.0
99,1051,4.0
101,1051,4.0
103,1051,4.0
117,1051,4.5
122,1051,3.5
132,1051,5.0
139,1051,4.0
141,1051,3.5
143,1051,4.0
152,1051,2.0
153,1051,2.5
154,1051,4.5
157,1051,3.5
159,1051,4.0
164,1051,2.5
165,1051,3.5
169,1051,4.0
173,1051,3.5
175,1051,4.0
188,1051,4.0
194,1051,3.0
198,1051,4.0
199,1051,4.0
203,1051,4.0
204,1051,3.5
206,1051,5.0
207,1051,4.0
212,1051,3.0
215,1051,3.5
217,1051,3.0
219,1051,3.0
220,1051,5.0
228,1051,3.0
237,1051,4.0
246,1051,2.5
258,1051,4.5
264,1051,3.0
265,1051,4.5
275,1051,3.0
276,1051,4.0
277,1051,4.5
303,1051,5.0
310,1051,3.5
311,1051,5.0
320,1051,4.5
334,1051,4.5
335,1051,4.5
341,1051,4.5
346,1051,5.0
347,1051,4.5
351,1051,4.5
352,1051,5.0
353,1051,5.0
356,1051,5.0
357,1051,4.0
358,1051,3.0
373,1051,3.5
377,1051,4.0
380,1051,4.5
386,1051,4.5
392,1051,3.5
394,1051,4.5
404,1051,4.0
408,1051,4.0
411,1051,3.0
423,1051,4.5
424,1051,4.5
427,1051,5.0
428,1051,4.0
430,1051,3.5
435,1051,4.0
438,1051,4.0
439,1051,4.0
441,1051,4.0
442,1051,4.5
164,1052,3.5
434,1052,2.0
442,1052,2.5
17,1053,4.0
65,1053,3.5
125,1053,4.0
130,1053,5.0
188,1053,4.0
212,1053,4.0
275,1053,3.0
292,1053,3.5
299,1053,4.0
313,1053,4.0
386,1053,4.5
422,1053,4.0
31,1054,4.0
41,1054,2.5
47,1054,2.5
97,1054,2.0
153,1054,0.5
164,1054,3.5
175,1054,3.5
182,1054,4.0
194,1054,3.5
217,1054,3.0
275,1054,4.0
276,1054,3.5
299,1054,3.0
310,1054,4.0
320,1054,3.0
347,1054,4.5
351,1054,3.5
392,1054,4.0
412,1054,2.0
422,1054,5.0
432,1054,3.0
441,1054,4.5
442,1054,3.0
64,1055,5.0
164,1055,1.0
204,1055,3.0
212,1055,0.5
275,1055,2.0
4,1056,2.0
93,1056,3.0
122,1056,2.5
164,1056,2.5
194,1056,3.0
203,1056,1.0
217,1056,2.5
219,1056,3.0
310,1056,2.5
357,1056,0.5
438,1056,2.0
439,1056,2.5
346,1057,2.5
42,1058,2.5
43,1058,5.0
47,1058,3.0
51,1058,2.0
73,1058,5.0
79,1058,3.0
89,1058,4.0
117,1058,4.0
122,1058,2.0
139,1058,3.5
147,1058,4.0
159,1058,4.5
164,1058,3.5
169,1058,1.5
194,1058,1.5
197,1058,5.0
198,1058,3.5
204,1058,4.0
212,1058,3.5
217,1058,2.5
246,1058,4.5
264,1058,3.0
279,1058,3.0
299,1058,3.5
327,1058,3.0
346,1058,4.0
348,1058,4.5
351,1058,4.0
354,1058,4.5
386,1058,4.0
411,1058,4.0
419,1058,0.5
422,1058,1.0
428,1058,3.0
435,1058,3.0
441,1058,3.0
442,1058,3.0
207,1059,1.0
16,1060,0.5
30,1060,3.0
34,1060,5.0
35,1060,4.0
42,1060,4.0
43,1060,4.0
47,1060,4.5
75,1060,4.0
85,1060,3.5
86,1060,4.5
93,1060,2.5
105,1060,1.0
116,1060,3.5
122,1060,4.5
123,1060,3.5
130,1060,4.0
132,1060,4.0
154,1060,4.0
155,1060,4.5
159,1060,3.5
164,1060,3.0
175,1060,4.0
186,1060,3.0
194,1060,3.5
204,1060,3.0
212,1060,2.0
219,1060,3.0
220,1060,1.0
228,1060,3.5
237,1060,3.0
246,1060,4.5
256,1060,4.0
258,1060,4.0
264,1060,2.0
269,1060,3.5
276,1060,3.5
299,1060,4.0
304,1060,5.0
305,1060,4.5
320,1060,4.0
327,1060,3.5
337,1060,3.0
346,1060,4.0
351,1060,3.0
386,1060,3.5
404,1060,4.0
411,1060,4.0
435,1060,3.0
439,1060,4.0
441,1060,3.5
21,1061,2.5
219,1062,2.5
434,1062,2.0
275,1063,3.0
327,1063,1.5
442,1063,3.0
4,1064,4.5
29,1064,5.0
43,1064,3.5
47,1064,4.0
56,1064,4.5
64,1064,2.5
79,1064,4.5
97,1064,1.0
99,1064,4.5
105,1064,0.5
138,1064,3.0
153,1064,4.0
156,1064,4.0
159,1064,4.0
164,1064,4.0
175,1064,4.0
194,1064,3.5
204,1064,4.0
212,1064,3.0
217,1064,4.0
237,1064,3.0
275,1064,3.0
295,1064,4.5
299,1064,4.0
310,1064,3.5
313,1064,3.0
320,1064,3.5
327,1064,4.0
351,1064,3.5
352,1064,4.0
354,1064,4.0
362,1064,4.0
392,1064,4.5
397,1064,1.0
412,1064,3.0
415,1064,4.0
419,1064,4.5
434,1064,2.0
441,1064,3.5
6,1065,3.5
15,1065,4.5
41,1065,4.5
47,1065,2.5
70,1065,3.5
71,1065,4.0
75,1065,4.0
98,1065,3.5
99,1065,4.0
119,1065,4.0
122,1065,3.0
155,1065,3.0
156,1065,3.0
164,1065,3.5
169,1065,4.5
175,1065,3.5
182,1065,4.5
212,1065,0.5
217,1065,3.0
228,1065,3.5
239,1065,3.5
246,1065,4.0
256,1065,4.0
275,1065,3.0
276,1065,4.0
284,1065,3.0
299,1065,4.0
302,1065,3.0
311,1065,3.0
320,1065,2.0
327,1065,3.0
341,1065,4.5
348,1065,4.0
351,1065,3.5
352,1065,3.5
353,1065,4.0
359,1065,5.0
367,1065,1.0
374,1065,1.0
380,1065,3.5
397,1065,4.0
411,1065,3.5
412,1065,2.0
428,1065,2.5
434,1065,2.0
439,1065,3.0
441,1065,2.5
164,1066,3.5
346,1066,4.0
79,1067,3.5
164,1067,2.5
194,1067,2.5
212,1067,2.5
401,1067,4.0
434,1067,2.0
138,1068,2.5
6,1069,5.0
7,1069,5.0
30,1069,3.5
34,1069,5.0
47,1069,3.0
51,1069,3.0
74,1069,4.0
75,1069,3.5
79,1069,2.5
100,1069,4.0
105,1069,1.0
111,1069,4.0
122,1069,3.5
132,1069,3.0
138,1069,2.5
164,1069,5.0
212,1069,1.0
239,1069,4.0
254,1069,4.0
259,1069,4.5
260,1069,4.5
264,1069,2.0
299,1069,3.5
311,1069,3.5
316,1069,5.0
351,1069,3.5
353,1069,4.0
357,1069,5.0
362,1069,5.0
373,1069,3.5
386,1069,3.5
393,1069,1.5
411,1069,2.5
414,1069,3.5
420,1069,5.0
425,1069,2.0
431,1069,4.0
435,1069,3.0
346,1070,3.5
188,1071,4.0
346,1072,3.0
305,1073,4.0
194,1074,3.5
442,1074,3.0
299,1075,3.5
316,1076,4.0
46,1077,4.5
434,1077,2.0
130,1078,4.0
186,1078,3.0
346,1078,4.0
348,1078,3.5
353,1078,5.0
16,1079,0.5
24,1079,2.0
43,1079,4.0
47,1079,3.0
60,1079,2.0
85,1079,3.5
101,1079,3.5
130,1079,3.0
132,1079,3.0
138,1079,3.5
159,1079,3.5
164,1079,4.0
169,1079,4.0
188,1079,3.5
200,1079,4.5
203,1079,4.5
212,1079,2.5
226,1079,3.0
228,1079,3.5
252,1079,4.0
256,1079,3.0
276,1079,4.0
281,1079,4.5
299,1079,4.0
304,1079,4.0
305,1079,4.0
320,1079,4.0
327,1079,3.5
337,1079,3.5
338,1079,3.5
346,1079,4.0
348,1079,4.0
351,1079,4.0
386,1079,3.5
434,1079,3.5
439,1079,4.0
441,1079,3.0
353,1080,0.5
4,1081,4.5
6,1081,3.5
15,1081,3.0
17,1081,3.0
21,1081,3.0
24,1081,5.0
29,1081,3.5
31,1081,4.5
41,1081,4.0
45,1081,5.0
47,1081,4.5
51,1081,4.0
55,1081,5.0
65,1081,5.0
67,1081,4.5
71,1081,4.5
73,1081,3.0
74,1081,3.5
75,1081,3.5
82,1081,4.5
116,1081,5.0
117,1081,4.0
122,1081,3.0
130,1081,1.0
139,1081,2.5
145,1081,4.5
152,1081,4.0
153,1081,3.5
154,1081,4.5
157,1081,3.0
159,1081,4.0
162,1081,4.0
164,1081,4.0
169,1081,4.0
175,1081,4.0
180,1081,3.5
188,1081,4.0
194,1081,4.0
204,1081,4.5
207,1081,4.0
212,1081,2.5
215,1081,3.0
219,1081,3.5
237,1081,3.5
239,1081,3.5
257,1081,2.5
264,1081,3.0
269,1081,4.0
275,1081,5.0
276,1081,3.0
284,1081,5.0
299,1081,4.5
313,1081,3.0
318,1081,2.5
320,1081,4.5
327,1081,5.0
334,1081,3.0
335,1081,3.5
343,1081,2.5
346,1081,5.0
347,1081,4.5
348,1081,4.0
351,1081,5.0
352,1081,5.0
353,1081,3.5
392,1081,4.0
412,1081,3.5
416,1081,3.5
418,1081,3.5
419,1081,4.0
422,1081,3.0
428,1081,3.5
431,1081,5.0
432,1081,3.0
434,1081,3.5
435,1081,3.0
439,1081,2.5
441,1081,3.5
442,1081,5.0
75,1082,4.0
93,1082,4.0
138,1082,2.0
139,1082,1.0
155,1082,4.5
160,1082,4.0
170,1082,5.0
188,1082,4.5
198,1082,4.5
252,1082,4.0
299,1082,4.0
346,1082,4.0
358,1082,4.0
411,1082,3.0
434,1082,3.0
97,1083,1.0
164,1083,3.0
175,1083,3.5
204,1083,3.0
217,1083,4.0
275,1083,3.0
299,1083,2.0
310,1083,3.0
316,1083,4.5
320,1083,3.0
351,1083,2.0
363,1083,2.0
392,1083,4.5
12,1084,2.5
21,1084,3.0
27,1084,3.5
41,1084,4.0
43,1084,4.0
47,1084,4.5
51,1084,3.5
54,1084,3.0
73,1084,4.0
75,1084,3.0
79,1084,4.0
86,1084,4.5
88,1084,3.5
99,1084,4.5
119,1084,5.0
138,1084,2.5
139,1084,3.0
147,1084,3.5
153,1084,4.5
156,1084,2.5
159,1084,4.0
164,1084,3.5
175,1084,4.5
194,1084,3.0
198,1084,4.0
204,1084,4.0
212,1084,4.0
217,1084,3.0
219,1084,4.0
236,1084,5.0
264,1084,3.5
268,1084,4.0
273,1084,4.5
275,1084,3.5
276,1084,3.0
277,1084,3.5
279,1084,3.5
287,1084,1.5
295,1084,4.5
299,1084,3.0
304,1084,4.0
305,1084,3.5
309,1084,4.5
327,1084,4.0
351,1084,4.5
353,1084,4.0
354,1084,4.0
357,1084,4.0
362,1084,5.0
373,1084,4.0
386,1084,3.5
395,1084,3.5
411,1084,4.0
415,1084,4.5
419,1084,5.0
434,1084,2.5
442,1084,4.5
74,1085,2.5
100,1085,3.0
121,1085,4.5
277,1085,2.5
320,1085,3.5
373,1085,2.5
386,1085,3.0
414,1085,3.0
431,1085,5.0
9,1086,3.5
12,1086,3.5
15,1086,4.0
21,1086,4.0
47,1086,3.0
58,1086,4.5
67,1086,4.0
75,1086,3.5
85,1086,4.0
86,1086,4.0
91,1086,4.0
119,1086,2.5
153,1086,3.5
154,1086,4.0
162,1086,4.5
164,1086,4.5
169,1086,4.5
175,1086,4.0
194,1086,2.5
207,1086,3.5
217,1086,5.0
219,1086,3.0
228,1086,3.0
246,1086,4.5
256,1086,3.5
257,1086,4.0
261,1086,3.0
264,1086,3.0
275,1086,5.0
276,1086,4.0
279,1086,3.0
284,1086,0.5
298,1086,2.5
299,1086,3.5
304,1086,4.5
310,1086,3.5
311,1086,2.5
316,1086,4.0
320,1086,4.0
326,1086,2.0
327,1086,3.0
341,1086,4.0
347,1086,4.5
348,1086,3.5
351,1086,1.5
352,1086,4.5
353,1086,4.0
362,1086,2.5
373,1086,3.0
374,1086,3.0
383,1086,4.0
392,1086,3.5
397,1086,4.0
411,1086,3.5
412,1086,2.5
422,1086,4.5
427,1086,3.0
428,1086,3.0
435,1086,0.5
441,1086,4.5
442,1086,3.0
43,1087,4.5
155,1087,4.0
180,1087,4.0
186,1087,3.0
286,1087,4.0
299,1087,4.0
346,1087,4.0
357,1087,4.0
4,1088,3.5
6,1088,3.5
12,1088,4.0
15,1088,4.0
21,1088,3.5
29,1088,5.0
35,1088,5.0
42,1088,3.0
45,1088,5.0
47,1088,3.5
58,1088,5.0
63,1088,4.5
75,1088,3.5
89,1088,3.0
91,1088,4.0
97,1088,2.0
98,1088,3.5
116,1088,5.0
117,1088,3.5
119,1088,3.5
122,1088,4.0
138,1088,3.0
139,1088,4.0
141,1088,5.0
146,1088,4.0
147,1088,3.0
153,1088,4.5
154,1088,4.0
164,1088,4.5
167,1088,3.5
169,1088,5.0
175,1088,4.0
194,1088,2.5
197,1088,3.0
200,1088,4.0
204,1088,3.5
207,1088,4.5
219,1088,3.0
227,1088,4.0
235,1088,5.0
237,1088,3.5
239,1088,3.0
256,1088,4.0
257,1088,4.0
268,1088,4.0
272,1088,5.0
275,1088,3.0
276,1088,4.0
279,1088,3.5
284,1088,5.0
298,1088,5.0
299,1088,3.5
318,1088,4.0
320,1088,3.5
327,1088,3.5
335,1088,4.0
341,1088,4.0
346,1088,3.5
347,1088,4.0
352,1088,4.0
380,1088,2.5
397,1088,2.0
406,1088,4.5
411,1088,4.0
412,1088,4.0
413,1088,3.0
419,1088,4.5
422,1088,2.5
427,1088,5.0
428,1088,3.0
432,1088,3.5
434,1088,3.0
435,1088,0.5
441,1088,4.0
442,1088,4.5
4,1089,1.0
122,1089,1.5
159,1089,0.5
164,1089,2.0
194,1089,2.0
275,1089,1.0
299,1089,0.5
432,1089,1.5
438,1089,2.0
441,1090,3.5
346,1091,3.5
422,1091,4.5
346,1092,3.5
47,1093,2.5
138,1093,3.0
153,1093,2.5
164,1093,3.5
204,1093,3.5
275,1093,3.0
299,1093,2.0
327,1093,3.5
337,1093,3.0
346,1093,3.5
441,1093,3.5
442,1093,3.0
320,1094,2.5
438,1094,3.0
4,1095,1.0
43,1095,3.5
47,1095,3.5
119,1095,4.5
122,1095,4.0
159,1095,3.0
164,1095,2.0
175,1095,3.5
194,1095,2.0
204,1095,3.0
239,1095,2.0
275,1095,3.0
279,1095,3.0
299,1095,3.5
309,1095,4.0
310,1095,3.0
346,1095,3.5
348,1095,4.5
351,1095,4.5
362,1095,5.0
411,1095,3.0
412,1095,3.0
419,1095,2.0
434,1095,2.5
441,1095,3.5
442,1095,3.0
12,1096,3.5
16,1096,2.0
18,1096,3.0
34,1096,4.0
43,1096,4.5
45,1096,4.5
47,1096,4.5
99,1096,3.0
105,1096,4.5
116,1096,5.0
125,1096,4.5
132,1096,3.0
139,1096,4.0
149,1096,4.5
153,1096,3.5
155,1096,4.0
157,1096,5.0
159,1096,4.5
175,1096,4.0
180,1096,4.0
186,1096,0.5
188,1096,3.5
204,1096,2.5
212,1096,2.5
219,1096,3.5
239,1096,4.5
245,1096,4.0
257,1096,4.0
258,1096,4.5
276,1096,4.0
299,1096,5.0
318,1096,4.5
320,1096,3.0
327,1096,3.5
346,1096,4.0
348,1096,4.0
351,1096,3.5
353,1096,5.0
373,1096,2.5
384,1096,2.0
386,1096,4.0
406,1096,4.5
411,1096,3.0
412,1096,3.5
430,1096,2.5
434,1096,3.0
441,1096,4.0
442,1096,3.5
43,1097,4.5
1,1098,3.5
4,1098,4.5
12,1098,4.0
15,1098,4.0
16,1098,4.0
21,1098,3.5
43,1098,4.0
44,1098,3.5
45,1098,4.5
47,1098,2.5
58,1098,5.0
65,1098,2.5
98,1098,3.5
116,1098,5.0
122,1098,4.0
138,1098,4.5
153,1098,2.0
164,1098,4.5
169,1098,4.0
175,1098,4.0
194,1098,3.0
227,1098,5.0
253,1098,4.5
272,1098,3.5
274,1098,3.5
275,1098,5.0
284,1098,4.0
292,1098,3.5
295,1098,4.5
299,1098,4.0
310,1098,3.0
320,1098,3.0
327,1098,3.0
337,1098,2.0
346,1098,3.5
351,1098,3.0
353,1098,4.0
404,1098,4.0
412,1098,3.0
419,1098,4.0
422,1098,4.0
434,1098,3.0
441,1098,4.0
442,1098,4.5
164,1099,3.0
219,1099,2.0
434,1099,1.5
422,1100,4.5
47,1101,4.0
51,1101,4.0
73,1101,4.0
79,1101,4.5
86,1101,4.0
89,1101,3.0
122,1101,2.0
127,1101,3.0
139,1101,5.0
147,1101,3.0
153,1101,4.0
159,1101,4.0
164,1101,4.0
175,1101,4.0
194,1101,3.5
204,1101,3.5
212,1101,1.0
219,1101,4.0
228,1101,3.5
264,1101,2.5
279,1101,3.5
299,1101,4.0
310,1101,4.0
313,1101,4.0
327,1101,3.0
351,1101,0.5
354,1101,4.0
373,1101,3.0
392,1101,4.0
415,1101,4.0
428,1101,2.5
434,1101,2.5
441,1101,4.0
442,1101,4.0
4,1102,1.5
6,1102,3.0
93,1102,2.5
122,1102,3.5
320,1102,1.5
373,1102,2.0
414,1102,3.5
346,1103,4.0
434,1103,2.5
21,1104,3.0
47,1104,2.5
58,1104,4.0
153,1104,1.0
159,1104,1.5
164,1104,2.0
194,1104,2.0
212,1104,2.0
217,1104,4.5
251,1104,4.5
275,1104,3.0
299,1104,2.0
313,1104,4.0
348,1104,3.0
351,1104,1.5
441,1104,5.0
442,1104,2.5
346,1105,3.5
439,1105,4.5
64,1106,2.5
79,1106,3.0
164,1106,2.5
194,1106,3.0
212,1106,0.5
219,1106,2.0
428,1106,0.5
142,1107,3.5
219,1107,2.0
275,1107,2.0
164,1108,1.5
194,1108,2.0
194,1109,3.5
43,1110,3.5
434,1110,3.0
138,1111,3.5
299,1111,3.5
346,1111,3.5
164,1112,3.0
219,1112,1.0
320,1112,3.0
164,1113,3.5
194,1113,4.0
299,1113,2.5
122,1114,3.0
164,1114,3.0
219,1114,1.0
275,1114,4.0
299,1114,3.0
434,1114,3.0
442,1114,3.0
47,1115,3.0
58,1115,4.0
97,1115,2.0
148,1115,4.0
164,1115,3.0
175,1115,3.0
194,1115,2.0
275,1115,4.0
313,1115,3.0
351,1115,2.0
373,1115,2.0
385,1115,5.0
434,1115,2.0
442,1115,2.0
164,1116,2.0
320,1116,3.5
428,1116,2.5
4,1117,1.0
53,1117,1.0
74,1117,3.5
97,1117,1.5
153,1117,2.0
164,1117,1.5
172,1117,4.0
275,1117,4.0
276,1117,2.5
299,1117,3.0
320,1117,2.0
327,1117,3.5
337,1117,2.0
346,1117,3.5
351,1117,4.0
363,1117,2.5
411,1117,3.5
442,1117,2.5
47,1118,4.5
74,1118,3.5
164,1118,2.5
275,1118,3.0
320,1118,3.5
351,1118,3.0
357,1118,1.5
414,1118,2.0
431,1118,4.5
6,1119,5.0
280,1119,2.5
299,1119,2.5
320,1119,2.0
414,1119,3.0
431,1119,5.0
4,1120,3.5
164,1120,2.0
194,1120,2.0
279,1120,2.5
299,1120,2.5
42,1121,3.0
43,1121,4.5
47,1121,4.0
52,1121,4.0
60,1121,2.5
75,1121,4.0
93,1121,2.0
101,1121,5.0
155,1121,4.5
160,1121,4.5
180,1121,4.5
186,1121,3.0
212,1121,3.0
219,1121,4.5
228,1121,4.0
235,1121,5.0
246,1121,3.5
299,1121,3.5
318,1121,4.5
351,1121,3.5
353,1121,4.0
386,1121,3.5
389,1121,2.0
411,1121,4.0
422,1121,4.0
439,1121,4.5
441,1121,3.5
21,1122,2.0
27,1122,2.0
34,1122,5.0
35,1122,5.0
42,1122,5.0
43,1122,5.0
45,1122,5.0
47,1122,4.0
60,1122,3.0
65,1122,5.0
75,1122,3.5
86,1122,5.0
91,1122,4.0
93,1122,3.5
97,1122,1.0
99,1122,4.0
117,1122,4.5
123,1122,4.0
130,1122,5.0
138,1122,4.5
139,1122,4.0
142,1122,5.0
147,1122,4.0
153,1122,4.5
159,1122,4.0
164,1122,3.5
175,1122,4.5
180,1122,3.5
186,1122,2.5
194,1122,4.0
197,1122,3.5
200,1122,3.5
204,1122,3.5
217,1122,4.0
219,1122,5.0
238,1122,5.0
239,1122,5.0
240,1122,4.0
242,1122,3.0
246,1122,3.0
257,1122,5.0
264,1122,4.0
275,1122,5.0
276,1122,3.5
279,1122,3.0
299,1122,4.0
305,1122,3.5
313,1122,4.0
318,1122,4.5
323,1122,5.0
327,1122,4.0
343,1122,3.5
346,1122,4.0
348,1122,5.0
351,1122,4.0
353,1122,4.5
355,1122,4.0
357,1122,4.5
370,1122,5.0
380,1122,1.0
384,1122,4.0
386,1122,4.5
391,1122,3.0
392,1122,4.5
396,1122,4.5
397,1122,5.0
411,1122,4.5
412,1122,4.0
413,1122,2.5
416,1122,2.5
419,1122,4.5
428,1122,3.0
432,1122,4.5
434,1122,3.0
435,1122,4.5
441,1122,5.0
442,1122,5.0
4,1123,1.0
47,1123,2.5
122,1123,3.0
145,1123,1.5
164,1123,3.0
212,1123,0.5
219,1123,2.5
277,1123,3.5
299,1123,2.0
320,1123,3.0
347,1123,3.5
351,1123,3.0
373,1123,1.5
4,1124,4.5
164,1124,3.5
194,1124,3.5
204,1124,4.0
299,1124,3.0
320,1124,3.5
47,1125,1.0
65,1125,2.0
139,1125,3.5
154,1125,4.0
194,1125,3.5
204,1125,4.0
219,1125,3.5
257,1125,4.5
268,1125,3.5
276,1125,2.5
299,1125,4.0
327,1125,3.5
337,1125,3.0
346,1125,2.0
351,1125,4.5
386,1125,4.5
406,1125,4.5
411,1125,3.5
434,1125,2.5
435,1125,5.0
442,1125,3.5
121,1126,5.0
164,1127,2.0
194,1127,1.5
21,1128,2.0
41,1128,4.5
58,1128,3.5
155,1128,4.0
160,1128,4.5
175,1128,4.0
187,1128,5.0
188,1128,4.0
212,1128,4.0
228,1128,3.5
254,1128,3.0
299,1128,4.0
302,1128,2.5
346,1128,4.0
348,1128,5.0
434,1128,3.0
442,1128,4.0
299,1129,3.5
164,1130,2.5
320,1130,3.0
439,1130,3.5
12,1131,3.5
42,1131,4.0
43,1131,5.0
47,1131,2.0
75,1131,1.5
79,1131,3.5
86,1131,5.0
153,1131,4.0
159,1131,2.0
164,1131,3.5
175,1131,4.0
194,1131,2.5
212,1131,2.0
217,1131,1.5
256,1131,2.5
257,1131,3.5
275,1131,5.0
299,1131,3.5
313,1131,4.0
323,1131,5.0
327,1131,4.5
337,1131,4.5
351,1131,2.5
352,1131,1.0
353,1131,4.0
354,1131,4.0
362,1131,5.0
386,1131,3.0
392,1131,4.0
411,1131,4.0
434,1131,3.0
442,1131,4.0
164,1132,3.0
299,1133,4.0
316,1133,4.5
21,1134,2.5
164,1134,3.5
198,1134,4.5
203,1134,4.0
212,1134,3.0
299,1134,4.0
351,1134,3.5
386,1134,3.5
346,1135,4.0
164,1136,3.0
316,1136,3.5
441,1136,4.5
346,1137,2.5
352,1137,1.0
15,1138,3.0
164,1138,2.5
47,1139,3.0
122,1139,2.5
164,1139,2.0
175,1139,2.5
194,1139,2.0
219,1139,2.0
275,1139,3.0
327,1139,2.0
351,1139,1.5
435,1139,2.5
122,1140,2.0
299,1140,3.0
352,1140,2.0
4,1141,4.0
21,1141,2.5
27,1141,4.0
43,1141,3.0
47,1141,3.0
49,1141,5.0
118,1141,5.0
125,1141,4.5
130,1141,5.0
138,1141,3.5
139,1141,2.0
155,1141,5.0
159,1141,4.0
186,1141,3.0
194,1141,2.5
203,1141,5.0
204,1141,4.5
212,1141,3.5
215,1141,3.5
219,1141,3.0
240,1141,4.0
242,1141,3.5
252,1141,4.0
257,1141,4.0
299,1141,4.0
320,1141,5.0
327,1141,4.0
337,1141,4.0
346,1141,4.0
348,1141,4.0
351,1141,2.5
352,1141,3.0
353,1141,4.5
356,1141,3.5
357,1141,1.0
374,1141,3.0
422,1141,5.0
435,1141,3.5
442,1141,4.0
12,1142,4.0
21,1142,4.0
41,1142,4.5
43,1142,4.5
58,1142,5.0
63,1142,5.0
73,1142,4.5
75,1142,3.5
79,1142,3.0
116,1142,4.0
130,1142,4.5
132,1142,4.0
169,1142,4.5
173,1142,5.0
175,1142,5.0
180,1142,4.0
194,1142,3.5
197,1142,3.5
212,1142,2.0
214,1142,3.0
246,1142,4.0
254,1142,4.0
258,1142,4.0
274,1142,4.0
275,1142,4.0
279,1142,4.0
284,1142,2.0
292,1142,4.0
299,1142,4.5
309,1142,4.5
332,1142,3.5
346,1142,4.0
351,1142,3.5
354,1142,3.0
412,1142,3.5
419,1142,5.0
422,1142,4.5
442,1142,4.5
21,1143,3.0
52,1143,4.0
346,1143,4.0
352,1143,1.0
299,1144,3.5
299,1145,4.0
346,1146,3.0
4,1147,4.0
12,1147,3.5
24,1147,2.0
43,1147,3.5
54,1147,5.0
58,1147,4.5
75,1147,4.0
79,1147,0.5
89,1147,5.0
147,1147,2.5
148,1147,3.0
153,1147,3.0
164,1147,4.5
175,1147,4.0
194,1147,3.5
207,1147,2.0
212,1147,3.0
239,1147,4.0
242,1147,0.5
246,1147,3.0
256,1147,4.0
275,1147,4.0
279,1147,3.5
327,1147,2.5
341,1147,4.0
345,1147,4.0
351,1147,2.0
353,1147,0.5
354,1147,4.0
357,1147,0.5
419,1147,4.5
441,1147,3.5
442,1147,3.0
4,1148,3.5
12,1148,4.0
16,1148,2.0
30,1148,3.5
47,1148,3.5
75,1148,4.0
139,1148,4.0
156,1148,4.0
164,1148,4.0
203,1148,1.5
212,1148,3.0
228,1148,3.5
235,1148,4.5
299,1148,4.0
346,1148,4.0
351,1148,4.0
352,1148,4.0
397,1148,5.0
411,1148,4.0
204,1149,2.0
301,1149,3.5
434,1149,2.0
4,1150,4.0
6,1150,2.5
9,1150,2.5
12,1150,3.5
15,1150,3.5
16,1150,4.0
17,1150,3.0
21,1150,3.5
27,1150,3.0
33,1150,3.0
35,1150,4.0
41,1150,4.5
43,1150,3.5
45,1150,4.0
47,1150,3.5
51,1150,4.0
53,1150,4.0
54,1150,0.5
55,1150,5.0
65,1150,4.5
70,1150,5.0
73,1150,3.5
74,1150,4.0
75,1150,3.5
79,1150,1.0
82,1150,3.5
85,1150,4.0
93,1150,3.0
97,1150,3.5
98,1150,4.5
99,1150,4.5
116,1150,4.5
117,1150,4.5
122,1150,4.0
123,1150,4.0
130,1150,4.0
132,1150,4.0
139,1150,4.0
147,1150,3.0
153,1150,4.0
154,1150,4.5
156,1150,3.0
157,1150,4.5
162,1150,3.0
164,1150,4.0
165,1150,3.5
169,1150,4.5
173,1150,4.0
174,1150,5.0
175,1150,4.0
178,1150,4.5
180,1150,4.5
188,1150,3.5
194,1150,3.5
198,1150,3.5
200,1150,5.0
202,1150,4.0
204,1150,4.0
207,1150,3.5
212,1150,2.0
215,1150,4.0
217,1150,3.0
218,1150,3.5
219,1150,3.0
220,1150,4.0
227,1150,2.0
237,1150,5.0
238,1150,4.5
239,1150,4.0
240,1150,3.5
242,1150,3.5
246,1150,4.0
249,1150,4.5
256,1150,4.0
258,1150,4.0
262,1150,4.0
264,1150,2.0
265,1150,4.0
269,1150,4.0
272,1150,3.5
274,1150,4.0
275,1150,4.0
276,1150,4.5
288,1150,3.5
290,1150,4.0
299,1150,4.0
310,1150,4.0
311,1150,5.0
318,1150,4.5
320,1150,5.0
321,1150,4.0
327,1150,4.5
334,1150,5.0
335,1150,4.5
341,1150,3.5
343,1150,3.5
346,1150,4.0
347,1150,4.5
348,1150,4.0
351,1150,3.5
352,1150,5.0
353,1150,4.0
355,1150,4.0
356,1150,4.0
357,1150,3.5
373,1150,4.0
377,1150,3.5
383,1150,4.0
386,1150,3.5
387,1150,4.0
392,1150,4.0
395,1150,4.5
397,1150,3.0
412,1150,3.0
416,1150,3.5
419,1150,4.5
422,1150,4.5
428,1150,4.0
430,1150,3.0
432,1150,4.0
434,1150,2.5
436,1150,5.0
439,1150,4.0
441,1150,4.0
442,1150,5.0
439,1151,3.0
4,1152,1.0
122,1152,3.0
147,1152,3.0
164,1152,3.5
204,1152,3.5
275,1152,3.0
347,1152,4.5
352,1152,3.0
380,1152,5.0
412,1152,2.0
428,1152,3.0
30,1153,4.0
212,1153,1.0
228,1153,4.0
299,1153,3.0
320,1153,3.5
352,1153,2.0
439,1153,3.5
441,1153,4.0
194,1154,1.5
219,1154,0.5
275,1154,2.0
441,1154,3.0
47,1155,5.0
164,1155,3.0
261,1155,3.5
277,1155,3.5
279,1155,2.5
320,1155,4.0
6,1156,3.5
47,1156,3.0
79,1156,3.0
93,1156,4.0
111,1156,2.0
122,1156,3.5
139,1156,3.5
159,1156,2.5
198,1156,5.0
212,1156,1.0
219,1156,4.0
249,1156,4.0
275,1156,3.0
346,1156,3.0
351,1156,2.0
352,1156,3.0
357,1156,2.5
373,1156,3.5
380,1156,2.0
439,1156,2.5
4,1157,2.5
6,1157,1.0
16,1157,3.5
21,1157,3.0
47,1157,4.0
51,1157,2.0
73,1157,4.0
75,1157,4.0
93,1157,3.5
98,1157,3.5
122,1157,4.0
132,1157,3.0
164,1157,4.0
172,1157,4.0
188,1157,4.5
204,1157,3.5
219,1157,4.5
254,1157,3.5
276,1157,4.0
281,1157,4.0
299,1157,4.0
310,1157,4.0
320,1157,4.0
335,1157,4.0
346,1157,4.0
351,1157,4.0
353,1157,4.0
385,1157,5.0
411,1157,3.5
422,1157,2.5
435,1157,2.0
441,1157,4.5
4,1158,2.5
15,1158,4.0
41,1158,3.5
47,1158,3.0
51,1158,5.0
73,1158,3.5
74,1158,4.0
79,1158,3.5
97,1158,2.0
122,1158,4.0
147,1158,3.5
153,1158,3.5
164,1158,4.0
175,1158,4.0
194,1158,3.5
204,1158,3.0
212,1158,2.0
261,1158,4.0
275,1158,4.0
276,1158,3.5
277,1158,3.5
279,1158,3.5
295,1158,4.0
299,1158,2.0
320,1158,4.0
327,1158,2.0
351,1158,3.0
352,1158,4.0
353,1158,3.0
357,1158,3.5
373,1158,2.0
380,1158,1.0
383,1158,4.0
392,1158,3.5
412,1158,3.0
428,1158,2.5
435,1158,1.0
441,1158,4.5
93,1159,4.0
125,1159,4.5
139,1159,3.5
170,1159,4.5
235,1159,4.5
252,1159,4.0
435,1159,1.5
439,1159,3.5
33,1160,2.0
142,1160,4.0
21,1161,2.5
60,1161,3.5
139,1161,3.0
194,1161,2.5
320,1161,1.0
339,1161,3.0
351,1161,3.0
352,1161,1.0
357,1161,1.5
438,1161,1.0
64,1162,2.5
164,1162,2.5
346,1163,4.0
27,1164,4.0
43,1164,4.0
47,1164,4.5
75,1164,4.0
159,1164,4.0
170,1164,4.0
252,1164,4.0
299,1164,4.0
316,1164,4.0
320,1164,1.5
352,1164,4.0
386,1164,3.5
411,1164,4.0
434,1164,2.5
435,1164,3.5
439,1164,4.0
21,1165,3.0
98,1165,3.0
164,1165,3.0
21,1166,2.0
43,1166,3.5
47,1166,3.5
93,1166,3.5
138,1166,3.5
153,1166,3.5
172,1166,4.0
194,1166,3.5
212,1166,2.5
228,1166,4.5
240,1166,2.5
269,1166,4.0
299,1166,3.0
320,1166,3.0
327,1166,4.0
346,1166,4.0
348,1166,3.5
351,1166,3.5
353,1166,4.0
386,1166,4.5
422,1166,4.0
434,1166,2.5
439,1166,4.0
441,1166,4.0
442,1166,3.5
4,1167,4.0
12,1167,3.0
15,1167,4.5
41,1167,5.0
47,1167,3.0
75,1167,4.0
79,1167,4.0
117,1167,0.5
122,1167,3.5
125,1167,3.0
138,1167,3.0
139,1167,2.5
153,1167,3.0
156,1167,2.5
159,1167,2.5
164,1167,3.0
169,1167,4.0
172,1167,4.0
175,1167,4.0
182,1167,4.0
194,1167,2.0
204,1167,3.0
207,1167,3.5
228,1167,3.5
240,1167,3.0
275,1167,2.0
284,1167,5.0
320,1167,2.5
327,1167,1.5
339,1167,4.5
351,1167,3.0
352,1167,4.0
357,1167,3.5
362,1167,4.5
373,1167,3.5
392,1167,2.0
393,1167,5.0
397,1167,3.0
411,1167,4.0
415,1167,3.5
434,1167,2.5
435,1167,1.0
441,1167,4.5
47,1168,3.5
97,1168,0.5
164,1168,3.0
175,1168,3.0
194,1168,2.0
217,1168,4.0
275,1168,3.0
299,1168,2.5
313,1168,3.0
320,1168,3.0
352,1168,4.5
419,1168,4.0
434,1168,1.5
442,1168,2.5
346,1169,3.0
75,1170,4.5
89,1170,5.0
281,1170,5.0
346,1170,3.0
434,1170,3.0
155,1171,5.0
337,1171,4.0
346,1171,4.0
75,1172,4.0
439,1173,4.0
24,1174,4.5
46,1174,5.0
50,1174,3.5
434,1174,2.5
432,1175,4.0
392,1176,4.5
438,1176,1.0
43,1177,4.5
172,1177,4.5
228,1177,3.5
279,1177,4.0
292,1177,4.0
411,1177,4.0
439,1177,4.0
434,1178,1.5
194,1179,3.5
275,1179,5.0
434,1179,2.0
172,1180,5.0
228,1181,4.5
258,1182,4.0
142,1183,4.5
392,1183,3.5
411,1183,4.0
384,1184,4.0
353,1185,4.5
426,1186,5.0
60,1187,4.0
130,1187,5.0
434,1187,3.0
442,1187,5.0
21,1188,2.5
346,1188,3.5
439,1188,4.0
101,1189,4.0
242,1189,3.5
434,1190,2.0
442,1191,2.5
164,1192,2.5
219,1192,0.5
434,1192,1.5
434,1193,2.5
442,1193,4.0
21,1194,2.5
47,1195,2.5
175,1196,3.5
327,1196,3.5
434,1196,2.0
442,1197,4.5
89,1198,4.5
175,1198,3.0
442,1199,3.0
33,1200,3.0
43,1201,5.0
348,1202,3.5
47,1203,2.5
434,1204,1.5
219,1205,4.5
299,1205,3.0
337,1206,4.5
435,1206,4.5
442,1206,4.0
275,1207,3.0
442,1207,4.0
130,1208,4.0
194,1208,3.0
279,1208,3.0
292,1208,4.0
442,1208,5.0
434,1209,0.5
194,1210,3.5
332,1210,3.0
434,1210,3.0
442,1210,3.0
10,1211,4.0
21,1211,4.5
22,1211,5.0
47,1211,4.0
54,1211,4.0
92,1211,3.5
139,1211,3.0
153,1211,4.0
187,1211,4.5
284,1211,0.5
299,1211,4.0
348,1211,5.0
355,1211,5.0
384,1211,5.0
386,1211,4.0
392,1211,4.5
432,1211,4.0
434,1211,3.0
435,1211,1.0
194,1212,3.5
204,1212,2.0
64,1213,4.5
427,1213,4.5
439,1214,4.5
439,1215,3.5
41,1216,4.5
47,1216,3.0
86,1216,5.0
91,1216,4.5
130,1216,4.5
153,1216,4.0
182,1216,2.5
228,1216,3.5
275,1216,4.0
276,1216,3.5
281,1216,3.5
299,1216,4.0
348,1216,4.5
351,1216,1.5
353,1216,4.0
384,1216,3.5
386,1216,3.0
392,1216,4.5
411,1216,4.0
434,1216,2.5
292,1217,3.5
351,1217,3.0
413,1218,3.0
110,1219,4.0
164,1219,3.0
194,1219,4.0
422,1219,4.0
275,1220,2.0
139,1221,2.0
327,1221,1.5
12,1222,2.5
273,1223,3.5
281,1224,3.0
304,1225,5.0
47,1226,1.5
41,1227,4.0
47,1227,3.5
73,1227,3.5
74,1227,2.5
75,1227,3.0
79,1227,3.0
86,1227,4.0
97,1227,1.5
122,1227,3.0
164,1227,2.0
220,1227,2.0
264,1227,2.0
275,1227,4.0
276,1227,3.5
299,1227,4.0
346,1227,3.5
351,1227,3.5
352,1227,2.0
373,1227,3.5
386,1227,3.0
392,1227,4.5
411,1227,3.5
438,1227,2.5
441,1227,4.0
442,1227,3.5
316,1228,4.0
12,1229,4.5
52,1230,3.5
93,1230,3.0
155,1230,5.0
346,1230,3.0
351,1230,3.5
353,1230,4.0
434,1231,3.5
439,1231,4.0
442,1231,5.0
24,1232,3.0
352,1232,0.5
434,1232,3.0
93,1233,3.0
172,1233,3.5
346,1233,4.0
353,1233,3.5
365,1233,3.5
373,1233,3.5
385,1233,4.0
435,1233,5.0
4,1234,3.0
75,1234,4.5
130,1234,4.0
155,1234,4.5
346,1234,3.5
434,1234,3.5
439,1235,4.5
442,1236,3.0
251,1237,5.0
434,1238,2.5
155,1239,4.5
346,1239,3.0
434,1240,3.0
122,1241,3.0
194,1241,2.5
218,1241,3.0
219,1241,2.0
275,1241,3.0
434,1241,2.0
10,1242,4.0
11,1242,4.0
12,1242,3.5
18,1242,4.5
33,1242,3.0
43,1242,5.0
47,1242,1.0
52,1242,5.0
75,1242,5.0
78,1242,4.0
86,1242,4.0
89,1242,4.5
104,1242,4.5
122,1242,4.0
130,1242,4.0
147,1242,4.5
153,1242,5.0
155,1242,4.5
170,1242,3.5
194,1242,3.5
212,1242,4.0
217,1242,4.5
227,1242,5.0
228,1242,3.5
242,1242,3.0
245,1242,4.0
254,1242,3.0
275,1242,5.0
279,1242,5.0
299,1242,4.5
302,1242,5.0
309,1242,2.5
326,1242,4.5
332,1242,3.0
362,1242,5.0
416,1242,4.5
434,1242,4.0
439,1242,3.5
442,1242,5.0
155,1243,4.5
442,1244,3.0
434,1245,1.5
21,1246,1.0
89,1246,4.0
194,1246,3.5
204,1246,3.0
275,1246,4.0
279,1246,3.5
299,1246,2.5
434,1246,2.5
164,1247,3.0
346,1247,4.0
374,1247,3.0
442,1247,4.0
21,1248,2.0
275,1248,1.0
24,1249,5.0
43,1249,3.5
175,1249,4.0
194,1249,4.0
217,1249,4.5
240,1249,3.5
275,1249,4.0
299,1249,4.0
320,1249,4.5
386,1249,3.5
434,1249,3.0
442,1249,4.5
275,1250,3.0
75,1251,4.0
165,1251,3.0
170,1251,4.5
235,1251,4.5
252,1251,3.5
346,1251,3.0
357,1251,5.0
439,1251,4.5
41,1252,4.0
122,1252,3.0
164,1252,3.0
212,1252,2.5
276,1252,3.5
299,1252,3.5
320,1252,4.0
348,1252,4.0
352,1252,2.0
359,1252,4.0
442,1252,3.5
75,1253,4.5
93,1253,3.0
155,1253,3.5
228,1253,3.5
276,1253,4.5
281,1253,4.5
346,1253,3.5
353,1253,5.0
373,1253,3.5
411,1253,2.5
439,1253,5.0
164,1254,2.5
155,1255,4.0
346,1255,4.0
98,1256,4.0
164,1256,3.0
255,1256,3.0
299,1256,3.5
351,1256,3.5
439,1256,2.5
194,1257,1.0
203,1257,1.0
275,1257,4.0
299,1257,3.0
304,1257,4.5
64,1258,4.0
434,1259,3.5
351,1260,2.5
12,1261,3.5
21,1261,3.5
37,1261,5.0
40,1261,4.0
41,1261,4.5
47,1261,3.0
86,1261,4.5
139,1261,4.5
153,1261,4.0
194,1261,4.0
275,1261,4.0
279,1261,3.0
299,1261,4.0
320,1261,3.5
327,1261,3.5
406,1261,4.0
428,1261,3.5
434,1261,3.0
442,1261,3.5
75,1262,4.5
155,1262,4.5
346,1262,4.0
164,1263,3.0
194,1263,3.0
299,1263,3.0
351,1263,2.5
219,1264,3.0
346,1264,4.5
164,1265,2.0
194,1265,1.5
275,1265,2.0
351,1265,2.5
441,1265,3.5
42,1266,3.5
130,1266,4.0
155,1266,5.0
160,1266,4.0
180,1266,4.0
299,1266,4.0
313,1266,4.0
337,1266,4.0
346,1266,3.5
439,1266,3.0
130,1267,4.0
337,1267,3.5
130,1268,2.0
434,1268,3.5
235,1269,3.5
43,1270,4.5
65,1271,2.5
299,1271,3.5
346,1271,3.5
12,1272,4.5
337,1272,3.0
346,1272,4.0
386,1272,4.0
130,1273,4.5
299,1273,4.0
351,1273,4.0
435,1273,4.0
155,1274,4.5
159,1274,4.5
346,1274,4.0
351,1274,3.0
155,1275,2.5
299,1275,3.0
42,1276,4.0
56,1276,0.5
86,1276,4.5
130,1276,4.0
153,1276,3.0
164,1276,2.5
194,1276,4.0
212,1276,3.0
228,1276,4.5
268,1276,5.0
276,1276,4.0
292,1276,4.0
299,1276,4.0
327,1276,3.5
345,1276,4.0
346,1276,3.5
348,1276,4.0
353,1276,4.5
368,1276,4.0
411,1276,3.0
434,1276,2.5
442,1276,3.5
442,1277,3.5
130,1278,4.0
155,1278,4.5
337,1278,4.0
346,1278,3.0
351,1278,1.0
16,1279,2.0
21,1279,4.0
27,1279,4.0
30,1279,4.0
40,1279,4.5
43,1279,3.5
52,1279,4.0
54,1279,4.0
75,1279,4.0
85,1279,5.0
98,1279,4.5
105,1279,2.5
111,1279,4.0
122,1279,5.0
138,1279,4.0
147,1279,4.0
153,1279,2.5
156,1279,3.0
164,1279,4.5
165,1279,3.5
180,1279,4.5
182,1279,4.0
194,1279,4.0
212,1279,3.0
215,1279,4.5
217,1279,4.5
221,1279,4.0
227,1279,5.0
235,1279,3.5
239,1279,3.5
254,1279,3.5
255,1279,4.0
256,1279,4.0
275,1279,5.0
299,1279,4.5
316,1279,4.0
320,1279,4.0
327,1279,4.5
346,1279,4.0
351,1279,4.0
352,1279,4.5
353,1279,4.0
356,1279,4.0
358,1279,3.5
387,1279,3.0
397,1279,0.5
411,1279,3.0
413,1279,4.0
422,1279,4.5
428,1279,4.0
432,1279,2.5
439,1279,4.0
194,1280,4.5
442,1280,5.0
6,1281,3.5
16,1281,0.5
21,1281,4.0
30,1281,3.0
35,1281,5.0
47,1281,3.5
52,1281,3.5
60,1281,3.5
75,1281,4.0
84,1281,4.5
93,1281,4.0
95,1281,4.0
98,1281,3.0
116,1281,4.0
118,1281,4.0
122,1281,4.0
123,1281,4.5
125,1281,4.0
132,1281,4.0
138,1281,4.0
142,1281,4.0
149,1281,4.0
160,1281,5.0
164,1281,4.0
180,1281,4.5
200,1281,4.0
217,1281,5.0
231,1281,4.5
235,1281,5.0
239,1281,4.0
242,1281,2.0
245,1281,3.5
246,1281,3.5
276,1281,5.0
299,1281,4.5
310,1281,4.5
335,1281,4.5
346,1281,4.5
348,1281,4.0
353,1281,4.0
380,1281,0.5
412,1281,3.5
413,1281,3.5
419,1281,3.5
422,1281,3.0
428,1281,4.0
435,1281,2.0
439,1281,3.5
12,1282,4.0
15,1282,3.5
30,1282,3.0
33,1282,1.5
41,1282,4.5
42,1282,2.5
43,1282,4.0
51,1282,3.5
64,1282,2.0
73,1282,3.5
74,1282,4.5
75,1282,4.0
79,1282,1.5
91,1282,3.5
93,1282,3.5
117,1282,2.5
122,1282,2.5
139,1282,3.5
153,1282,3.0
154,1282,3.0
159,1282,4.0
162,1282,2.0
164,1282,3.5
172,1282,4.0
175,1282,3.5
194,1282,2.5
207,1282,3.5
212,1282,1.0
215,1282,0.5
219,1282,2.5
228,1282,4.0
239,1282,1.5
240,1282,3.5
245,1282,2.5
255,1282,3.0
258,1282,3.0
264,1282,3.5
268,1282,4.0
275,1282,2.0
276,1282,3.5
279,1282,3.5
290,1282,3.0
303,1282,2.5
311,1282,3.5
327,1282,3.0
341,1282,1.5
346,1282,4.0
351,1282,4.0
353,1282,4.0
354,1282,3.5
357,1282,2.5
373,1282,3.0
397,1282,1.0
412,1282,2.5
422,1282,3.0
428,1282,3.0
432,1282,2.0
435,1282,3.0
438,1282,2.5
439,1282,4.0
442,1282,3.0
75,1283,4.0
102,1283,5.0
439,1283,4.5
42,1284,2.5
43,1284,5.0
47,1284,2.5
86,1284,4.5
105,1284,1.0
130,1284,4.0
132,1284,5.0
153,1284,3.0
155,1284,4.0
159,1284,4.5
175,1284,3.5
186,1284,3.0
187,1284,1.0
194,1284,3.5
204,1284,4.5
212,1284,3.0
228,1284,4.5
240,1284,3.0
242,1284,2.5
257,1284,4.0
268,1284,3.0
276,1284,2.0
279,1284,3.5
299,1284,4.0
327,1284,3.0
345,1284,4.5
346,1284,3.0
351,1284,4.5
352,1284,2.0
362,1284,4.5
411,1284,3.5
412,1284,3.0
416,1284,4.0
434,1284,4.0
435,1284,5.0
441,1284,3.0
442,1284,4.0
4,1285,3.5
12,1285,4.0
21,1285,3.0
27,1285,4.0
30,1285,3.0
47,1285,1.0
75,1285,4.0
98,1285,3.5
111,1285,2.0
139,1285,4.0
147,1285,3.0
164,1285,4.0
175,1285,4.0
188,1285,4.0
200,1285,4.5
212,1285,2.5
217,1285,4.0
221,1285,4.0
227,1285,4.0
228,1285,3.5
235,1285,1.5
240,1285,3.5
246,1285,5.0
256,1285,4.0
273,1285,4.0
276,1285,2.5
299,1285,3.5
327,1285,4.0
346,1285,4.0
351,1285,4.0
352,1285,3.0
435,1285,4.0
438,1285,3.0
439,1285,3.5
442,1285,4.5
4,1286,2.0
15,1286,3.0
47,1286,3.0
103,1286,5.0
122,1286,3.5
164,1286,3.5
320,1286,3.0
352,1286,4.0
357,1286,3.5
373,1286,3.0
380,1286,1.0
432,1286,3.5
155,1287,2.0
299,1288,3.5
346,1288,4.5
348,1288,3.5
47,1289,3.5
164,1289,3.0
204,1289,4.0
219,1289,2.5
257,1289,3.5
299,1289,4.0
320,1289,3.0
346,1289,4.5
351,1289,3.0
439,1289,3.0
441,1289,4.0
15,1290,3.5
27,1290,3.0
47,1290,4.5
50,1290,4.0
75,1290,3.5
79,1290,0.5
122,1290,3.0
139,1290,4.0
153,1290,1.5
156,1290,3.5
159,1290,3.5
164,1290,3.0
194,1290,2.5
204,1290,3.5
212,1290,2.0
221,1290,3.5
239,1290,2.0
275,1290,3.0
309,1290,3.5
320,1290,3.0
327,1290,2.5
341,1290,3.5
351,1290,2.5
352,1290,4.0
353,1290,3.5
354,1290,4.0
359,1290,4.0
373,1290,2.0
380,1290,1.0
392,1290,5.0
397,1290,4.0
435,1290,3.0
442,1290,3.0
155,1291,3.5
346,1291,3.5
219,1292,2.5
299,1292,3.5
439,1292,3.5
242,1293,3.5
299,1293,4.0
346,1293,4.5
439,1293,3.0
164,1294,1.5
194,1294,1.5
439,1295,3.0
164,1296,2.0
194,1296,2.0
219,1296,2.0
275,1296,4.0
299,1296,2.0
351,1296,2.0
373,1296,3.0
435,1296,3.0
320,1297,3.0
346,1297,3.5
439,1297,3.0
21,1298,3.0
299,1298,4.0
164,1299,3.5
434,1299,2.5
411,1300,2.5
299,1301,3.0
24,1302,3.0
91,1302,4.5
230,1302,4.0
153,1303,0.5
164,1303,2.0
207,1303,3.0
275,1303,2.0
299,1303,2.5
320,1303,1.5
351,1303,1.0
432,1303,2.5
434,1303,1.5
441,1303,4.0
164,1304,2.0
21,1305,3.0
98,1305,3.0
164,1305,3.5
194,1305,3.0
212,1305,2.5
299,1305,3.0
320,1305,3.5
130,1306,5.0
211,1306,5.0
217,1306,4.0
353,1306,4.5
442,1306,5.0
16,1307,1.0
54,1307,4.0
85,1307,4.0
125,1307,3.5
130,1307,5.0
155,1307,4.0
160,1307,4.0
167,1307,3.0
170,1307,3.5
217,1307,5.0
228,1307,4.5
235,1307,4.5
246,1307,5.0
304,1307,4.5
305,1307,4.0
326,1307,2.5
339,1307,4.0
346,1307,3.5
362,1307,4.5
439,1307,3.5
21,1308,2.5
98,1308,3.5
164,1308,2.5
194,1308,4.0
217,1308,3.0
261,1308,3.5
320,1308,3.5
442,1308,3.0
219,1309,0.5
219,1310,0.5
164,1311,3.0
175,1311,3.0
194,1311,2.5
204,1311,2.5
275,1311,2.0
374,1311,1.0
164,1312,1.5
275,1312,2.5
6,1313,2.5
15,1313,3.5
79,1313,3.5
100,1313,4.0
122,1313,2.5
164,1313,3.0
218,1313,3.0
258,1313,3.5
320,1313,1.0
414,1313,3.5
431,1313,4.5
276,1314,4.5
155,1315,4.5
346,1315,4.0
164,1316,2.5
299,1316,2.0
155,1317,4.0
11,1318,4.5
16,1318,2.5
41,1318,3.5
42,1318,4.0
73,1318,4.5
75,1318,4.0
86,1318,5.0
91,1318,4.0
93,1318,4.0
103,1318,4.0
130,1318,4.0
147,1318,4.0
155,1318,4.5
172,1318,5.0
194,1318,4.0
217,1318,4.5
242,1318,3.5
249,1318,3.5
258,1318,5.0
276,1318,5.0
279,1318,3.5
287,1318,4.0
290,1318,3.5
318,1318,3.0
320,1318,3.5
346,1318,4.0
347,1318,5.0
348,1318,5.0
353,1318,4.5
355,1318,3.5
357,1318,3.0
373,1318,4.0
385,1318,5.0
386,1318,4.0
432,1318,5.0
434,1318,2.5
435,1318,5.0
436,1318,5.0
438,1318,3.0
439,1318,4.0
348,1319,3.0
434,1319,3.0
6,1320,4.5
12,1320,2.0
15,1320,3.5
18,1320,3.5
24,1320,2.0
27,1320,3.0
30,1320,3.0
35,1320,3.0
47,1320,4.5
64,1320,1.5
75,1320,4.0
79,1320,3.5
85,1320,4.0
98,1320,3.0
100,1320,3.0
111,1320,3.0
117,1320,3.5
122,1320,2.5
139,1320,4.0
164,1320,3.5
175,1320,4.0
194,1320,3.5
198,1320,3.0
207,1320,3.0
212,1320,2.0
217,1320,2.5
218,1320,2.0
261,1320,4.0
276,1320,2.5
277,1320,3.5
299,1320,3.5
300,1320,2.5
320,1320,4.5
341,1320,3.0
347,1320,4.5
357,1320,3.5
359,1320,4.5
362,1320,2.0
373,1320,2.5
411,1320,3.0
415,1320,3.5
425,1320,2.0
428,1320,3.5
434,1320,2.5
442,1320,3.0
155,1321,0.5
346,1322,3.5
373,1322,3.0
18,1323,3.0
35,1323,4.5
41,1323,4.5
47,1323,3.5
65,1323,4.0
75,1323,3.5
76,1323,2.5
79,1323,3.0
93,1323,2.0
116,1323,4.0
122,1323,2.5
145,1323,3.0
153,1323,3.0
164,1323,3.0
175,1323,4.0
182,1323,4.0
194,1323,3.0
228,1323,3.0
239,1323,3.0
262,1323,4.5
270,1323,4.5
275,1323,4.0
284,1323,5.0
295,1323,3.0
299,1323,3.0
320,1323,3.0
339,1323,2.5
347,1323,4.0
348,1323,4.0
351,1323,3.0
357,1323,1.0
385,1323,5.0
411,1323,3.5
441,1323,5.0
442,1323,3.5
275,1324,1.0
98,1325,3.0
164,1325,3.0
204,1325,3.5
155,1326,4.0
275,1327,2.0
276,1327,4.5
351,1327,3.5
442,1327,3.0
164,1328,3.0
4,1329,3.5
43,1329,4.0
47,1329,2.5
60,1329,0.5
130,1329,3.5
139,1329,5.0
153,1329,4.0
172,1329,5.0
175,1329,4.0
194,1329,3.0
240,1329,4.0
257,1329,4.0
275,1329,5.0
320,1329,3.5
337,1329,4.0
392,1329,4.5
395,1329,0.5
434,1329,2.5
442,1329,5.0
346,1330,4.0
228,1331,3.5
164,1332,2.0
204,1332,2.0
354,1332,4.0
164,1333,2.0
194,1333,2.0
204,1333,2.0
219,1333,1.5
275,1333,3.0
442,1333,2.5
98,1334,2.0
122,1334,3.0
164,1334,2.5
194,1334,3.0
219,1334,2.5
275,1334,3.0
320,1334,3.0
164,1335,3.0
219,1335,2.0
261,1335,4.0
275,1335,3.0
299,1335,2.0
320,1335,3.0
327,1335,2.0
351,1335,0.5
155,1336,4.0
337,1336,4.0
346,1336,3.0
4,1337,2.0
98,1337,3.0
164,1337,3.0
175,1337,3.5
194,1337,3.5
275,1337,3.0
299,1337,2.5
348,1337,3.0
441,1337,4.0
442,1337,3.0
4,1338,1.5
33,1338,2.0
47,1338,2.5
64,1338,5.0
125,1338,2.5
164,1338,3.5
204,1338,3.5
212,1338,0.5
219,1338,2.5
275,1338,3.0
290,1338,3.5
299,1338,4.0
320,1338,3.0
327,1338,3.5
347,1338,3.5
351,1338,3.0
392,1338,4.0
416,1338,2.5
441,1338,4.0
175,1339,3.0
194,1339,3.5
219,1339,1.5
64,1340,3.5
100,1341,2.5
121,1341,5.0
320,1341,2.5
414,1341,3.5
327,1342,2.5
351,1342,4.0
434,1342,2.5
435,1342,3.5
439,1342,3.0
351,1343,3.5
4,1344,2.0
15,1344,3.5
122,1344,2.5
164,1344,2.5
277,1344,1.0
351,1344,2.0
414,1344,3.0
435,1344,1.5
79,1345,2.5
164,1345,3.0
194,1345,1.5
74,1346,3.0
432,1346,3.5
434,1346,2.0
441,1347,4.0
279,1348,3.5
279,1349,2.5
337,1350,5.0
346,1350,4.5
155,1351,3.0
346,1351,4.0
351,1351,2.5
434,1351,3.0
4,1352,3.5
12,1352,3.5
15,1352,3.0
21,1352,3.5
41,1352,4.5
42,1352,5.0
43,1352,4.5
47,1352,5.0
75,1352,4.5
85,1352,4.0
91,1352,4.5
93,1352,4.0
99,1352,2.5
116,1352,5.0
125,1352,4.5
130,1352,4.0
139,1352,5.0
142,1352,4.0
146,1352,4.0
147,1352,4.0
153,1352,4.0
156,1352,4.0
157,1352,4.0
160,1352,4.0
164,1352,4.5
165,1352,3.0
169,1352,4.0
172,1352,4.5
173,1352,3.0
175,1352,5.0
180,1352,5.0
188,1352,3.0
194,1352,4.5
204,1352,4.5
210,1352,3.5
212,1352,3.5
217,1352,5.0
219,1352,4.5
227,1352,3.0
228,1352,2.5
235,1352,2.0
240,1352,3.5
244,1352,4.0
252,1352,2.5
255,1352,3.0
257,1352,3.5
261,1352,2.0
265,1352,3.0
269,1352,4.0
275,1352,4.0
279,1352,4.0
284,1352,0.5
292,1352,5.0
299,1352,4.0
300,1352,4.0
304,1352,2.5
305,1352,4.0
309,1352,3.0
316,1352,3.5
320,1352,4.0
327,1352,4.0
348,1352,5.0
351,1352,4.0
353,1352,4.0
354,1352,4.5
357,1352,3.0
373,1352,3.5
374,1352,3.5
386,1352,3.5
392,1352,4.5
396,1352,5.0
411,1352,4.5
412,1352,3.0
413,1352,4.5
419,1352,4.5
422,1352,5.0
426,1352,4.0
428,1352,4.0
432,1352,3.5
434,1352,3.5
435,1352,2.0
439,1352,4.0
441,1352,5.0
442,1352,4.5
164,1353,2.0
64,1354,3.0
98,1354,2.5
164,1354,3.0
194,1354,2.5
275,1354,3.0
320,1354,4.0
335,1354,3.5
47,1355,4.0
79,1355,3.0
153,1355,0.5
164,1355,3.5
204,1355,3.5
320,1355,3.0
351,1355,2.5
442,1355,3.5
439,1356,3.5
439,1357,3.5
33,1358,2.5
159,1359,1.0
275,1360,3.0
155,1361,4.5
279,1361,4.0
368,1362,3.0
12,1363,3.0
15,1363,4.5
16,1363,1.0
21,1363,3.0
29,1363,4.0
42,1363,3.5
47,1363,3.0
54,1363,4.0
64,1363,3.0
74,1363,4.0
86,1363,4.5
91,1363,3.5
97,1363,2.0
147,1363,4.0
153,1363,3.5
164,1363,1.0
182,1363,4.0
194,1363,2.5
204,1363,3.5
219,1363,3.5
228,1363,4.0
237,1363,3.0
239,1363,4.0
240,1363,2.0
264,1363,4.0
275,1363,4.0
276,1363,2.0
292,1363,3.5
299,1363,3.5
305,1363,4.0
320,1363,1.5
327,1363,3.0
348,1363,5.0
353,1363,4.5
357,1363,3.5
373,1363,4.0
383,1363,4.0
386,1363,4.0
392,1363,4.5
397,1363,4.0
412,1363,3.0
422,1363,4.0
439,1363,3.0
442,1363,3.5
175,1364,2.5
194,1364,2.5
219,1364,0.5
251,1364,3.0
275,1364,3.0
377,1364,2.0
64,1365,5.0
434,1365,3.0
75,1366,3.5
194,1367,1.5
130,1368,5.0
6,1369,3.0
29,1369,4.0
89,1369,3.0
121,1369,3.5
164,1369,3.5
212,1369,1.0
164,1370,2.5
47,1371,3.0
155,1371,4.5
180,1371,4.0
258,1371,5.0
320,1371,4.0
346,1371,3.5
164,1372,2.5
194,1372,2.0
277,1372,2.5
316,1372,1.5
442,1372,1.5
4,1373,3.5
41,1373,4.0
75,1373,3.5
97,1373,1.5
164,1373,4.0
175,1373,3.5
246,1373,4.5
275,1373,4.0
299,1373,3.5
310,1373,4.0
320,1373,2.0
351,1373,5.0
373,1373,3.0
412,1373,3.0
419,1373,4.5
434,1373,3.0
442,1373,3.0
164,1374,2.5
204,1374,2.5
275,1374,3.0
279,1374,2.0
349,1374,0.5
351,1374,0.5
21,1375,2.0
27,1375,4.0
30,1375,4.5
34,1375,2.5
37,1375,4.5
43,1375,2.5
47,1375,3.5
91,1375,5.0
98,1375,4.5
116,1375,5.0
122,1375,4.0
139,1375,4.0
146,1375,5.0
153,1375,3.5
159,1375,4.0
162,1375,1.5
164,1375,4.5
180,1375,4.0
194,1375,4.0
198,1375,4.5
204,1375,4.0
215,1375,4.0
217,1375,5.0
219,1375,3.5
227,1375,3.0
228,1375,4.0
235,1375,4.0
240,1375,4.5
256,1375,4.5
257,1375,3.5
276,1375,4.0
288,1375,4.5
299,1375,4.0
310,1375,3.5
318,1375,4.0
320,1375,4.5
327,1375,4.0
346,1375,4.0
348,1375,3.0
351,1375,4.0
354,1375,5.0
362,1375,3.0
386,1375,4.0
406,1375,5.0
412,1375,3.0
413,1375,4.5
422,1375,3.5
428,1375,4.0
430,1375,4.0
434,1375,2.0
219,1376,0.5
351,1376,3.5
439,1377,4.5
130,1378,4.0
299,1378,3.0
351,1378,4.0
434,1379,3.5
47,1380,3.0
194,1380,3.5
275,1380,4.0
299,1380,3.5
351,1380,2.5
422,1380,5.0
434,1380,2.5
441,1380,3.5
442,1380,3.5
4,1381,1.0
9,1381,5.0
15,1381,4.5
21,1381,4.0
29,1381,5.0
41,1381,4.5
47,1381,3.0
53,1381,0.5
54,1381,4.5
73,1381,2.0
75,1381,4.0
91,1381,3.5
95,1381,3.0
97,1381,2.5
98,1381,4.0
99,1381,2.0
116,1381,4.0
117,1381,2.0
122,1381,3.0
125,1381,2.0
130,1381,2.5
138,1381,2.5
145,1381,5.0
153,1381,3.5
154,1381,4.0
159,1381,4.0
164,1381,4.0
175,1381,4.0
180,1381,3.5
182,1381,4.0
188,1381,3.5
189,1381,4.0
194,1381,4.0
197,1381,3.0
204,1381,4.5
207,1381,4.0
211,1381,1.0
212,1381,3.0
217,1381,3.5
228,1381,3.0
237,1381,1.5
242,1381,3.0
255,1381,4.0
256,1381,4.0
275,1381,4.0
276,1381,3.5
277,1381,4.5
299,1381,4.0
316,1381,4.0
318,1381,1.0
320,1381,3.5
327,1381,3.5
339,1381,5.0
346,1381,4.5
347,1381,4.5
348,1381,4.0
349,1381,4.0
351,1381,4.0
353,1381,3.0
373,1381,3.0
383,1381,2.0
386,1381,3.0
392,1381,4.0
396,1381,5.0
411,1381,4.0
412,1381,3.5
416,1381,1.5
419,1381,4.5
422,1381,5.0
427,1381,4.5
428,1381,3.5
430,1381,3.0
432,1381,3.0
434,1381,3.0
435,1381,1.0
438,1381,2.0
439,1381,4.0
442,1381,4.0
29,1382,3.0
51,1382,4.0
164,1382,3.0
212,1382,0.5
219,1382,2.0
299,1382,2.5
351,1382,3.5
122,1383,3.0
164,1383,2.5
219,1383,2.0
414,1383,2.5
21,1384,3.0
12,1385,3.5
15,1385,4.0
34,1385,3.5
47,1385,3.5
74,1385,3.0
75,1385,4.0
79,1385,3.5
85,1385,4.0
89,1385,3.0
91,1385,3.0
97,1385,2.5
122,1385,3.5
142,1385,4.0
145,1385,4.5
164,1385,3.0
172,1385,4.5
175,1385,3.5
182,1385,4.0
194,1385,4.0
220,1385,1.0
228,1385,3.0
239,1385,2.5
275,1385,3.0
276,1385,3.5
277,1385,3.0
280,1385,5.0
290,1385,2.5
299,1385,2.5
310,1385,3.0
327,1385,4.0
351,1385,2.5
357,1385,4.0
373,1385,2.0
380,1385,2.0
385,1385,4.5
386,1385,3.0
392,1385,3.5
427,1385,5.0
428,1385,3.0
439,1385,4.0
164,1386,3.0
337,1386,3.5
346,1386,3.5
275,1387,2.5
35,1388,3.0
64,1388,3.0
79,1388,4.5
153,1388,3.0
164,1388,3.5
175,1388,3.5
212,1388,2.5
299,1388,2.5
351,1388,2.5
432,1389,5.0
21,1390,4.0
41,1390,4.0
44,1390,4.0
75,1390,4.5
85,1390,4.0
98,1390,4.0
156,1390,3.5
164,1390,4.0
180,1390,4.0
217,1390,4.0
235,1390,4.5
244,1390,4.5
277,1390,4.0
299,1390,4.0
316,1390,4.0
346,1390,4.0
351,1390,4.5
122,1391,3.0
164,1391,2.0
293,1391,5.0
349,1391,1.5
351,1391,2.5
392,1391,4.0
414,1391,3.5
47,1392,1.5
164,1392,2.5
194,1392,3.5
198,1392,4.5
219,1392,3.0
299,1392,4.0
351,1392,2.0
207,1393,3.5
299,1393,3.5
353,1393,3.5
6,1394,3.0
15,1394,4.0
18,1394,3.5
21,1394,2.0
29,1394,5.0
41,1394,3.5
47,1394,2.5
61,1394,5.0
64,1394,2.5
79,1394,3.5
86,1394,4.0
91,1394,5.0
93,1394,2.5
98,1394,3.0
105,1394,0.5
122,1394,3.0
139,1394,5.0
153,1394,3.5
162,1394,4.5
164,1394,4.0
169,1394,4.0
175,1394,4.0
182,1394,4.0
188,1394,4.0
194,1394,2.5
204,1394,2.5
219,1394,2.0
228,1394,3.0
239,1394,3.0
240,1394,2.5
246,1394,3.0
256,1394,3.5
259,1394,2.0
275,1394,2.0
276,1394,3.5
284,1394,5.0
299,1394,4.0
300,1394,3.5
310,1394,4.0
320,1394,2.0
327,1394,2.0
341,1394,4.0
349,1394,4.0
351,1394,2.5
353,1394,3.0
354,1394,2.5
362,1394,3.5
373,1394,2.5
382,1394,3.5
386,1394,4.5
397,1394,4.0
404,1394,4.0
411,1394,3.5
412,1394,1.0
434,1394,2.5
435,1394,2.0
439,1394,3.5
441,1394,4.5
442,1394,3.0
219,1395,1.0
273,1395,2.5
43,1396,4.0
442,1396,3.5
299,1397,2.0
434,1397,3.5
441,1397,4.0
4,1398,2.0
6,1398,5.0
11,1398,4.0
12,1398,4.5
15,1398,3.5
16,1398,2.5
21,1398,4.5
23,1398,5.0
33,1398,2.5
41,1398,5.0
42,1398,3.5
43,1398,4.0
47,1398,2.5
55,1398,5.0
58,1398,5.0
61,1398,4.0
73,1398,4.5
75,1398,4.0
79,1398,2.0
85,1398,3.5
89,1398,4.0
91,1398,4.5
93,1398,3.0
97,1398,3.0
99,1398,3.5
116,1398,5.0
117,1398,5.0
122,1398,4.0
125,1398,3.5
127,1398,4.0
131,1398,3.5
139,1398,4.0
142,1398,4.0
146,1398,4.0
147,1398,4.0
153,1398,4.5
154,1398,4.5
155,1398,2.5
156,1398,3.5
157,1398,4.0
159,1398,4.5
162,1398,4.5
164,1398,4.5
165,1398,3.5
169,1398,4.5
173,1398,4.0
174,1398,3.0
175,1398,4.0
180,1398,4.5
194,1398,3.5
197,1398,4.0
204,1398,4.5
212,1398,3.0
217,1398,5.0
219,1398,4.0
228,1398,4.0
237,1398,1.0
238,1398,3.0
239,1398,4.0
240,1398,4.0
246,1398,3.5
257,1398,5.0
258,1398,4.0
261,1398,4.0
262,1398,4.5
264,1398,2.0
265,1398,4.0
269,1398,3.0
272,1398,4.0
274,1398,4.5
275,1398,5.0
276,1398,3.5
279,1398,4.0
284,1398,5.0
288,1398,2.5
295,1398,5.0
299,1398,4.5
304,1398,5.0
318,1398,4.5
319,1398,4.0
320,1398,4.5
326,1398,2.0
327,1398,3.5
337,1398,2.0
341,1398,3.5
346,1398,3.5
347,1398,4.5
348,1398,4.0
349,1398,4.5
351,1398,4.0
353,1398,4.0
354,1398,4.0
357,1398,3.5
358,1398,3.0
374,1398,4.0
378,1398,5.0
384,1398,4.0
386,1398,3.0
389,1398,4.5
392,1398,3.0
398,1398,5.0
399,1398,3.5
411,1398,3.5
412,1398,4.0
416,1398,2.5
418,1398,3.5
419,1398,4.5
422,1398,5.0
427,1398,4.0
428,1398,4.0
432,1398,4.0
434,1398,3.0
435,1398,2.5
436,1398,4.5
438,1398,3.5
442,1398,4.0
434,1399,3.0
164,1400,3.0
414,1400,3.0
299,1401,2.5
64,1402,4.5
327,1402,2.0
373,1402,3.0
194,1403,3.5
275,1403,5.0
279,1403,3.0
351,1403,1.0
4,1404,1.0
51,1404,3.0
122,1404,3.0
164,1404,2.5
175,1404,2.5
219,1404,2.5
277,1404,2.0
351,1404,2.5
357,1404,1.5
413,1404,2.5
414,1404,2.0
434,1404,1.5
438,1404,3.0
299,1405,3.5
121,1406,3.5
257,1406,3.0
351,1406,4.0
439,1406,4.5
316,1407,4.5
130,1408,4.0
279,1408,3.5
434,1408,2.5
123,1409,4.5
228,1409,3.5
305,1409,4.5
346,1409,3.5
439,1409,4.0
4,1410,3.0
15,1410,3.5
21,1410,3.5
47,1410,2.0
54,1410,3.0
58,1410,4.0
75,1410,3.5
91,1410,3.5
97,1410,1.5
98,1410,3.0
122,1410,3.0
125,1410,2.0
153,1410,2.0
155,1410,2.5
159,1410,2.0
162,1410,4.5
164,1410,3.5
169,1410,3.5
175,1410,3.5
194,1410,2.5
204,1410,3.0
207,1410,4.0
212,1410,2.5
217,1410,3.5
228,1410,3.5
239,1410,4.0
240,1410,2.5
246,1410,4.0
255,1410,4.0
275,1410,3.0
276,1410,3.5
277,1410,4.5
299,1410,3.5
304,1410,3.5
320,1410,2.0
327,1410,3.0
337,1410,1.5
346,1410,3.5
348,1410,3.5
349,1410,2.0
351,1410,4.0
353,1410,2.0
383,1410,5.0
411,1410,4.0
412,1410,2.5
416,1410,1.0
422,1410,4.0
428,1410,2.5
441,1410,4.5
442,1410,4.0
43,1411,4.5
47,1411,2.5
75,1411,4.0
98,1411,4.5
139,1411,4.0
164,1411,3.0
204,1411,3.5
275,1411,4.0
276,1411,3.5
299,1411,4.0
337,1411,2.5
346,1411,3.5
357,1411,4.5
380,1411,2.5
386,1411,3.5
397,1411,2.5
428,1411,3.5
435,1411,4.0
164,1412,3.0
219,1413,1.0
275,1413,3.0
434,1413,2.0
374,1414,3.0
434,1414,3.0
12,1415,3.5
15,1415,3.0
21,1415,3.0
41,1415,3.0
47,1415,3.5
75,1415,3.0
97,1415,2.5
116,1415,3.5
122,1415,2.5
139,1415,2.5
153,1415,2.0
164,1415,3.0
175,1415,3.5
194,1415,2.0
212,1415,0.5
250,1415,4.0
275,1415,4.0
277,1415,3.0
299,1415,2.5
320,1415,3.0
327,1415,2.0
341,1415,4.0
347,1415,4.0
348,1415,3.5
351,1415,2.5
353,1415,2.0
362,1415,3.0
373,1415,2.0
386,1415,1.0
392,1415,3.0
416,1415,1.0
422,1415,3.0
428,1415,2.0
432,1415,3.0
434,1415,2.5
438,1415,3.5
47,1416,4.0
299,1416,4.0
346,1416,3.5
15,1417,3.0
27,1417,4.0
43,1417,3.0
47,1417,5.0
51,1417,4.5
64,1417,2.5
79,1417,4.5
99,1417,3.5
116,1417,4.0
122,1417,3.0
139,1417,4.0
153,1417,3.0
156,1417,4.0
159,1417,3.5
162,1417,4.5
164,1417,4.0
175,1417,4.0
194,1417,2.5
198,1417,4.0
200,1417,4.5
204,1417,4.0
207,1417,3.0
215,1417,2.5
217,1417,4.0
219,1417,3.5
228,1417,3.5
237,1417,2.0
239,1417,3.0
244,1417,4.0
246,1417,3.5
255,1417,3.5
256,1417,3.5
261,1417,3.5
275,1417,3.0
276,1417,3.0
277,1417,3.5
299,1417,3.0
316,1417,3.5
320,1417,4.0
327,1417,4.0
351,1417,3.5
354,1417,4.0
357,1417,2.5
359,1417,4.0
373,1417,2.0
377,1417,3.0
382,1417,4.0
386,1417,3.5
392,1417,5.0
397,1417,3.0
404,1417,4.0
411,1417,3.5
415,1417,4.0
419,1417,5.0
422,1417,1.5
430,1417,2.0
434,1417,2.5
442,1417,4.0
257,1418,3.5
164,1419,3.5
346,1419,3.5
351,1419,4.0
354,1419,4.0
64,1420,5.0
4,1421,4.5
21,1421,3.0
27,1421,3.0
58,1421,4.5
75,1421,3.5
97,1421,1.5
153,1421,3.5
164,1421,4.0
175,1421,3.5
194,1421,3.5
217,1421,4.0
228,1421,3.5
239,1421,2.0
255,1421,3.0
256,1421,4.5
275,1421,3.0
276,1421,4.0
277,1421,3.5
299,1421,3.5
304,1421,4.5
320,1421,3.5
337,1421,1.5
348,1421,4.0
351,1421,3.0
353,1421,2.5
397,1421,4.0
411,1421,3.5
412,1421,2.0
422,1421,4.0
441,1421,4.0
442,1421,2.0
139,1422,3.0
164,1422,3.0
442,1422,3.0
194,1423,4.5
204,1423,3.5
219,1423,3.0
309,1423,4.5
351,1423,4.0
434,1423,2.5
442,1423,4.0
219,1424,2.0
299,1424,4.0
162,1425,3.0
64,1426,4.5
153,1426,0.5
299,1426,3.0
427,1426,4.0
432,1426,3.5
434,1426,2.0
98,1427,2.5
164,1427,3.0
275,1427,2.0
299,1427,2.5
320,1427,2.5
122,1428,2.5
164,1428,3.0
212,1428,0.5
299,1428,2.0
34,1429,5.0
138,1429,3.0
153,1429,4.5
249,1429,4.0
276,1429,1.0
320,1429,5.0
337,1429,3.5
351,1429,2.5
434,1429,2.0
438,1429,3.0
145,1430,3.0
12,1431,3.5
21,1431,4.5
35,1431,4.5
47,1431,4.5
53,1431,4.0
54,1431,5.0
97,1431,4.0
117,1431,5.0
130,1431,2.5
139,1431,4.5
145,1431,4.5
153,1431,4.0
164,1431,3.5
169,1431,4.5
175,1431,5.0
193,1431,3.5
194,1431,3.5
212,1431,4.0
217,1431,2.5
231,1431,3.5
242,1431,4.0
245,1431,3.5
272,1431,4.0
275,1431,5.0
276,1431,3.5
284,1431,5.0
292,1431,4.0
299,1431,3.5
311,1431,5.0
319,1431,4.0
320,1431,4.0
326,1431,4.0
335,1431,5.0
346,1431,4.5
348,1431,4.0
351,1431,4.0
353,1431,4.5
355,1431,3.5
374,1431,0.5
383,1431,5.0
384,1431,4.0
386,1431,4.0
411,1431,2.0
412,1431,4.0
419,1431,3.0
422,1431,5.0
432,1431,4.0
434,1431,3.5
439,1431,2.5
441,1431,4.0
16,1432,3.0
18,1432,3.5
21,1432,3.5
35,1432,3.0
43,1432,3.5
52,1432,3.5
73,1432,4.0
86,1432,4.5
130,1432,3.5
204,1432,3.0
212,1432,3.0
219,1432,3.0
255,1432,3.5
257,1432,3.0
281,1432,4.5
346,1432,4.0
351,1432,2.5
411,1432,4.0
434,1432,2.5
439,1432,4.0
442,1432,4.0
79,1433,2.5
164,1433,2.5
175,1433,3.0
194,1433,2.0
219,1433,2.0
261,1433,2.5
277,1433,1.0
299,1433,2.5
327,1433,2.0
351,1433,1.0
357,1433,2.0
373,1433,2.0
212,1434,2.0
219,1434,2.0
257,1434,2.0
204,1435,3.0
337,1435,4.0
346,1435,4.0
79,1436,2.0
219,1436,2.0
354,1436,4.5
164,1437,3.0
204,1437,2.5
275,1437,3.0
442,1437,3.5
98,1438,4.5
164,1438,3.0
194,1438,3.5
219,1438,3.5
275,1438,4.0
299,1438,3.5
442,1438,3.0
21,1439,2.5
98,1439,3.0
299,1439,4.0
299,1440,3.0
47,1441,4.0
327,1441,3.5
337,1441,3.5
346,1441,4.0
351,1441,3.5
434,1442,2.5
346,1443,3.5
18,1444,4.0
27,1444,4.0
34,1444,3.5
35,1444,4.5
47,1444,4.5
51,1444,2.5
66,1444,4.5
73,1444,3.5
75,1444,3.0
79,1444,3.5
84,1444,2.5
85,1444,4.0
89,1444,4.0
91,1444,4.0
99,1444,3.5
102,1444,3.0
116,1444,4.0
117,1444,1.5
122,1444,1.5
127,1444,2.5
139,1444,3.0
156,1444,3.5
159,1444,4.0
162,1444,4.0
164,1444,3.5
169,1444,5.0
175,1444,4.0
194,1444,3.0
198,1444,3.5
199,1444,4.0
204,1444,4.5
212,1444,3.0
218,1444,2.5
219,1444,3.0
228,1444,3.5
237,1444,4.5
239,1444,3.0
246,1444,4.0
249,1444,5.0
251,1444,3.5
256,1444,3.5
257,1444,5.0
273,1444,4.5
277,1444,4.0
279,1444,3.5
298,1444,5.0
299,1444,4.0
316,1444,4.0
318,1444,3.5
326,1444,3.0
327,1444,4.0
346,1444,3.5
348,1444,4.0
351,1444,4.0
353,1444,3.0
354,1444,4.0
357,1444,3.0
358,1444,3.0
362,1444,5.0
373,1444,1.5
374,1444,4.5
386,1444,3.0
392,1444,4.0
398,1444,0.5
411,1444,4.0
413,1444,3.0
415,1444,3.5
419,1444,5.0
425,1444,3.0
428,1444,2.0
430,1444,4.5
434,1444,2.5
435,1444,1.5
442,1444,4.5
122,1445,4.0
164,1445,4.0
194,1445,3.5
204,1445,3.0
275,1445,3.0
299,1445,3.5
351,1445,3.5
428,1445,3.0
442,1445,3.0
320,1446,1.5
346,1446,3.5
353,1447,1.5
75,1448,3.0
79,1448,4.0
89,1448,3.0
97,1448,1.5
122,1448,3.0
175,1448,3.0
194,1448,1.0
204,1448,3.0
212,1448,0.5
219,1448,0.5
255,1448,3.0
275,1448,3.0
276,1448,3.5
299,1448,3.0
305,1448,3.0
327,1448,3.0
373,1448,2.5
435,1448,3.5
438,1448,2.0
442,1448,3.5
351,1449,4.0
164,1450,2.0
194,1450,3.5
204,1450,2.5
21,1451,2.5
90,1451,4.0
93,1451,2.5
156,1451,2.5
194,1451,3.0
235,1451,4.0
276,1451,4.5
284,1451,5.0
299,1451,4.0
346,1451,4.0
380,1451,2.5
422,1451,4.0
434,1451,2.5
12,1452,3.0
15,1452,3.5
47,1452,3.5
53,1452,4.0
164,1452,3.0
175,1452,3.5
194,1452,3.0
275,1452,3.0
277,1452,3.5
279,1452,3.0
299,1452,2.5
320,1452,4.0
351,1452,2.0
411,1452,3.5
434,1452,3.0
442,1452,3.5
100,1453,2.0
164,1453,3.0
194,1453,2.0
212,1453,2.5
259,1453,4.0
275,1453,3.0
320,1453,4.0
438,1453,1.0
21,1454,3.0
164,1454,3.0
204,1454,3.0
299,1454,4.5
346,1454,3.5
351,1454,4.0
439,1454,4.0
12,1455,4.0
16,1455,2.5
21,1455,4.0
35,1455,5.0
41,1455,4.0
44,1455,4.0
75,1455,4.0
98,1455,3.0
117,1455,1.0
122,1455,2.5
146,1455,3.5
160,1455,4.5
164,1455,3.5
167,1455,4.0
169,1455,4.0
175,1455,3.5
194,1455,3.5
217,1455,5.0
235,1455,4.0
239,1455,3.0
240,1455,3.0
244,1455,4.0
246,1455,5.0
269,1455,3.5
275,1455,5.0
279,1455,2.5
295,1455,5.0
299,1455,3.5
338,1455,4.5
351,1455,4.0
373,1455,2.0
411,1455,4.0
413,1455,3.5
419,1455,4.5
422,1455,3.5
164,1456,1.5
275,1456,3.0
105,1457,4.0
212,1457,2.0
257,1457,4.0
299,1457,4.0
345,1457,4.0
346,1457,3.5
348,1457,4.5
351,1457,4.0
439,1457,4.0
212,1458,2.5
346,1458,3.5
351,1458,4.0
153,1459,3.5
159,1459,2.5
175,1459,4.0
194,1459,3.5
219,1459,4.0
268,1459,3.5
276,1459,4.0
299,1459,4.0
327,1459,4.5
351,1459,3.0
353,1459,4.0
441,1459,4.0
442,1460,3.5
130,1461,4.0
299,1461,4.0
304,1461,4.0
422,1461,2.0
153,1462,1.0
164,1462,2.0
175,1462,3.0
194,1462,2.0
212,1462,0.5
217,1462,4.0
255,1462,2.0
275,1462,4.0
351,1462,1.0
442,1462,2.0
194,1463,3.5
219,1463,3.0
275,1463,3.0
299,1463,3.0
351,1463,1.5
422,1463,3.5
434,1463,2.5
442,1463,3.0
64,1464,2.5
79,1464,5.0
159,1464,2.5
164,1464,3.5
194,1464,4.0
212,1464,3.0
219,1464,2.0
257,1464,5.0
299,1464,3.0
351,1464,2.0
354,1464,4.0
415,1464,4.0
434,1464,2.0
12,1465,1.5
21,1465,3.5
97,1465,2.0
139,1465,2.5
153,1465,1.5
164,1465,3.0
175,1465,2.5
192,1465,2.5
194,1465,3.0
228,1465,3.5
240,1465,2.5
277,1465,3.5
299,1465,2.0
320,1465,3.0
327,1465,1.0
357,1465,2.5
373,1465,2.0
392,1465,4.0
422,1465,4.0
438,1465,3.5
441,1465,4.5
194,1466,3.0
164,1467,2.5
411,1468,3.5
159,1469,4.0
164,1469,3.0
194,1469,1.5
275,1469,3.0
299,1469,3.0
442,1469,3.0
98,1470,3.5
122,1470,2.5
164,1470,2.5
194,1470,2.5
217,1470,4.0
275,1470,3.0
299,1470,4.0
310,1470,4.0
327,1470,2.0
412,1470,2.0
434,1470,1.5
12,1471,4.0
27,1471,3.5
41,1471,4.0
47,1471,2.5
73,1471,4.0
74,1471,3.5
75,1471,4.0
79,1471,2.5
93,1471,3.5
97,1471,3.5
122,1471,2.5
139,1471,3.0
159,1471,4.0
164,1471,3.0
172,1471,3.0
204,1471,3.5
212,1471,3.5
219,1471,3.0
237,1471,2.0
239,1471,3.5
242,1471,4.0
244,1471,2.5
255,1471,4.0
257,1471,2.5
262,1471,4.5
279,1471,3.5
281,1471,5.0
290,1471,4.0
309,1471,4.0
311,1471,2.5
346,1471,4.0
351,1471,3.5
353,1471,4.0
357,1471,4.0
373,1471,3.5
385,1471,5.0
386,1471,3.5
392,1471,4.0
411,1471,3.5
432,1471,4.0
435,1471,3.0
438,1471,3.0
439,1471,4.5
442,1471,3.5
21,1472,2.5
75,1472,5.0
159,1472,4.0
175,1472,4.5
275,1472,3.0
292,1472,4.0
299,1472,3.5
422,1472,3.5
439,1472,3.5
12,1473,4.0
16,1473,2.5
35,1473,5.0
41,1473,4.0
43,1473,3.0
47,1473,3.0
52,1473,3.0
73,1473,3.5
97,1473,2.5
98,1473,3.5
116,1473,4.5
130,1473,4.0
153,1473,2.5
194,1473,4.0
212,1473,1.5
275,1473,5.0
279,1473,4.0
299,1473,4.0
320,1473,3.0
346,1473,4.0
351,1473,3.0
396,1473,3.5
397,1473,3.0
411,1473,4.5
422,1473,4.0
438,1473,2.0
442,1473,4.0
204,1474,3.5
279,1474,3.5
346,1474,3.5
21,1475,3.0
98,1475,4.0
164,1475,3.5
299,1475,3.5
351,1475,2.5
4,1476,3.5
12,1476,4.0
16,1476,3.5
21,1476,2.0
49,1476,4.5
52,1476,3.5
130,1476,4.0
138,1476,3.5
164,1476,3.5
200,1476,4.5
228,1476,4.5
246,1476,4.5
258,1476,4.0
277,1476,4.5
299,1476,3.5
337,1476,3.0
346,1476,4.5
348,1476,4.0
351,1476,4.5
371,1476,4.0
386,1476,4.0
422,1476,4.0
428,1476,3.5
91,1477,4.5
153,1477,4.0
159,1477,4.0
275,1477,4.0
320,1477,5.0
353,1477,2.0
373,1477,2.5
392,1477,4.0
434,1477,2.5
441,1477,3.0
351,1478,2.0
164,1479,3.0
299,1479,2.0
219,1480,4.5
276,1480,3.5
279,1480,3.0
284,1480,4.0
348,1480,4.0
353,1480,4.5
357,1480,3.5
434,1480,2.5
435,1480,3.0
12,1481,4.0
15,1481,1.5
16,1481,0.5
33,1481,3.0
42,1481,5.0
64,1481,2.5
70,1481,5.0
74,1481,5.0
113,1481,5.0
117,1481,5.0
122,1481,3.0
164,1481,2.5
212,1481,3.0
217,1481,4.5
219,1481,4.0
242,1481,4.0
255,1481,3.0
272,1481,5.0
275,1481,5.0
279,1481,3.5
290,1481,3.5
299,1481,3.5
327,1481,3.5
346,1481,4.5
348,1481,4.0
351,1481,3.5
373,1481,3.0
380,1481,2.5
434,1481,3.0
442,1481,4.0
12,1482,4.0
18,1482,4.0
21,1482,4.5
41,1482,4.0
47,1482,3.5
75,1482,3.0
93,1482,2.5
123,1482,5.0
139,1482,5.0
153,1482,5.0
164,1482,3.5
169,1482,4.0
175,1482,4.0
180,1482,4.0
197,1482,4.0
212,1482,3.5
219,1482,3.0
228,1482,3.5
255,1482,3.5
257,1482,5.0
269,1482,4.0
275,1482,5.0
299,1482,4.0
327,1482,4.5
351,1482,4.0
353,1482,5.0
371,1482,4.5
384,1482,4.0
411,1482,4.5
412,1482,4.0
422,1482,4.0
428,1482,3.5
432,1482,4.5
434,1482,3.5
442,1482,5.0
411,1483,4.0
434,1483,3.5
442,1483,5.0
337,1484,4.0
175,1485,2.5
160,1486,4.0
258,1486,5.0
287,1486,5.0
365,1486,4.5
4,1487,3.5
121,1487,5.0
164,1488,3.0
244,1488,3.5
351,1488,2.0
357,1488,4.0
21,1489,2.0
257,1489,4.0
299,1489,4.0
337,1489,4.0
346,1489,4.0
351,1489,2.5
434,1489,2.5
435,1489,4.5
442,1489,3.5
194,1490,3.5
16,1491,2.5
34,1491,5.0
35,1491,4.0
43,1491,4.0
47,1491,2.0
52,1491,4.0
75,1491,3.5
86,1491,5.0
91,1491,4.0
93,1491,3.5
122,1491,3.0
123,1491,3.0
139,1491,3.5
153,1491,2.5
154,1491,2.5
182,1491,2.0
200,1491,4.5
204,1491,4.5
212,1491,2.0
219,1491,3.5
239,1491,2.5
240,1491,3.5
246,1491,4.5
281,1491,2.5
299,1491,3.5
306,1491,4.5
327,1491,3.0
337,1491,4.5
346,1491,4.0
351,1491,4.0
357,1491,4.5
411,1491,3.0
432,1491,4.0
439,1491,4.5
164,1492,3.0
299,1492,3.5
351,1492,4.0
439,1492,3.5
219,1493,2.5
299,1493,4.0
346,1493,4.0
351,1493,3.5
52,1494,4.5
98,1494,3.5
116,1494,4.0
127,1494,3.0
130,1494,4.0
138,1494,3.5
142,1494,4.5
153,1494,3.5
164,1494,3.0
204,1494,4.0
228,1494,4.0
277,1494,4.5
279,1494,3.5
299,1494,4.0
320,1494,2.5
346,1494,4.0
348,1494,4.5
351,1494,3.5
374,1494,3.0
439,1494,4.5
98,1495,2.5
21,1496,3.5
47,1496,4.0
279,1496,4.0
299,1496,3.5
346,1496,3.0
351,1496,4.0
434,1496,2.5
442,1496,4.0
175,1497,2.0
194,1497,1.0
204,1497,1.0
254,1497,3.5
275,1497,3.0
34,1498,4.0
204,1498,3.5
256,1498,3.0
279,1498,3.0
351,1498,3.5
357,1498,1.5
434,1498,2.5
121,1499,0.5
130,1499,4.0
164,1499,3.5
299,1499,4.0
164,1500,3.5
357,1500,2.0
373,1500,3.0
411,1500,3.5
435,1500,2.5
21,1501,3.5
35,1501,5.0
204,1501,4.0
212,1501,2.5
279,1501,4.0
299,1501,3.5
327,1501,3.0
351,1501,4.0
435,1501,1.0
54,1502,4.5
79,1502,0.5
148,1502,2.5
164,1502,4.0
175,1502,3.0
194,1502,3.5
219,1502,1.5
275,1502,4.0
279,1502,3.0
354,1502,3.0
362,1502,0.5
419,1502,4.0
442,1502,2.5
122,1503,3.0
164,1503,3.5
299,1503,2.0
351,1503,1.5
439,1503,3.0
387,1504,4.5
15,1505,2.5
64,1505,3.0
79,1505,0.5
164,1505,2.5
194,1505,2.0
392,1505,3.5
439,1505,1.0
434,1506,2.0
442,1506,3.5
130,1507,4.5
170,1507,4.0
346,1507,4.0
439,1507,4.0
89,1508,2.0
228,1508,4.0
275,1508,2.0
384,1508,5.0
406,1508,5.0
434,1508,2.5
442,1508,3.0
21,1509,3.0
47,1509,2.0
60,1509,3.0
85,1509,4.0
164,1509,4.5
194,1509,4.0
219,1509,3.0
228,1509,4.0
275,1509,4.0
299,1509,4.0
309,1509,4.0
327,1509,3.5
346,1509,3.5
351,1509,3.5
362,1509,4.0
441,1509,4.5
442,1509,4.0
64,1510,4.0
164,1510,2.0
277,1510,3.5
299,1510,3.0
373,1510,1.5
380,1510,0.5
422,1510,1.5
254,1511,4.5
442,1511,5.0
21,1512,3.0
164,1512,4.0
235,1512,4.5
346,1512,3.5
411,1512,3.5
79,1513,4.5
100,1513,2.0
164,1513,3.0
219,1513,2.5
351,1513,1.5
415,1513,4.0
21,1514,2.5
35,1514,5.0
58,1514,4.0
98,1514,4.0
159,1514,3.0
204,1514,4.0
217,1514,3.0
228,1514,3.5
268,1514,3.0
299,1514,4.0
320,1514,4.5
346,1514,3.5
357,1514,3.0
428,1514,3.5
434,1514,2.5
439,1514,3.5
357,1515,2.0
275,1516,3.0
299,1516,4.0
345,1516,3.5
434,1516,2.5
275,1517,3.0
6,1518,3.0
7,1518,5.0
15,1518,1.5
21,1518,2.0
47,1518,4.0
52,1518,3.5
60,1518,4.5
75,1518,3.5
103,1518,5.0
122,1518,4.0
160,1518,3.5
164,1518,3.5
172,1518,2.0
198,1518,5.0
204,1518,3.5
258,1518,5.0
269,1518,3.0
299,1518,4.0
346,1518,3.5
347,1518,4.5
371,1518,4.0
373,1518,4.0
380,1518,0.5
386,1518,4.5
414,1518,4.0
435,1518,2.0
439,1518,3.5
194,1519,4.0
219,1519,1.5
275,1519,4.0
442,1519,3.5
47,1520,3.5
130,1520,3.0
159,1520,3.5
194,1520,3.0
212,1520,2.5
255,1520,4.0
275,1520,5.0
279,1520,3.5
346,1520,4.0
351,1520,3.0
442,1520,4.0
15,1521,4.0
41,1521,4.5
43,1521,4.0
47,1521,5.0
54,1521,3.0
73,1521,4.0
74,1521,4.5
75,1521,3.0
76,1521,5.0
79,1521,4.0
82,1521,3.5
91,1521,4.0
99,1521,4.5
103,1521,4.0
117,1521,4.5
122,1521,3.5
139,1521,4.0
141,1521,3.5
143,1521,3.5
153,1521,2.5
154,1521,4.0
159,1521,4.0
164,1521,2.5
169,1521,4.0
172,1521,4.0
173,1521,2.0
175,1521,3.5
194,1521,3.0
198,1521,4.0
204,1521,3.5
206,1521,5.0
212,1521,3.0
215,1521,4.0
217,1521,4.0
219,1521,3.5
220,1521,5.0
228,1521,3.0
246,1521,2.5
255,1521,4.0
258,1521,4.5
264,1521,3.0
275,1521,5.0
276,1521,4.0
277,1521,4.5
299,1521,3.5
311,1521,5.0
318,1521,3.5
320,1521,4.0
326,1521,3.0
335,1521,4.0
341,1521,4.5
346,1521,5.0
347,1521,5.0
348,1521,3.5
351,1521,4.0
353,1521,3.5
357,1521,3.0
359,1521,5.0
373,1521,3.5
380,1521,3.0
386,1521,3.0
392,1521,4.0
408,1521,4.0
414,1521,3.5
424,1521,4.5
428,1521,3.0
432,1521,3.5
435,1521,4.0
438,1521,3.5
439,1521,3.5
442,1521,3.5
6,1522,4.0
12,1522,4.0
21,1522,2.5
30,1522,3.5
43,1522,4.0
73,1522,4.5
79,1522,4.0
91,1522,4.0
93,1522,3.0
105,1522,4.0
111,1522,3.5
122,1522,5.0
139,1522,3.5
153,1522,2.0
160,1522,4.5
164,1522,4.0
170,1522,4.0
180,1522,4.0
194,1522,3.0
200,1522,4.0
204,1522,4.0
212,1522,2.5
219,1522,4.5
227,1522,4.0
228,1522,3.5
235,1522,5.0
239,1522,4.0
242,1522,3.5
257,1522,4.5
262,1522,4.5
264,1522,2.0
279,1522,3.5
299,1522,4.0
320,1522,3.5
346,1522,4.0
351,1522,3.5
374,1522,3.5
411,1522,4.0
428,1522,3.5
122,1523,2.5
164,1523,4.0
194,1523,2.0
219,1523,3.0
299,1523,2.5
363,1523,4.0
365,1523,4.0
373,1523,3.0
386,1523,3.0
432,1523,3.5
164,1524,2.5
275,1524,4.0
295,1524,4.0
438,1524,3.0
78,1525,3.5
432,1525,3.5
164,1526,1.5
346,1526,2.5
228,1527,4.0
257,1527,4.0
432,1527,3.5
439,1527,4.0
47,1528,3.0
204,1528,4.5
299,1528,3.5
64,1529,4.5
100,1529,3.0
164,1529,2.5
279,1530,3.5
6,1531,2.5
27,1531,4.0
47,1531,3.0
105,1531,0.5
122,1531,4.0
156,1531,3.5
246,1531,5.0
279,1531,3.5
299,1531,3.0
346,1531,3.5
351,1531,4.0
357,1531,4.0
371,1531,3.0
411,1531,4.0
422,1531,3.0
435,1531,4.0
439,1531,4.0
299,1532,4.0
346,1532,4.0
15,1533,3.0
21,1533,2.5
33,1533,2.0
41,1533,4.0
42,1533,3.0
43,1533,4.0
47,1533,4.5
51,1533,3.0
54,1533,1.5
73,1533,3.5
74,1533,4.5
75,1533,3.5
76,1533,3.5
91,1533,4.0
98,1533,4.0
117,1533,4.0
122,1533,3.0
139,1533,3.5
153,1533,2.5
159,1533,4.0
162,1533,4.5
164,1533,3.5
169,1533,4.0
182,1533,4.0
189,1533,5.0
194,1533,2.5
198,1533,3.5
207,1533,3.5
215,1533,2.5
219,1533,3.0
220,1533,4.0
228,1533,3.0
246,1533,3.0
255,1533,3.0
264,1533,3.0
275,1533,3.0
276,1533,4.0
277,1533,4.5
279,1533,3.0
295,1533,5.0
299,1533,4.0
318,1533,2.0
327,1533,3.5
341,1533,4.0
346,1533,4.5
347,1533,5.0
348,1533,0.5
351,1533,4.0
353,1533,3.5
380,1533,5.0
386,1533,3.5
397,1533,4.0
408,1533,3.5
412,1533,3.0
422,1533,3.5
427,1533,4.5
428,1533,3.0
430,1533,2.0
434,1533,2.5
435,1533,1.0
438,1533,4.5
439,1533,3.5
21,1534,2.5
41,1534,4.0
43,1534,4.0
47,1534,4.5
73,1534,4.0
116,1534,3.5
122,1534,2.5
130,1534,4.0
136,1534,2.0
153,1534,3.5
162,1534,4.0
164,1534,4.5
172,1534,3.0
175,1534,3.5
194,1534,3.0
207,1534,4.0
212,1534,3.0
228,1534,3.5
246,1534,3.5
255,1534,3.5
256,1534,2.0
257,1534,2.5
275,1534,3.0
276,1534,3.5
299,1534,4.0
305,1534,3.0
320,1534,2.0
327,1534,4.0
348,1534,4.0
351,1534,4.0
357,1534,2.0
373,1534,3.0
375,1534,3.5
392,1534,4.0
411,1534,3.0
412,1534,3.0
419,1534,4.5
422,1534,4.0
428,1534,3.5
442,1534,3.5
47,1535,3.5
75,1535,3.5
93,1535,4.0
98,1535,3.5
122,1535,3.5
219,1535,4.5
276,1535,3.5
299,1535,3.5
371,1535,3.0
373,1535,3.0
386,1535,3.5
439,1535,4.0
47,1536,3.0
74,1536,3.5
79,1536,3.5
122,1536,2.0
198,1536,4.5
299,1536,3.0
320,1536,1.0
351,1536,2.5
279,1537,3.0
434,1537,2.5
153,1538,4.0
200,1538,4.0
275,1538,4.0
279,1538,2.0
299,1538,2.0
351,1538,4.0
434,1538,2.5
47,1539,4.5
164,1540,2.5
21,1541,4.5
52,1541,4.5
98,1541,3.5
228,1541,4.0
346,1541,3.5
16,1542,3.0
21,1542,3.0
47,1542,3.5
52,1542,5.0
86,1542,4.5
98,1542,3.5
138,1542,4.5
169,1542,3.5
180,1542,4.5
194,1542,3.0
227,1542,2.0
228,1542,4.0
235,1542,4.5
246,1542,5.0
276,1542,3.0
299,1542,4.0
304,1542,4.5
318,1542,4.0
346,1542,4.0
351,1542,3.5
442,1542,3.5
4,1543,4.5
122,1543,4.0
164,1543,3.0
219,1543,2.0
299,1543,3.0
346,1543,4.0
383,1543,3.5
386,1543,4.0
428,1543,2.5
21,1544,2.5
204,1544,3.5
346,1544,4.0
357,1544,3.5
432,1544,3.5
439,1544,4.0
79,1545,2.5
164,1545,3.0
204,1545,3.0
98,1546,2.0
164,1546,2.5
275,1546,2.0
389,1546,1.0
122,1547,2.5
156,1547,2.0
164,1547,3.0
194,1547,1.5
204,1547,2.5
212,1547,1.0
264,1547,1.0
277,1547,3.0
299,1547,2.5
351,1547,2.5
434,1547,2.5
64,1548,3.0
164,1548,3.0
194,1548,3.5
351,1548,1.5
122,1549,3.5
204,1549,2.5
299,1549,3.0
47,1550,0.5
346,1550,3.5
204,1551,4.0
346,1551,4.0
351,1551,4.0
357,1551,1.0
434,1551,3.0
348,1552,4.5
299,1553,3.5
43,1554,4.5
89,1554,5.0
130,1554,3.5
434,1554,3.0
442,1554,4.0
434,1555,2.5
47,1556,4.0
230,1556,3.5
392,1556,4.5
434,1556,3.5
442,1556,3.5
34,1557,5.0
54,1557,3.0
164,1557,3.0
175,1557,3.0
194,1557,3.0
219,1557,0.5
255,1557,1.0
279,1557,3.0
362,1557,2.0
419,1557,4.0
442,1557,4.0
64,1558,2.0
79,1558,3.0
194,1558,3.0
212,1558,0.5
219,1558,3.0
354,1558,4.0
434,1558,2.5
164,1559,2.5
242,1559,3.0
259,1559,5.0
299,1559,3.5
310,1559,4.0
98,1560,5.0
299,1560,2.5
164,1561,3.0
204,1561,4.0
414,1561,3.5
290,1562,1.5
353,1562,4.0
373,1562,3.5
386,1562,4.0
47,1563,3.0
58,1563,4.5
117,1563,2.5
164,1563,3.5
175,1563,4.0
194,1563,2.0
275,1563,2.0
279,1563,2.5
299,1563,3.0
351,1563,3.0
411,1563,3.0
427,1563,4.5
434,1563,2.5
438,1563,3.0
441,1563,4.0
442,1563,2.5
346,1564,3.5
346,1565,3.5
276,1566,4.5
305,1566,4.5
346,1566,5.0
439,1566,4.5
21,1567,4.0
98,1567,4.0
125,1567,3.5
180,1567,4.0
235,1567,4.0
299,1567,3.0
351,1567,4.0
434,1568,1.0
204,1569,3.0
346,1569,3.0
351,1569,4.0
194,1570,3.5
164,1571,2.5
299,1571,3.0
327,1572,2.0
122,1573,4.0
275,1573,3.0
351,1573,2.5
373,1573,3.5
380,1573,3.0
438,1573,3.0
148,1574,3.5
164,1574,3.0
175,1574,3.0
194,1574,1.5
219,1574,1.0
275,1574,3.0
304,1574,3.0
419,1574,4.0
442,1574,3.5
406,1575,4.5
320,1576,3.0
351,1576,3.5
434,1576,3.0
432,1577,3.5
89,1578,2.0
164,1578,1.5
254,1578,2.5
275,1578,3.0
280,1578,4.0
373,1578,3.5
392,1578,3.5
204,1579,3.0
228,1579,4.0
164,1580,3.0
175,1580,3.0
194,1580,3.5
275,1580,3.0
299,1580,2.5
327,1580,1.5
351,1580,3.0
428,1580,2.5
121,1581,0.5
164,1581,2.0
194,1581,1.0
279,1581,2.0
434,1581,1.0
434,1582,3.0
299,1583,2.0
351,1584,4.0
98,1585,3.0
164,1585,3.5
194,1585,2.0
299,1585,3.5
164,1586,0.5
175,1586,1.0
219,1586,1.0
21,1587,3.0
194,1587,4.0
299,1587,3.0
310,1587,4.0
434,1587,2.5
21,1588,3.0
164,1588,2.5
194,1588,2.5
275,1588,1.0
299,1588,2.5
320,1588,0.5
357,1588,0.5
373,1588,2.0
392,1588,3.5
432,1588,2.5
434,1588,0.5
441,1588,2.0
442,1588,2.0
414,1589,3.0
164,1590,2.0
194,1590,1.5
21,1591,2.5
122,1591,3.0
153,1591,2.5
167,1591,3.0
175,1591,3.0
192,1591,2.5
275,1591,4.0
299,1591,3.5
442,1591,3.0
47,1592,3.0
79,1592,4.0
164,1592,3.0
194,1592,3.5
219,1592,2.0
264,1592,4.0
275,1593,3.0
434,1593,2.5
12,1594,3.5
15,1594,3.5
33,1594,1.5
47,1594,3.5
64,1594,1.0
75,1594,4.0
79,1594,3.0
85,1594,3.5
93,1594,2.0
122,1594,2.5
164,1594,3.0
175,1594,3.5
182,1594,4.0
194,1594,3.5
261,1594,4.0
276,1594,3.5
280,1594,4.5
299,1594,2.5
347,1594,4.0
351,1594,3.0
373,1594,3.0
422,1594,3.5
439,1594,4.0
439,1595,4.0
12,1596,4.5
15,1596,2.5
16,1596,0.5
18,1596,4.0
21,1596,3.0
35,1596,5.0
41,1596,5.0
44,1596,4.5
47,1596,3.0
53,1596,4.5
58,1596,4.0
60,1596,4.0
63,1596,4.5
75,1596,4.0
85,1596,4.5
89,1596,3.5
91,1596,4.5
93,1596,3.0
99,1596,5.0
103,1596,4.0
105,1596,4.0
116,1596,4.5
117,1596,4.5
122,1596,5.0
123,1596,4.5
125,1596,4.0
130,1596,3.5
142,1596,5.0
147,1596,4.0
153,1596,4.5
156,1596,4.0
164,1596,5.0
165,1596,3.0
167,1596,4.0
169,1596,4.5
170,1596,4.0
172,1596,5.0
173,1596,4.0
175,1596,4.0
180,1596,4.5
193,1596,4.0
194,1596,3.5
197,1596,4.0
212,1596,3.5
215,1596,2.5
217,1596,2.5
219,1596,4.0
228,1596,3.5
231,1596,3.0
237,1596,2.0
240,1596,3.0
246,1596,4.0
255,1596,4.0
256,1596,3.5
257,1596,3.5
265,1596,3.5
268,1596,3.5
269,1596,4.0
274,1596,4.0
275,1596,4.0
276,1596,4.5
279,1596,4.5
284,1596,4.0
295,1596,5.0
299,1596,4.0
305,1596,4.0
309,1596,3.5
316,1596,4.0
318,1596,4.0
319,1596,4.0
320,1596,4.0
327,1596,3.0
335,1596,4.0
343,1596,3.5
346,1596,4.0
348,1596,4.5
351,1596,4.0
353,1596,5.0
357,1596,4.0
358,1596,3.5
373,1596,4.0
384,1596,4.5
386,1596,3.5
389,1596,3.5
392,1596,4.0
396,1596,5.0
397,1596,4.0
411,1596,4.5
412,1596,3.0
422,1596,4.5
423,1596,4.5
424,1596,3.5
428,1596,3.5
430,1596,4.0
432,1596,3.5
434,1596,3.5
435,1596,0.5
436,1596,4.0
441,1596,4.0
442,1596,3.5
51,1597,4.5
122,1597,5.0
164,1597,3.0
373,1597,3.5
415,1597,3.0
425,1597,3.5
21,1598,4.5
47,1598,5.0
54,1598,4.5
89,1598,4.0
122,1598,4.0
123,1598,5.0
130,1598,4.0
138,1598,4.0
153,1598,5.0
159,1598,4.5
164,1598,4.0
167,1598,4.0
175,1598,4.0
180,1598,4.0
200,1598,4.0
204,1598,4.0
217,1598,5.0
219,1598,3.0
228,1598,4.5
242,1598,3.5
257,1598,5.0
258,1598,3.0
269,1598,4.0
276,1598,4.0
299,1598,4.5
300,1598,4.0
346,1598,4.0
351,1598,4.0
373,1598,3.0
384,1598,4.0
386,1598,4.0
411,1598,4.5
422,1598,2.5
434,1598,2.5
439,1598,4.0
442,1598,3.5
351,1599,3.0
12,1600,4.5
21,1600,2.0
47,1600,4.0
53,1600,3.0
58,1600,5.0
87,1600,4.0
97,1600,2.0
98,1600,3.0
122,1600,5.0
125,1600,3.0
130,1600,3.5
153,1600,4.0
164,1600,3.5
169,1600,4.5
175,1600,4.0
180,1600,4.5
194,1600,3.5
207,1600,4.0
212,1600,2.5
217,1600,5.0
227,1600,3.0
228,1600,4.0
276,1600,4.0
284,1600,5.0
289,1600,5.0
299,1600,4.0
335,1600,4.5
346,1600,3.5
351,1600,4.0
362,1600,4.5
384,1600,4.5
386,1600,4.5
389,1600,4.0
406,1600,5.0
412,1600,2.5
419,1600,0.5
422,1600,4.5
434,1600,2.5
439,1600,4.0
442,1600,4.0
21,1601,3.0
125,1601,3.0
299,1601,3.5
346,1601,3.5
414,1602,3.0
438,1602,1.0
439,1603,3.5
164,1604,2.5
194,1604,4.0
219,1604,1.5
246,1604,4.5
351,1604,2.5
442,1604,3.5
98,1605,1.0
164,1605,1.5
346,1606,3.5
12,1607,4.0
33,1607,3.5
52,1607,4.0
75,1607,3.5
104,1607,4.0
118,1607,5.0
133,1607,4.5
138,1607,4.0
165,1607,3.5
167,1607,3.5
179,1607,4.5
200,1607,4.5
210,1607,5.0
217,1607,5.0
220,1607,1.5
227,1607,4.0
228,1607,4.0
231,1607,5.0
235,1607,4.5
246,1607,4.5
252,1607,4.0
260,1607,4.0
277,1607,5.0
279,1607,4.0
286,1607,4.0
305,1607,4.5
337,1607,4.5
339,1607,4.0
346,1607,3.5
358,1607,4.0
386,1607,4.5
387,1607,4.0
439,1607,5.0
442,1607,3.0
121,1608,5.0
439,1608,2.5
179,1609,4.5
12,1610,4.5
21,1610,3.0
35,1610,4.0
37,1610,4.5
47,1610,4.0
58,1610,5.0
75,1610,5.0
97,1610,2.5
136,1610,4.0
139,1610,4.5
146,1610,3.5
153,1610,3.5
156,1610,3.5
164,1610,3.5
169,1610,5.0
172,1610,4.5
175,1610,3.0
180,1610,3.0
194,1610,3.5
217,1610,3.5
227,1610,2.0
228,1610,4.0
262,1610,4.0
275,1610,4.0
279,1610,3.0
289,1610,4.0
299,1610,4.0
320,1610,4.0
327,1610,3.5
351,1610,4.5
353,1610,4.5
384,1610,4.5
406,1610,4.0
419,1610,4.5
422,1610,4.0
428,1610,3.5
441,1610,4.0
442,1610,3.0
93,1611,2.5
142,1611,3.5
170,1611,4.5
279,1611,4.0
299,1611,3.5
346,1611,3.5
357,1611,4.5
439,1611,4.5
47,1612,4.0
98,1612,4.0
164,1612,3.0
299,1612,3.5
346,1612,4.5
33,1613,2.5
164,1614,1.5
194,1614,2.0
434,1614,0.5
279,1615,1.0
316,1615,3.0
439,1615,2.5
21,1616,2.0
139,1616,5.0
153,1616,4.5
194,1616,4.5
219,1616,3.5
228,1616,3.5
279,1616,4.0
299,1616,3.5
346,1616,3.5
351,1616,5.0
434,1616,3.0
442,1616,4.5
64,1617,3.0
64,1618,4.5
47,1619,4.0
130,1619,4.0
164,1619,3.5
228,1619,3.0
299,1619,3.0
346,1619,3.5
194,1620,4.0
219,1620,2.0
279,1620,2.5
434,1620,2.5
442,1620,4.0
79,1621,2.5
164,1621,3.0
194,1621,3.5
212,1621,2.5
219,1621,2.0
293,1621,3.5
295,1621,3.0
299,1621,2.5
351,1621,3.0
354,1621,4.0
434,1621,1.0
434,1622,2.5
64,1623,5.0
279,1624,3.0
299,1624,3.5
346,1624,4.0
434,1624,2.5
257,1625,5.0
394,1625,4.5
180,1626,4.5
194,1626,4.0
52,1627,4.0
281,1628,5.0
79,1629,0.5
122,1629,1.5
164,1629,2.5
175,1629,2.0
194,1629,2.0
217,1629,4.0
219,1629,0.5
236,1629,5.0
255,1629,3.0
275,1629,2.0
320,1629,1.5
373,1629,2.5
24,1630,4.5
56,1630,0.5
58,1630,4.5
89,1630,4.5
194,1630,3.5
276,1630,4.0
279,1630,1.5
305,1630,4.5
413,1630,5.0
422,1630,3.0
434,1630,3.0
442,1630,3.5
159,1631,4.0
204,1631,4.0
276,1631,3.5
346,1631,4.0
351,1631,3.5
435,1631,3.0
299,1632,3.5
327,1632,2.0
276,1633,2.5
122,1634,1.0
175,1634,3.0
194,1634,3.5
217,1634,3.5
219,1634,1.5
255,1634,4.0
275,1634,5.0
279,1634,3.0
411,1634,3.5
434,1634,2.5
435,1634,2.0
442,1634,3.0
139,1635,3.0
74,1636,4.0
257,1636,4.0
299,1636,3.0
432,1636,4.0
434,1637,3.0
15,1638,3.5
47,1638,2.0
58,1638,4.5
91,1638,4.0
122,1638,3.5
139,1638,3.0
153,1638,4.0
164,1638,3.5
175,1638,3.5
194,1638,3.5
217,1638,4.0
246,1638,4.0
256,1638,4.0
275,1638,5.0
276,1638,3.0
299,1638,3.5
310,1638,3.0
316,1638,3.5
320,1638,4.0
327,1638,2.5
392,1638,4.0
404,1638,4.0
412,1638,3.5
422,1638,4.5
428,1638,3.0
434,1638,3.0
435,1638,3.0
442,1638,4.0
164,1639,2.5
277,1639,2.0
434,1639,1.5
138,1640,4.5
164,1640,3.5
194,1640,4.0
246,1640,4.5
299,1640,4.0
346,1640,4.5
442,1640,4.0
51,1641,4.0
164,1641,1.5
299,1641,2.5
327,1641,2.0
414,1641,3.0
434,1641,2.5
194,1642,2.0
276,1642,1.0
337,1643,4.0
434,1643,2.5
47,1644,4.5
122,1644,2.5
175,1644,3.5
194,1644,3.5
275,1644,4.0
276,1644,4.0
310,1644,3.5
320,1644,3.5
327,1644,3.0
357,1644,3.5
392,1644,3.5
412,1644,2.0
416,1644,2.0
427,1644,5.0
89,1645,4.5
204,1645,4.0
299,1645,4.0
351,1645,3.0
434,1645,2.5
435,1645,2.0
164,1646,3.0
194,1646,2.0
310,1646,3.0
351,1646,3.5
15,1647,3.5
35,1647,3.5
41,1647,3.5
43,1647,2.5
75,1647,4.0
79,1647,4.0
122,1647,3.5
147,1647,3.5
153,1647,2.5
156,1647,3.0
159,1647,4.0
162,1647,3.5
164,1647,3.5
169,1647,3.5
172,1647,3.0
175,1647,3.5
194,1647,3.0
198,1647,4.0
204,1647,3.0
207,1647,4.0
212,1647,0.5
217,1647,3.0
219,1647,2.0
228,1647,3.5
255,1647,3.5
261,1647,4.0
275,1647,3.0
276,1647,3.0
277,1647,3.0
279,1647,3.0
295,1647,3.5
299,1647,3.0
309,1647,3.0
316,1647,4.0
320,1647,3.0
327,1647,2.0
341,1647,4.0
348,1647,4.0
351,1647,3.5
353,1647,3.0
357,1647,3.5
371,1647,0.5
373,1647,3.0
380,1647,0.5
397,1647,3.5
411,1647,3.0
422,1647,4.0
428,1647,2.5
439,1647,2.5
4,1648,4.0
12,1648,4.0
15,1648,3.5
24,1648,5.0
41,1648,3.0
47,1648,2.0
51,1648,5.0
75,1648,4.0
91,1648,4.5
93,1648,3.0
116,1648,4.5
122,1648,4.0
130,1648,2.0
139,1648,4.0
153,1648,3.0
154,1648,4.0
162,1648,3.5
164,1648,3.5
169,1648,4.5
175,1648,3.5
194,1648,3.5
204,1648,4.0
212,1648,2.5
220,1648,2.0
228,1648,3.5
257,1648,3.0
275,1648,4.0
276,1648,3.0
279,1648,2.0
284,1648,2.0
299,1648,3.5
305,1648,3.0
320,1648,0.5
327,1648,3.5
337,1648,2.5
341,1648,3.5
346,1648,4.5
347,1648,4.0
348,1648,3.5
351,1648,3.0
392,1648,4.0
404,1648,4.0
412,1648,2.5
416,1648,2.0
419,1648,3.5
422,1648,4.5
427,1648,5.0
428,1648,2.5
432,1648,1.5
434,1648,2.5
441,1648,4.0
442,1648,3.0
47,1649,3.5
79,1649,3.5
117,1649,1.0
122,1649,2.0
164,1649,3.0
204,1649,2.0
219,1649,2.5
299,1649,2.0
345,1649,3.5
351,1649,1.5
357,1649,4.0
316,1650,5.0
4,1651,4.5
12,1651,3.5
33,1651,2.0
41,1651,3.0
47,1651,4.5
64,1651,1.0
73,1651,3.5
75,1651,4.0
85,1651,4.0
99,1651,3.5
117,1651,3.5
122,1651,3.0
139,1651,3.0
154,1651,5.0
164,1651,3.0
172,1651,4.0
175,1651,3.5
194,1651,3.5
200,1651,4.5
204,1651,3.0
207,1651,4.0
220,1651,2.0
237,1651,2.5
239,1651,2.5
242,1651,3.5
258,1651,3.5
275,1651,2.0
276,1651,4.0
299,1651,3.0
310,1651,3.5
311,1651,4.0
327,1651,3.0
346,1651,3.5
351,1651,3.0
353,1651,2.5
386,1651,3.0
397,1651,4.5
427,1651,5.0
428,1651,3.5
439,1651,3.5
442,1651,3.0
299,1652,3.0
346,1652,3.0
434,1653,2.5
21,1654,2.0
164,1655,2.5
175,1655,2.0
219,1655,2.0
299,1655,2.5
442,1655,2.5
34,1656,3.5
79,1656,3.0
153,1656,1.0
164,1656,2.0
175,1656,3.0
212,1656,1.5
228,1656,3.5
275,1656,2.0
299,1656,2.5
327,1656,2.0
346,1656,3.5
351,1656,3.5
357,1656,0.5
383,1656,3.0
4,1657,1.0
98,1657,3.0
182,1657,3.5
204,1657,3.0
218,1657,5.0
351,1657,2.5
380,1657,2.0
420,1657,5.0
422,1657,3.0
438,1657,3.0
15,1658,3.0
18,1658,3.0
79,1658,3.0
122,1658,2.5
164,1658,3.5
175,1658,4.5
182,1658,3.5
194,1658,2.5
207,1658,2.0
212,1658,2.5
246,1658,5.0
247,1658,4.0
264,1658,3.5
276,1658,1.5
299,1658,2.5
303,1658,0.5
339,1658,3.0
348,1658,3.5
351,1658,2.5
362,1658,4.5
373,1658,1.0
392,1658,4.0
442,1658,3.0
47,1659,4.5
51,1659,4.0
75,1659,3.5
79,1659,4.0
93,1659,3.0
105,1659,0.5
111,1659,4.0
122,1659,3.5
139,1659,4.5
198,1659,3.5
200,1659,3.0
212,1659,2.5
217,1659,3.5
218,1659,4.0
246,1659,3.5
256,1659,4.5
276,1659,4.0
277,1659,4.5
299,1659,4.0
341,1659,4.5
346,1659,3.5
359,1659,4.5
362,1659,5.0
371,1659,3.0
373,1659,3.0
380,1659,0.5
386,1659,4.0
411,1659,3.0
414,1659,4.0
415,1659,3.5
420,1659,4.5
422,1659,3.5
434,1659,2.5
439,1659,3.5
12,1660,4.0
41,1660,4.5
42,1660,4.0
47,1660,4.5
51,1660,4.0
73,1660,4.0
75,1660,4.0
76,1660,5.0
79,1660,3.0
89,1660,3.5
91,1660,4.0
93,1660,3.0
97,1660,2.5
117,1660,3.5
122,1660,3.0
139,1660,5.0
153,1660,3.0
154,1660,4.0
159,1660,2.5
162,1660,5.0
164,1660,3.5
169,1660,3.5
172,1660,4.5
174,1660,4.0
175,1660,3.5
194,1660,3.0
198,1660,3.5
204,1660,3.0
207,1660,4.0
212,1660,2.5
215,1660,3.5
219,1660,3.5
220,1660,3.0
228,1660,3.0
237,1660,3.5
240,1660,3.5
246,1660,3.0
264,1660,2.5
275,1660,5.0
276,1660,3.5
284,1660,5.0
290,1660,3.5
299,1660,3.5
300,1660,2.5
318,1660,1.5
326,1660,3.0
327,1660,2.5
341,1660,4.5
346,1660,3.5
347,1660,4.5
348,1660,3.0
351,1660,3.5
353,1660,3.5
362,1660,1.0
373,1660,3.5
380,1660,3.5
385,1660,4.5
386,1660,2.0
392,1660,4.0
393,1660,5.0
396,1660,4.0
411,1660,3.5
418,1660,4.0
419,1660,5.0
422,1660,4.5
428,1660,3.0
430,1660,1.0
434,1660,2.5
435,1660,4.0
438,1660,3.0
439,1660,2.0
442,1660,3.5
47,1661,2.5
164,1661,3.0
194,1661,2.5
212,1661,0.5
219,1661,2.0
351,1661,2.5
42,1662,4.0
153,1662,4.0
159,1662,4.0
194,1662,4.5
212,1662,2.5
219,1662,4.0
228,1662,4.0
268,1662,3.5
299,1662,3.5
327,1662,5.0
362,1662,4.0
439,1662,4.0
442,1662,3.5
4,1663,0.5
164,1663,2.5
175,1663,3.5
255,1663,3.0
346,1663,3.0
348,1663,3.0
351,1663,3.5
439,1663,3.5
442,1663,3.0
113,1664,0.5
122,1664,2.5
164,1664,1.5
212,1664,0.5
357,1664,1.0
439,1664,3.5
33,1665,2.5
93,1665,3.0
121,1665,4.0
122,1665,3.5
276,1665,4.0
299,1665,3.0
320,1665,0.5
346,1665,4.0
371,1665,3.0
386,1665,4.0
416,1665,3.0
422,1665,4.0
434,1665,3.0
47,1666,4.0
180,1666,4.0
276,1666,3.5
299,1666,3.0
346,1666,4.0
30,1667,3.0
47,1667,3.5
122,1667,4.0
164,1667,3.0
169,1667,4.0
180,1667,4.5
228,1667,3.5
268,1667,3.0
276,1667,4.0
299,1667,4.5
346,1667,4.0
411,1667,2.5
434,1667,3.0
33,1668,1.0
327,1668,3.5
373,1668,1.5
64,1669,4.5
368,1670,2.0
47,1671,3.5
153,1671,3.0
164,1671,2.0
217,1671,4.0
240,1671,3.0
275,1671,4.0
351,1671,3.0
434,1671,2.5
153,1672,2.0
159,1672,2.5
164,1672,2.0
194,1672,1.5
264,1672,2.5
275,1672,1.0
299,1672,2.5
351,1672,1.0
392,1672,3.0
434,1672,2.0
442,1672,3.0
85,1673,4.0
380,1673,0.5
299,1674,3.5
419,1674,4.5
4,1675,1.0
47,1675,4.5
86,1675,4.0
97,1675,0.5
116,1675,5.0
153,1675,2.5
164,1675,3.0
169,1675,3.5
207,1675,4.0
275,1675,3.0
276,1675,3.5
299,1675,4.0
327,1675,2.5
346,1675,2.5
348,1675,4.5
351,1675,3.0
380,1675,2.5
392,1675,2.5
397,1675,3.0
422,1675,3.0
428,1675,3.0
432,1675,2.5
434,1675,3.0
438,1675,3.0
442,1675,3.5
299,1676,3.5
130,1677,4.0
279,1677,4.5
299,1677,2.0
434,1678,2.5
12,1679,3.5
21,1679,2.0
27,1679,4.0
33,1679,3.0
43,1679,4.5
47,1679,3.0
51,1679,4.0
52,1679,5.0
63,1679,4.0
64,1679,4.0
70,1679,5.0
74,1679,4.0
75,1679,3.0
78,1679,3.5
86,1679,5.0
93,1679,4.0
99,1679,3.5
105,1679,4.0
116,1679,4.0
122,1679,4.5
133,1679,4.0
138,1679,2.5
139,1679,5.0
147,1679,4.0
159,1679,5.0
160,1679,4.5
164,1679,4.0
170,1679,4.5
173,1679,3.0
180,1679,4.5
194,1679,4.0
199,1679,4.5
212,1679,3.5
215,1679,4.0
219,1679,4.0
228,1679,4.5
231,1679,4.5
237,1679,2.0
239,1679,5.0
240,1679,4.0
242,1679,3.0
252,1679,4.0
257,1679,5.0
258,1679,4.0
264,1679,2.5
276,1679,5.0
279,1679,3.5
299,1679,4.5
303,1679,4.5
305,1679,4.0
318,1679,4.0
327,1679,4.0
341,1679,4.5
345,1679,4.5
346,1679,3.5
351,1679,5.0
357,1679,4.0
358,1679,3.5
362,1679,4.0
373,1679,3.5
377,1679,4.0
380,1679,1.0
384,1679,2.5
386,1679,4.5
387,1679,5.0
391,1679,3.5
392,1679,2.5
411,1679,3.5
412,1679,3.5
414,1679,2.5
425,1679,3.0
433,1679,5.0
434,1679,2.5
435,1679,4.5
436,1679,3.5
439,1679,4.0
442,1679,5.0
21,1680,2.5
27,1680,4.0
41,1680,3.0
47,1680,3.5
52,1680,4.5
73,1680,4.5
85,1680,3.5
148,1680,4.0
153,1680,3.0
175,1680,4.0
194,1680,4.0
212,1680,1.0
219,1680,3.0
231,1680,4.0
235,1680,4.5
255,1680,3.5
260,1680,3.5
261,1680,3.0
276,1680,3.5
281,1680,3.5
299,1680,4.0
310,1680,4.0
316,1680,4.5
346,1680,3.5
351,1680,4.0
362,1680,2.0
411,1680,3.5
417,1680,4.0
434,1680,3.0
435,1680,2.5
439,1680,3.5
279,1681,2.5
153,1682,4.0
299,1682,4.0
346,1682,4.0
277,1683,1.0
47,1684,3.5
64,1684,2.5
79,1684,0.5
122,1684,3.0
159,1684,3.5
219,1684,3.0
275,1684,4.0
276,1684,4.0
353,1684,4.0
12,1685,1.0
47,1685,3.5
122,1685,0.5
153,1685,4.0
159,1685,3.0
164,1685,2.0
175,1685,3.0
194,1685,3.0
275,1685,3.0
299,1685,3.5
320,1685,5.0
428,1685,2.5
439,1685,1.0
442,1685,2.0
204,1686,2.5
279,1686,3.0
351,1686,4.5
435,1686,3.5
1,1687,4.0
47,1687,3.0
79,1687,5.0
86,1687,4.0
122,1687,2.5
139,1687,3.5
153,1687,1.5
159,1687,2.5
164,1687,3.5
194,1687,3.5
212,1687,2.0
219,1687,2.5
249,1687,3.0
277,1687,4.5
279,1687,2.5
299,1687,2.5
304,1687,3.5
305,1687,3.5
327,1687,2.0
348,1687,3.5
351,1687,5.0
354,1687,3.0
357,1687,3.0
362,1687,3.5
377,1687,3.0
415,1687,4.5
434,1687,2.5
442,1687,4.0
15,1688,3.5
41,1688,4.0
47,1688,3.0
79,1688,3.5
122,1688,4.0
164,1688,3.0
175,1688,3.0
194,1688,3.0
207,1688,4.0
212,1688,0.5
261,1688,5.0
275,1688,3.0
293,1688,4.0
299,1688,2.0
327,1688,3.0
353,1688,3.5
357,1688,2.5
373,1688,3.0
380,1688,2.5
386,1688,3.5
392,1688,4.0
411,1688,3.0
438,1688,4.0
122,1689,3.0
175,1689,3.0
194,1689,1.5
299,1689,3.0
327,1689,2.0
346,1689,3.5
16,1690,1.0
18,1690,4.0
35,1690,5.0
41,1690,4.0
44,1690,3.5
47,1690,4.0
52,1690,4.0
93,1690,4.0
99,1690,5.0
111,1690,1.0
116,1690,4.5
139,1690,4.5
153,1690,1.0
160,1690,5.0
164,1690,3.5
167,1690,2.5
169,1690,4.5
194,1690,1.5
200,1690,4.5
212,1690,2.0
219,1690,3.5
228,1690,4.5
257,1690,4.5
258,1690,4.0
276,1690,4.0
295,1690,4.0
299,1690,4.0
301,1690,5.0
304,1690,4.5
320,1690,4.0
346,1690,4.0
348,1690,4.5
351,1690,4.0
353,1690,3.5
357,1690,4.5
358,1690,3.5
384,1690,3.5
397,1690,4.0
411,1690,3.5
412,1690,3.5
415,1690,2.5
434,1690,2.5
435,1690,4.0
442,1690,4.0
98,1691,3.0
153,1691,2.0
159,1691,2.0
175,1691,2.5
275,1691,2.0
299,1691,3.0
320,1691,4.0
327,1691,1.5
351,1691,4.0
442,1691,3.5
6,1692,3.0
21,1692,3.0
27,1692,3.5
30,1692,2.5
32,1692,4.5
33,1692,2.0
35,1692,4.0
41,1692,5.0
51,1692,4.0
70,1692,5.0
75,1692,4.5
76,1692,5.0
85,1692,4.0
98,1692,3.5
105,1692,3.0
111,1692,5.0
136,1692,4.0
147,1692,4.0
160,1692,4.0
164,1692,4.0
169,1692,2.5
175,1692,4.0
180,1692,4.5
184,1692,3.0
194,1692,3.5
217,1692,5.0
219,1692,4.0
246,1692,5.0
247,1692,4.0
261,1692,4.0
264,1692,2.0
276,1692,5.0
289,1692,4.0
299,1692,3.5
302,1692,5.0
316,1692,2.5
341,1692,5.0
346,1692,4.0
351,1692,3.5
373,1692,2.5
404,1692,4.0
411,1692,3.0
418,1692,4.0
428,1692,3.5
434,1692,2.5
439,1692,3.5
51,1693,4.0
79,1693,4.0
100,1693,4.0
117,1693,1.0
164,1693,3.5
194,1693,3.0
212,1693,0.5
299,1693,2.0
414,1693,2.5
275,1694,3.0
277,1694,3.5
12,1695,3.0
35,1695,5.0
47,1695,2.0
164,1695,2.0
175,1695,3.5
194,1695,4.5
217,1695,5.0
228,1695,3.0
275,1695,4.0
299,1695,3.0
384,1695,2.5
392,1695,5.0
434,1695,2.5
442,1695,3.0
439,1696,4.0
175,1697,3.5
204,1698,2.5
279,1698,3.0
439,1698,3.0
121,1699,5.0
386,1699,3.0
414,1699,4.0
434,1699,2.0
438,1700,2.5
242,1701,3.5
442,1701,5.0
30,1702,5.0
52,1702,4.0
299,1702,4.0
351,1702,4.0
434,1702,3.0
228,1703,3.5
279,1704,1.5
346,1704,3.5
442,1704,4.0
12,1705,4.0
89,1705,4.5
292,1705,4.0
414,1706,2.0
51,1707,3.5
64,1707,3.0
79,1707,3.5
122,1707,4.0
164,1707,3.0
194,1707,3.5
212,1707,2.0
219,1707,0.5
228,1707,3.0
257,1707,2.5
276,1707,3.5
299,1707,2.5
414,1707,2.5
415,1707,4.0
18,1708,3.0
35,1708,5.0
41,1708,4.0
44,1708,3.5
47,1708,3.0
58,1708,5.0
75,1708,3.5
79,1708,3.5
102,1708,4.0
113,1708,4.0
145,1708,4.5
153,1708,3.0
160,1708,3.5
164,1708,3.5
169,1708,5.0
194,1708,4.0
197,1708,3.0
200,1708,4.5
204,1708,3.5
212,1708,2.0
217,1708,2.5
219,1708,4.0
220,1708,2.0
235,1708,3.0
255,1708,4.0
259,1708,4.5
276,1708,4.0
277,1708,4.5
279,1708,3.5
295,1708,5.0
299,1708,3.5
316,1708,4.0
320,1708,1.5
335,1708,5.0
346,1708,3.5
348,1708,4.0
351,1708,4.5
353,1708,4.0
385,1708,5.0
427,1708,5.0
434,1708,2.5
438,1708,4.0
439,1708,4.0
21,1709,2.0
52,1709,4.0
74,1709,4.0
78,1709,4.5
122,1709,4.0
180,1709,2.0
231,1709,4.0
299,1709,4.0
346,1709,4.0
371,1709,4.0
380,1709,4.0
428,1709,4.0
439,1709,4.0
79,1710,4.5
164,1710,3.5
194,1710,3.5
212,1710,3.0
327,1710,2.5
354,1710,4.0
21,1711,3.0
98,1711,3.5
116,1711,4.0
164,1711,3.5
299,1711,2.5
351,1711,3.5
422,1711,1.0
351,1712,4.0
64,1713,4.0
411,1713,3.5
434,1713,3.0
434,1714,2.5
175,1715,1.0
219,1715,0.5
276,1715,1.5
327,1715,1.0
21,1716,3.5
299,1716,4.0
346,1716,3.5
439,1716,4.0
442,1717,3.0
204,1718,3.5
299,1718,3.0
320,1718,3.0
327,1718,3.0
346,1718,3.5
277,1719,3.0
47,1720,4.5
299,1720,4.0
346,1720,3.0
47,1721,2.5
15,1722,5.0
34,1722,5.0
35,1722,5.0
47,1722,3.0
74,1722,4.0
79,1722,1.5
86,1722,5.0
89,1722,4.0
130,1722,0.5
153,1722,3.5
175,1722,3.5
194,1722,3.5
212,1722,3.0
217,1722,5.0
305,1722,3.5
362,1722,4.5
411,1722,4.0
442,1722,3.5
47,1723,4.5
116,1723,4.5
164,1723,3.5
228,1723,3.5
258,1723,5.0
337,1723,3.5
386,1723,4.0
228,1724,4.0
439,1725,4.0
41,1726,3.0
47,1726,2.0
75,1726,3.0
86,1726,4.5
130,1726,3.5
164,1726,3.5
180,1726,3.5
194,1726,3.5
275,1726,3.0
279,1726,4.0
299,1726,4.0
348,1726,4.5
434,1726,3.0
442,1726,4.0
93,1727,3.5
172,1727,4.5
204,1727,3.5
219,1727,4.5
228,1727,3.5
257,1727,3.5
268,1727,3.5
345,1727,4.0
353,1727,4.5
435,1727,3.5
442,1727,4.0
219,1728,2.0
275,1728,4.0
279,1728,3.0
299,1728,3.5
346,1728,3.0
351,1728,4.0
442,1729,3.0
164,1730,3.0
299,1730,3.0
439,1731,3.5
327,1732,4.0
9,1733,4.5
35,1733,5.0
47,1733,2.0
75,1733,4.0
97,1733,2.5
148,1733,3.5
175,1733,3.5
194,1733,4.0
204,1733,4.0
212,1733,3.5
217,1733,3.0
275,1733,4.0
276,1733,3.0
279,1733,4.0
299,1733,4.0
362,1733,4.5
386,1733,2.5
412,1733,3.0
419,1733,4.0
299,1734,2.0
79,1735,5.0
194,1735,3.5
200,1735,1.0
212,1735,3.0
246,1735,5.0
327,1735,4.0
345,1735,3.5
21,1736,2.5
299,1736,3.5
346,1736,3.0
47,1737,3.0
257,1737,5.0
21,1738,4.0
30,1738,0.5
33,1738,3.0
41,1738,4.0
42,1738,3.0
47,1738,1.0
51,1738,3.0
75,1738,4.5
79,1738,2.5
86,1738,4.5
89,1738,4.5
99,1738,2.5
133,1738,4.0
138,1738,1.5
139,1738,3.0
147,1738,2.5
153,1738,3.0
154,1738,4.0
164,1738,3.5
167,1738,3.5
169,1738,3.5
173,1738,3.0
175,1738,4.0
180,1738,2.0
182,1738,0.5
194,1738,4.0
204,1738,4.0
212,1738,3.0
217,1738,5.0
219,1738,4.5
228,1738,4.0
246,1738,4.5
256,1738,3.0
257,1738,2.5
264,1738,1.0
268,1738,4.0
271,1738,5.0
276,1738,4.0
279,1738,3.5
305,1738,3.5
318,1738,5.0
320,1738,3.0
327,1738,4.0
337,1738,4.0
345,1738,3.5
346,1738,3.5
351,1738,4.5
353,1738,4.0
373,1738,3.0
380,1738,0.5
383,1738,3.5
386,1738,1.0
392,1738,2.0
396,1738,4.0
398,1738,5.0
406,1738,3.5
411,1738,4.0
415,1738,3.0
419,1738,5.0
422,1738,3.0
430,1738,3.0
434,1738,3.0
435,1738,4.5
439,1738,3.0
442,1738,4.5
10,1739,4.0
11,1739,4.5
12,1739,4.0
16,1739,1.5
27,1739,3.0
41,1739,4.5
47,1739,4.5
52,1739,4.5
58,1739,4.5
60,1739,3.5
63,1739,5.0
75,1739,3.5
79,1739,3.0
93,1739,3.0
97,1739,1.5
116,1739,3.0
122,1739,4.0
130,1739,4.0
142,1739,3.5
147,1739,4.5
153,1739,3.0
157,1739,5.0
164,1739,3.0
165,1739,3.0
169,1739,0.5
172,1739,4.0
173,1739,4.0
179,1739,5.0
180,1739,4.5
184,1739,5.0
194,1739,3.5
211,1739,4.5
214,1739,5.0
217,1739,5.0
219,1739,3.0
228,1739,3.5
239,1739,5.0
240,1739,4.0
242,1739,4.0
246,1739,2.5
249,1739,2.0
252,1739,4.5
255,1739,3.0
274,1739,3.5
275,1739,5.0
276,1739,3.5
279,1739,4.0
284,1739,5.0
292,1739,3.5
295,1739,4.0
299,1739,4.0
302,1739,4.0
305,1739,4.5
316,1739,4.0
318,1739,5.0
325,1739,4.0
326,1739,4.5
346,1739,3.5
347,1739,4.5
348,1739,4.0
351,1739,4.5
353,1739,5.0
357,1739,5.0
364,1739,2.0
365,1739,3.5
368,1739,4.0
373,1739,4.0
386,1739,4.0
408,1739,4.0
411,1739,4.0
412,1739,1.5
413,1739,4.0
416,1739,3.0
419,1739,4.0
423,1739,3.0
428,1739,3.5
434,1739,3.0
435,1739,4.5
436,1739,4.0
439,1739,4.0
442,1739,4.0
122,1740,3.0
164,1740,3.0
259,1740,3.5
299,1740,2.5
51,1741,3.0
204,1741,3.0
204,1742,2.5
1,1743,4.0
4,1743,1.0
11,1743,4.0
12,1743,4.5
16,1743,2.5
21,1743,2.5
22,1743,4.5
27,1743,3.5
35,1743,4.0
37,1743,5.0
41,1743,4.5
42,1743,4.5
47,1743,3.5
52,1743,5.0
58,1743,4.0
63,1743,4.0
73,1743,4.5
75,1743,5.0
79,1743,4.5
85,1743,4.0
86,1743,5.0
89,1743,4.0
92,1743,3.5
93,1743,3.0
98,1743,3.0
99,1743,3.0
104,1743,3.5
116,1743,5.0
122,1743,4.0
131,1743,4.0
138,1743,4.0
153,1743,4.5
156,1743,4.5
157,1743,4.0
159,1743,4.5
164,1743,4.5
165,1743,4.0
169,1743,4.5
173,1743,4.5
175,1743,5.0
180,1743,5.0
194,1743,4.0
197,1743,4.0
198,1743,5.0
200,1743,4.5
212,1743,3.0
215,1743,4.5
217,1743,4.5
219,1743,4.5
227,1743,5.0
235,1743,5.0
236,1743,4.5
237,1743,3.5
238,1743,4.5
246,1743,4.5
249,1743,4.5
254,1743,5.0
255,1743,4.5
256,1743,4.0
257,1743,4.0
258,1743,4.0
262,1743,4.0
265,1743,4.5
272,1743,4.5
274,1743,4.5
276,1743,5.0
279,1743,4.0
287,1743,4.0
289,1743,4.0
299,1743,4.5
300,1743,4.5
309,1743,4.5
316,1743,2.5
318,1743,5.0
319,1743,5.0
320,1743,4.5
327,1743,4.0
335,1743,4.0
339,1743,4.0
344,1743,5.0
346,1743,4.0
348,1743,5.0
351,1743,4.5
353,1743,4.5
354,1743,5.0
362,1743,5.0
368,1743,4.0
378,1743,5.0
384,1743,5.0
389,1743,4.5
393,1743,4.5
396,1743,5.0
397,1743,3.5
402,1743,5.0
406,1743,5.0
411,1743,4.0
412,1743,4.5
418,1743,3.5
419,1743,5.0
422,1743,4.5
424,1743,4.0
426,1743,4.5
428,1743,4.0
434,1743,3.0
436,1743,5.0
439,1743,3.5
442,1743,5.0
219,1744,2.0
275,1744,3.0
64,1745,2.0
79,1745,4.0
164,1745,3.0
194,1745,2.5
219,1745,3.0
299,1745,2.5
299,1746,2.5
122,1747,2.0
164,1747,2.5
397,1747,3.0
164,1748,2.5
275,1748,3.0
277,1749,3.5
346,1749,4.0
219,1750,2.5
442,1750,3.0
47,1751,4.0
52,1751,4.5
204,1751,4.0
316,1751,3.0
52,1752,5.0
346,1752,4.0
21,1753,3.0
35,1753,4.5
118,1753,4.5
139,1753,4.0
146,1753,4.0
160,1753,5.0
164,1753,4.0
180,1753,4.0
200,1753,4.5
212,1753,3.0
217,1753,5.0
235,1753,4.5
238,1753,5.0
299,1753,4.0
318,1753,4.0
335,1753,4.5
380,1753,1.0
384,1753,3.5
418,1753,3.5
428,1753,4.0
346,1754,4.0
257,1755,4.5
411,1755,4.0
439,1755,3.5
9,1756,3.0
21,1756,3.0
22,1756,4.5
34,1756,5.0
35,1756,3.5
42,1756,5.0
47,1756,3.5
52,1756,4.0
58,1756,4.0
60,1756,5.0
63,1756,4.5
85,1756,4.0
86,1756,5.0
89,1756,4.5
116,1756,4.5
139,1756,3.5
146,1756,3.5
153,1756,3.5
154,1756,5.0
160,1756,4.5
164,1756,4.0
169,1756,3.0
173,1756,3.0
175,1756,4.5
180,1756,4.0
184,1756,4.5
194,1756,3.5
197,1756,4.5
212,1756,2.0
217,1756,3.5
219,1756,3.0
227,1756,2.0
228,1756,4.0
235,1756,4.5
239,1756,5.0
246,1756,3.0
257,1756,5.0
264,1756,1.5
276,1756,5.0
279,1756,4.5
299,1756,4.0
316,1756,1.5
318,1756,5.0
320,1756,3.0
322,1756,3.5
326,1756,3.5
332,1756,4.0
335,1756,5.0
337,1756,4.0
346,1756,4.0
348,1756,4.5
351,1756,4.5
357,1756,4.0
358,1756,3.5
386,1756,4.0
392,1756,4.0
404,1756,3.0
411,1756,4.0
418,1756,4.0
419,1756,4.5
422,1756,5.0
434,1756,4.0
435,1756,4.0
442,1756,5.0
9,1757,4.5
12,1757,4.5
16,1757,4.0
21,1757,1.5
27,1757,3.0
33,1757,2.5
41,1757,5.0
42,1757,3.5
44,1757,4.5
47,1757,3.5
58,1757,5.0
73,1757,4.5
74,1757,4.5
75,1757,5.0
79,1757,4.0
86,1757,5.0
87,1757,4.0
92,1757,3.5
93,1757,3.5
97,1757,2.5
116,1757,2.5
122,1757,4.5
127,1757,5.0
142,1757,5.0
145,1757,4.0
146,1757,4.0
153,1757,4.5
159,1757,4.0
164,1757,4.5
165,1757,3.0
169,1757,4.0
170,1757,3.5
173,1757,4.5
175,1757,3.5
180,1757,4.0
182,1757,4.0
187,1757,4.5
194,1757,3.5
197,1757,4.5
200,1757,4.5
204,1757,3.5
212,1757,2.0
215,1757,5.0
217,1757,3.0
221,1757,3.5
240,1757,3.5
242,1757,3.5
246,1757,5.0
254,1757,4.0
255,1757,3.5
258,1757,4.5
262,1757,4.0
274,1757,5.0
275,1757,5.0
276,1757,4.0
279,1757,4.5
292,1757,4.0
295,1757,5.0
299,1757,4.5
304,1757,5.0
309,1757,3.5
316,1757,4.5
318,1757,4.0
319,1757,5.0
320,1757,4.0
334,1757,5.0
335,1757,4.5
346,1757,4.0
348,1757,4.5
351,1757,4.5
353,1757,5.0
354,1757,1.5
358,1757,3.5
370,1757,3.5
373,1757,3.5
378,1757,5.0
383,1757,3.5
386,1757,4.0
397,1757,4.5
412,1757,3.5
416,1757,3.5
418,1757,3.5
419,1757,5.0
424,1757,3.5
428,1757,3.0
432,1757,4.0
434,1757,3.0
436,1757,4.5
439,1757,4.0
442,1757,4.0
4,1758,4.5
21,1758,2.5
138,1758,4.5
164,1758,3.5
175,1758,3.5
299,1758,4.0
327,1758,4.0
346,1758,3.0
351,1758,4.0
435,1758,1.0
439,1758,3.5
75,1759,4.5
34,1760,5.0
54,1760,4.5
148,1760,2.5
164,1760,3.5
175,1760,3.0
194,1760,3.0
212,1760,2.0
254,1760,3.5
275,1760,3.0
279,1760,3.0
357,1760,0.5
21,1761,2.5
346,1761,4.0
180,1762,3.5
439,1762,3.0
64,1763,4.0
275,1763,5.0
276,1763,3.5
290,1763,3.5
299,1763,2.5
353,1763,3.5
416,1763,2.5
4,1764,2.5
60,1764,3.0
93,1764,3.0
142,1764,3.5
228,1764,3.5
371,1764,3.5
373,1764,3.0
439,1764,4.0
64,1765,3.5
275,1765,2.0
41,1766,4.0
259,1766,4.0
299,1766,3.0
299,1767,3.5
337,1767,2.0
346,1767,3.5
164,1768,2.0
327,1768,2.5
346,1768,3.5
434,1768,1.5
130,1769,3.0
21,1770,4.0
4,1771,4.5
6,1771,5.0
15,1771,4.0
16,1771,5.0
18,1771,3.5
21,1771,3.5
33,1771,2.5
35,1771,5.0
41,1771,4.5
42,1771,4.0
47,1771,5.0
51,1771,5.0
58,1771,4.5
75,1771,4.0
85,1771,5.0
86,1771,4.5
97,1771,3.5
98,1771,4.0
116,1771,5.0
130,1771,4.0
139,1771,5.0
141,1771,3.0
146,1771,4.5
149,1771,4.0
153,1771,4.5
154,1771,4.0
160,1771,3.5
164,1771,2.5
165,1771,3.5
172,1771,5.0
173,1771,3.0
175,1771,3.5
180,1771,4.5
193,1771,2.5
194,1771,4.0
197,1771,3.5
200,1771,4.0
207,1771,3.5
219,1771,3.5
237,1771,4.0
239,1771,4.5
242,1771,2.5
256,1771,4.5
257,1771,4.0
258,1771,3.5
261,1771,4.0
272,1771,5.0
275,1771,5.0
276,1771,3.5
284,1771,5.0
295,1771,5.0
299,1771,4.0
316,1771,4.0
318,1771,4.0
320,1771,4.0
327,1771,4.5
335,1771,4.0
337,1771,1.5
351,1771,4.5
353,1771,3.0
355,1771,3.0
357,1771,3.5
377,1771,3.5
380,1771,1.5
383,1771,3.0
384,1771,5.0
386,1771,3.5
392,1771,4.0
404,1771,4.5
411,1771,4.0
412,1771,3.0
418,1771,4.0
419,1771,4.5
422,1771,4.5
424,1771,4.5
428,1771,4.0
430,1771,3.0
432,1771,3.0
434,1771,3.0
436,1771,4.0
442,1771,5.0
47,1772,3.0
64,1772,5.0
164,1772,2.0
256,1772,0.5
276,1772,4.0
290,1772,3.5
299,1772,2.5
346,1772,3.5
373,1772,2.5
380,1772,0.5
416,1772,2.5
164,1773,3.0
212,1773,0.5
351,1773,0.5
4,1774,3.5
21,1774,2.5
30,1774,3.5
58,1774,4.5
75,1774,4.0
97,1774,1.5
122,1774,3.0
145,1774,4.5
164,1774,3.5
175,1774,4.0
180,1774,3.5
228,1774,3.5
255,1774,3.0
261,1774,4.0
275,1774,4.0
299,1774,2.0
327,1774,3.0
411,1774,3.5
428,1774,3.0
434,1774,2.0
299,1775,3.5
346,1775,3.5
351,1775,4.5
164,1776,3.0
399,1776,1.5
441,1776,3.5
4,1777,0.5
6,1777,5.0
15,1777,3.5
27,1777,3.0
47,1777,4.0
64,1777,2.5
74,1777,4.0
79,1777,4.5
111,1777,2.0
122,1777,3.5
164,1777,2.5
175,1777,4.0
198,1777,3.5
276,1777,4.0
299,1777,2.5
351,1777,2.0
357,1777,4.5
359,1777,4.5
371,1777,1.0
386,1777,3.5
413,1777,3.5
414,1777,3.5
415,1777,3.0
434,1777,2.5
219,1778,3.0
217,1779,3.0
228,1779,5.0
351,1779,3.5
79,1780,4.0
156,1780,3.0
164,1780,3.5
175,1780,4.0
212,1780,3.0
219,1780,2.5
228,1780,3.5
275,1780,4.0
299,1780,3.5
98,1781,3.5
346,1781,3.5
21,1782,4.5
27,1782,4.0
30,1782,3.0
35,1782,5.0
41,1782,4.5
47,1782,3.0
58,1782,4.0
75,1782,3.5
98,1782,4.0
116,1782,4.0
122,1782,4.0
139,1782,4.0
146,1782,4.0
148,1782,4.0
164,1782,4.0
169,1782,4.0
175,1782,3.5
180,1782,4.0
194,1782,4.0
198,1782,4.5
200,1782,4.5
207,1782,2.5
217,1782,4.5
219,1782,4.5
228,1782,3.5
235,1782,5.0
237,1782,2.0
239,1782,3.5
246,1782,4.0
255,1782,5.0
258,1782,4.0
276,1782,4.5
295,1782,4.0
299,1782,4.0
302,1782,4.0
316,1782,2.5
327,1782,3.0
341,1782,4.0
351,1782,4.5
354,1782,4.5
362,1782,4.5
389,1782,2.5
404,1782,4.0
406,1782,4.0
411,1782,3.5
412,1782,3.0
418,1782,3.5
419,1782,4.0
428,1782,3.0
432,1782,2.5
435,1782,1.0
439,1782,3.5
442,1782,3.0
277,1783,3.5
346,1783,4.0
416,1783,2.5
41,1784,1.5
91,1784,2.5
122,1784,1.0
175,1784,2.5
275,1784,3.0
276,1784,2.5
299,1784,1.5
327,1784,1.0
351,1784,2.5
408,1784,4.5
438,1784,3.0
439,1784,2.5
12,1785,3.5
21,1785,2.5
35,1785,4.5
47,1785,3.0
156,1785,2.0
164,1785,2.5
175,1785,3.5
212,1785,3.0
217,1785,4.0
275,1785,5.0
299,1785,4.0
351,1785,4.0
422,1785,2.0
428,1785,3.0
346,1786,3.0
64,1787,3.5
47,1788,2.5
52,1788,4.0
346,1788,4.5
420,1788,5.0
164,1789,3.5
299,1789,4.0
21,1790,3.0
164,1790,3.0
175,1790,3.5
200,1790,4.0
261,1790,1.5
299,1790,4.0
327,1790,3.0
4,1791,3.0
30,1791,2.5
175,1791,3.5
299,1791,2.5
357,1791,4.0
98,1792,2.5
164,1792,4.0
299,1792,3.5
401,1792,5.0
228,1793,4.0
130,1794,4.0
172,1794,4.5
275,1794,1.0
279,1794,3.5
292,1794,5.0
442,1794,4.0
299,1795,3.0
346,1795,3.0
21,1796,3.0
47,1796,4.0
164,1796,4.0
346,1796,4.0
277,1797,3.0
434,1797,1.0
164,1798,3.0
327,1798,2.5
434,1798,2.0
327,1799,3.0
21,1800,3.0
47,1800,3.0
52,1800,3.5
98,1800,3.5
138,1800,3.5
164,1800,3.0
175,1800,4.0
200,1800,4.5
235,1800,4.5
246,1800,4.5
299,1800,4.0
327,1800,4.0
337,1800,3.5
346,1800,3.5
419,1800,3.0
428,1800,4.0
439,1800,4.0
194,1801,2.0
164,1802,2.5
299,1802,2.5
346,1803,3.5
380,1803,4.0
15,1804,2.0
79,1804,0.5
439,1804,1.0
52,1805,4.0
346,1805,3.0
194,1806,2.0
21,1807,2.0
139,1807,2.0
175,1807,3.5
198,1807,4.0
217,1807,4.0
219,1807,2.0
299,1807,3.5
354,1807,4.0
164,1808,2.5
254,1808,2.5
346,1809,3.5
51,1810,4.0
139,1810,0.5
164,1810,3.5
242,1810,3.5
275,1810,3.0
276,1810,3.5
327,1810,1.5
373,1810,2.5
375,1810,3.0
212,1811,4.0
64,1812,4.5
47,1813,4.0
435,1813,4.0
47,1814,4.5
51,1814,3.5
122,1814,4.0
164,1814,3.5
346,1814,4.0
373,1814,3.5
299,1815,2.0
327,1815,2.5
35,1816,4.5
75,1816,4.5
153,1816,2.0
164,1816,3.0
175,1816,3.5
194,1816,3.0
219,1816,3.0
275,1816,2.0
299,1816,2.5
442,1816,3.0
373,1817,2.0
438,1817,2.0
164,1818,1.5
175,1818,1.0
219,1818,0.5
339,1818,1.5
194,1819,3.0
279,1819,2.0
139,1820,3.0
373,1820,3.5
414,1820,2.5
41,1821,5.0
279,1821,2.5
299,1821,3.0
47,1822,1.0
89,1823,4.5
439,1823,4.5
304,1824,4.0
406,1824,5.0
9,1825,3.0
12,1825,3.5
15,1825,3.5
16,1825,1.5
27,1825,4.0
29,1825,5.0
33,1825,3.0
35,1825,4.0
42,1825,2.5
47,1825,4.0
64,1825,5.0
70,1825,5.0
73,1825,4.0
74,1825,3.5
75,1825,4.0
79,1825,3.0
85,1825,4.0
88,1825,4.5
93,1825,3.5
99,1825,3.0
103,1825,3.0
122,1825,4.0
139,1825,4.5
145,1825,4.0
147,1825,3.0
153,1825,4.5
154,1825,4.5
162,1825,3.5
164,1825,4.0
169,1825,4.0
175,1825,4.5
177,1825,2.5
178,1825,4.5
193,1825,3.5
194,1825,3.5
200,1825,5.0
204,1825,4.0
206,1825,5.0
207,1825,4.0
212,1825,2.5
218,1825,3.5
220,1825,4.0
239,1825,4.0
242,1825,4.0
249,1825,3.5
264,1825,2.5
276,1825,3.5
290,1825,4.0
299,1825,4.0
311,1825,3.0
318,1825,4.0
327,1825,3.0
334,1825,4.0
341,1825,4.5
353,1825,5.0
354,1825,5.0
355,1825,3.0
359,1825,4.0
362,1825,4.5
373,1825,3.5
377,1825,4.0
386,1825,3.5
392,1825,4.0
395,1825,5.0
398,1825,5.0
412,1825,3.0
416,1825,4.0
427,1825,5.0
434,1825,3.0
436,1825,5.0
439,1825,4.0
442,1825,5.0
73,1826,3.5
198,1826,4.0
212,1826,2.5
276,1826,2.0
316,1826,2.5
353,1826,3.0
357,1826,3.5
434,1826,2.5
164,1827,2.0
299,1827,2.5
415,1828,3.5
358,1829,1.0
414,1829,1.0
64,1830,5.0
175,1831,3.5
194,1831,2.0
389,1831,3.5
439,1831,3.0
35,1832,3.0
85,1832,3.5
275,1832,3.0
279,1832,1.5
299,1832,2.5
357,1832,1.0
377,1832,2.0
416,1832,1.0
428,1832,2.0
432,1832,3.0
434,1832,2.5
442,1832,2.0
21,1833,2.0
29,1833,4.5
58,1833,4.0
116,1833,4.5
279,1833,3.0
299,1833,4.0
404,1833,4.5
434,1833,2.0
164,1834,2.0
15,1835,3.5
47,1835,3.5
122,1835,3.0
164,1835,3.5
212,1835,0.5
217,1835,3.5
276,1835,4.0
299,1835,3.0
411,1835,3.0
415,1835,3.5
41,1836,3.5
79,1836,0.5
116,1836,3.0
122,1836,2.0
164,1836,2.5
165,1836,2.5
175,1836,3.5
255,1836,4.0
275,1836,3.0
299,1836,3.0
348,1836,4.0
375,1836,4.0
411,1836,3.0
439,1836,2.5
159,1837,4.0
164,1837,2.0
194,1838,4.0
219,1838,3.0
299,1838,4.0
434,1838,3.0
64,1839,4.5
228,1840,3.5
21,1841,1.0
35,1841,5.0
42,1841,5.0
45,1841,4.0
47,1841,4.0
51,1841,4.5
75,1841,3.5
86,1841,5.0
97,1841,2.0
99,1841,5.0
116,1841,3.5
138,1841,4.0
139,1841,5.0
142,1841,4.5
144,1841,4.5
147,1841,4.5
153,1841,5.0
159,1841,4.5
164,1841,3.5
175,1841,3.5
194,1841,5.0
197,1841,4.0
212,1841,2.0
217,1841,4.0
219,1841,3.5
228,1841,4.0
236,1841,3.5
237,1841,5.0
239,1841,4.0
246,1841,2.5
249,1841,4.0
257,1841,4.5
264,1841,4.0
275,1841,5.0
279,1841,3.5
284,1841,4.5
299,1841,3.5
318,1841,3.5
323,1841,5.0
327,1841,4.5
335,1841,4.5
337,1841,3.5
348,1841,4.5
351,1841,4.0
353,1841,5.0
354,1841,4.0
357,1841,4.5
380,1841,1.0
384,1841,4.0
387,1841,4.5
392,1841,4.5
398,1841,3.0
404,1841,3.5
411,1841,4.0
412,1841,4.0
416,1841,3.0
419,1841,4.5
432,1841,4.5
434,1841,3.0
441,1841,4.5
442,1841,5.0
439,1842,4.5
164,1843,3.0
175,1843,3.5
194,1843,3.5
212,1843,0.5
217,1843,4.0
228,1843,3.5
255,1843,3.0
260,1843,3.5
279,1843,2.5
299,1843,2.0
327,1843,1.0
392,1843,3.5
412,1843,1.5
422,1843,4.5
21,1844,3.0
194,1845,3.5
442,1845,3.0
12,1846,4.5
16,1846,0.5
21,1846,2.0
22,1846,4.0
41,1846,4.5
47,1846,3.0
51,1846,4.5
52,1846,4.0
75,1846,4.0
86,1846,5.0
87,1846,4.0
130,1846,3.0
147,1846,4.0
164,1846,4.0
175,1846,4.5
194,1846,3.0
212,1846,3.0
217,1846,4.0
219,1846,3.0
227,1846,4.0
228,1846,4.0
231,1846,3.5
240,1846,3.5
246,1846,5.0
255,1846,4.5
258,1846,4.0
262,1846,4.5
279,1846,3.0
299,1846,3.5
309,1846,3.0
327,1846,4.0
346,1846,4.0
348,1846,4.0
357,1846,4.0
362,1846,2.5
412,1846,3.5
434,1846,3.0
442,1846,5.0
434,1847,2.5
64,1848,2.0
79,1848,3.0
164,1848,2.5
299,1848,2.5
434,1848,1.5
6,1849,3.0
12,1849,3.5
15,1849,3.5
18,1849,4.0
21,1849,4.5
27,1849,2.0
34,1849,5.0
35,1849,5.0
41,1849,4.5
47,1849,4.0
54,1849,3.0
58,1849,4.5
60,1849,1.5
61,1849,1.5
66,1849,4.5
75,1849,4.5
79,1849,4.0
85,1849,5.0
99,1849,2.5
102,1849,3.0
105,1849,0.5
116,1849,4.0
122,1849,2.0
130,1849,2.5
139,1849,5.0
147,1849,3.5
148,1849,3.5
153,1849,4.0
154,1849,4.5
157,1849,3.0
162,1849,3.5
164,1849,5.0
169,1849,4.0
173,1849,5.0
175,1849,5.0
193,1849,3.5
194,1849,4.0
198,1849,3.5
199,1849,4.5
200,1849,3.5
212,1849,3.0
217,1849,3.0
219,1849,3.5
228,1849,3.5
254,1849,4.0
255,1849,4.0
256,1849,3.5
257,1849,3.0
261,1849,3.5
264,1849,3.5
273,1849,3.5
275,1849,4.0
276,1849,3.5
279,1849,3.5
295,1849,4.0
298,1849,5.0
299,1849,4.0
305,1849,3.5
316,1849,4.0
318,1849,3.5
320,1849,5.0
327,1849,3.0
348,1849,4.5
351,1849,4.0
353,1849,4.0
354,1849,3.0
357,1849,4.0
373,1849,3.5
384,1849,1.0
386,1849,3.5
392,1849,4.0
411,1849,3.5
412,1849,3.5
419,1849,4.5
422,1849,5.0
428,1849,3.5
434,1849,3.0
438,1849,3.0
441,1849,5.0
442,1849,4.0
442,1850,2.0
299,1851,3.5
164,1852,2.5
276,1852,3.5
6,1853,4.5
198,1853,4.0
47,1854,3.5
194,1854,3.5
275,1854,4.0
279,1854,4.0
348,1854,5.0
434,1854,3.0
442,1854,5.0
6,1855,1.5
47,1855,3.0
299,1855,3.0
371,1855,3.0
373,1855,4.0
438,1855,3.0
47,1856,3.0
346,1856,4.0
439,1856,4.0
441,1857,2.5
122,1858,3.5
164,1858,3.5
175,1858,3.5
275,1859,3.0
442,1859,3.5
30,1860,5.0
164,1860,4.0
219,1860,5.0
299,1860,3.5
434,1860,3.0
164,1861,2.5
21,1862,2.5
47,1862,3.5
58,1862,4.5
79,1862,3.0
116,1862,4.5
136,1862,4.5
147,1862,4.0
148,1862,3.5
164,1862,4.0
175,1862,4.0
194,1862,4.0
197,1862,3.0
217,1862,4.0
219,1862,4.0
228,1862,3.0
242,1862,3.5
298,1862,5.0
299,1862,3.5
382,1862,5.0
404,1862,4.0
419,1862,4.5
422,1862,5.0
428,1862,3.0
441,1862,4.0
442,1862,3.0
164,1863,3.0
194,1863,2.0
122,1864,2.5
275,1864,3.0
277,1864,3.5
279,1864,3.0
348,1864,4.0
442,1864,2.5
21,1865,2.5
21,1866,2.0
219,1866,4.0
279,1866,3.5
299,1866,3.5
434,1866,2.5
442,1866,4.0
35,1867,4.0
47,1867,4.5
51,1867,4.0
79,1867,3.5
122,1867,2.0
164,1867,3.0
198,1867,2.5
212,1867,0.5
219,1867,3.0
299,1867,2.5
304,1867,3.5
305,1867,3.5
327,1867,3.0
354,1867,4.0
373,1867,2.5
441,1867,3.0
442,1867,3.5
277,1868,1.5
16,1869,0.5
21,1869,2.5
35,1869,4.0
52,1869,2.5
54,1869,3.5
75,1869,5.0
79,1869,3.0
86,1869,5.0
93,1869,4.0
97,1869,1.5
122,1869,2.5
153,1869,4.5
175,1869,4.0
194,1869,4.0
212,1869,2.0
217,1869,5.0
219,1869,4.0
237,1869,2.0
275,1869,4.0
279,1869,4.0
299,1869,3.5
391,1869,5.0
411,1869,4.0
412,1869,2.5
428,1869,3.0
434,1869,3.0
442,1869,4.0
164,1870,2.5
299,1870,3.0
442,1870,2.0
47,1871,2.0
74,1871,4.0
113,1871,4.0
164,1871,3.5
219,1871,3.5
276,1871,3.0
290,1871,4.0
392,1871,4.0
414,1871,3.5
427,1871,4.5
428,1871,3.0
299,1872,3.5
21,1873,2.5
35,1873,5.0
89,1873,2.5
130,1873,3.0
164,1873,3.0
194,1873,3.0
212,1873,3.0
249,1873,5.0
255,1873,5.0
259,1873,4.0
411,1873,3.5
418,1873,3.5
434,1873,4.0
442,1873,4.0
219,1874,3.5
299,1874,3.5
47,1875,4.5
122,1875,2.5
164,1875,3.5
175,1875,4.0
194,1875,2.5
212,1875,2.5
219,1875,2.5
299,1875,3.0
419,1875,3.5
442,1875,3.0
279,1876,3.0
254,1877,3.5
411,1877,3.0
12,1878,4.5
21,1878,2.0
41,1878,4.5
58,1878,4.5
122,1878,3.5
164,1878,3.5
219,1878,4.5
260,1878,4.0
279,1878,2.5
299,1878,4.0
412,1878,3.5
442,1878,3.0
279,1879,4.0
442,1879,3.5
299,1880,4.0
420,1880,4.0
122,1881,3.0
275,1881,4.0
373,1881,3.0
380,1881,1.5
164,1882,3.0
299,1882,3.5
419,1882,0.5
162,1883,2.0
34,1884,3.5
41,1884,4.0
47,1884,3.0
51,1884,5.0
74,1884,3.0
82,1884,4.5
85,1884,3.5
97,1884,1.0
122,1884,1.0
145,1884,4.0
153,1884,2.5
164,1884,3.0
169,1884,3.5
172,1884,3.0
175,1884,3.5
194,1884,3.5
204,1884,3.5
212,1884,2.5
219,1884,3.5
246,1884,3.5
256,1884,4.0
275,1884,3.0
276,1884,1.0
279,1884,3.5
284,1884,2.5
289,1884,2.5
299,1884,3.0
327,1884,3.0
341,1884,3.5
347,1884,4.5
348,1884,3.5
353,1884,1.5
357,1884,2.5
373,1884,1.0
385,1884,4.5
392,1884,3.5
412,1884,2.0
416,1884,2.5
419,1884,2.5
428,1884,3.0
432,1884,2.5
434,1884,2.5
439,1884,2.0
442,1884,3.5
299,1885,3.0
15,1886,0.5
327,1886,2.5
299,1887,4.0
219,1888,4.0
33,1889,3.0
172,1889,5.0
194,1889,3.5
212,1889,4.0
228,1889,3.0
348,1889,4.5
353,1889,5.0
357,1889,3.0
434,1889,3.0
275,1890,2.0
442,1890,3.0
21,1891,3.5
52,1891,4.5
242,1891,3.5
249,1891,4.0
275,1891,4.0
346,1891,4.0
357,1891,3.5
442,1891,5.0
52,1892,4.5
260,1892,3.0
299,1892,3.0
346,1892,4.0
15,1893,3.5
18,1893,3.5
27,1893,3.5
34,1893,4.5
35,1893,4.5
47,1893,5.0
51,1893,4.0
64,1893,2.0
79,1893,3.5
89,1893,4.5
99,1893,3.0
122,1893,3.5
139,1893,4.0
147,1893,3.0
153,1893,3.5
159,1893,4.5
162,1893,3.0
164,1893,4.0
169,1893,3.5
175,1893,4.0
194,1893,3.5
198,1893,5.0
200,1893,4.0
212,1893,3.0
218,1893,2.0
219,1893,4.0
228,1893,3.5
239,1893,4.0
242,1893,3.0
255,1893,3.5
256,1893,4.0
257,1893,3.5
258,1893,4.0
261,1893,4.0
264,1893,3.5
268,1893,4.0
279,1893,3.5
299,1893,4.0
351,1893,4.5
353,1893,2.5
354,1893,4.0
362,1893,4.5
371,1893,3.5
373,1893,2.5
386,1893,3.5
392,1893,4.0
411,1893,2.5
412,1893,2.5
415,1893,3.0
419,1893,5.0
434,1893,2.5
442,1893,5.0
47,1894,3.5
51,1894,3.5
70,1894,4.0
74,1894,4.0
164,1894,4.0
219,1894,2.0
257,1894,3.0
276,1894,4.0
299,1894,3.5
327,1894,3.5
346,1894,3.5
371,1894,3.0
373,1894,3.5
386,1894,4.0
414,1894,3.5
42,1895,2.0
47,1895,4.5
58,1895,4.0
75,1895,4.0
86,1895,3.5
97,1895,1.5
110,1895,4.0
148,1895,3.5
159,1895,1.5
175,1895,3.5
194,1895,4.0
217,1895,4.5
246,1895,4.5
255,1895,4.0
275,1895,4.0
351,1895,3.5
371,1895,4.0
418,1895,3.0
419,1895,4.5
422,1895,3.5
442,1895,4.0
258,1896,4.5
337,1896,4.0
346,1896,4.0
435,1896,3.0
15,1897,4.5
29,1897,4.0
41,1897,1.0
74,1897,3.5
75,1897,4.0
79,1897,2.0
97,1897,1.0
122,1897,2.5
148,1897,3.0
164,1897,2.5
175,1897,3.0
182,1897,3.5
194,1897,2.0
275,1897,2.0
276,1897,3.5
280,1897,5.0
299,1897,3.0
347,1897,3.5
353,1897,4.0
373,1897,3.0
392,1897,3.0
21,1898,5.0
170,1898,3.5
194,1898,4.0
299,1898,4.0
346,1898,3.5
353,1898,5.0
373,1898,3.5
377,1898,3.0
386,1898,4.0
12,1899,3.5
15,1899,4.0
29,1899,4.0
41,1899,4.5
42,1899,3.5
47,1899,4.5
51,1899,4.5
73,1899,4.5
74,1899,3.0
75,1899,4.5
76,1899,5.0
79,1899,3.5
89,1899,4.0
97,1899,2.0
122,1899,4.5
139,1899,4.0
147,1899,3.0
153,1899,4.0
159,1899,2.0
164,1899,3.5
169,1899,4.0
172,1899,4.5
174,1899,4.0
175,1899,3.5
194,1899,3.5
204,1899,2.5
207,1899,3.0
212,1899,2.5
219,1899,3.5
240,1899,4.0
246,1899,3.5
255,1899,4.0
261,1899,4.0
275,1899,3.0
276,1899,4.0
284,1899,5.0
290,1899,3.5
299,1899,2.0
305,1899,3.5
327,1899,2.0
341,1899,4.0
357,1899,2.0
358,1899,2.0
371,1899,0.5
373,1899,3.5
380,1899,2.5
392,1899,3.5
393,1899,5.0
418,1899,3.0
419,1899,4.5
428,1899,2.0
434,1899,2.5
435,1899,4.0
438,1899,2.5
439,1899,2.0
442,1899,3.5
164,1900,0.5
194,1900,4.0
309,1900,3.5
439,1900,3.5
12,1901,3.0
47,1901,4.5
58,1901,4.5
122,1901,4.0
159,1901,4.0
219,1901,4.5
279,1901,3.5
392,1902,3.5
438,1902,3.5
392,1903,3.5
438,1903,4.0
434,1904,2.0
434,1905,3.0
442,1905,3.0
64,1906,5.0
12,1907,2.5
47,1907,3.0
60,1907,5.0
212,1907,2.5
15,1908,4.5
21,1908,1.5
29,1908,5.0
41,1908,5.0
58,1908,4.0
75,1908,4.0
79,1908,3.5
122,1908,3.0
153,1908,4.0
156,1908,3.5
164,1908,3.5
169,1908,4.5
175,1908,4.0
194,1908,3.0
217,1908,3.0
218,1908,3.0
227,1908,3.0
228,1908,3.5
237,1908,2.5
239,1908,2.5
255,1908,4.0
279,1908,3.5
299,1908,3.0
327,1908,3.0
341,1908,4.5
362,1908,4.0
373,1908,3.0
393,1908,5.0
406,1908,4.0
411,1908,4.0
412,1908,3.0
434,1908,2.5
435,1908,1.0
276,1909,2.0
47,1910,1.5
194,1910,2.5
219,1910,0.5
442,1910,3.5
299,1911,4.0
51,1912,3.5
64,1912,3.5
79,1912,3.5
207,1912,3.0
228,1912,4.0
276,1912,4.0
411,1912,3.0
12,1913,2.5
41,1913,3.0
47,1913,3.0
70,1913,2.5
122,1913,3.0
139,1913,1.0
154,1913,2.0
164,1913,2.0
175,1913,2.5
207,1913,3.0
217,1913,3.0
275,1913,3.0
276,1913,2.0
277,1913,3.5
327,1913,1.5
347,1913,3.5
348,1913,3.5
419,1913,2.5
430,1913,2.0
432,1913,2.5
74,1914,3.0
277,1914,2.5
414,1914,3.0
194,1915,3.0
299,1915,2.5
305,1915,3.5
348,1915,4.0
413,1915,4.0
434,1915,3.0
442,1915,3.0
16,1916,0.5
27,1916,0.5
75,1916,5.0
79,1916,3.0
86,1916,4.5
97,1916,1.0
147,1916,4.5
153,1916,4.0
164,1916,3.5
175,1916,4.0
194,1916,1.5
204,1916,3.5
212,1916,2.0
217,1916,4.5
236,1916,1.0
256,1916,4.0
275,1916,3.0
292,1916,3.5
299,1916,3.5
353,1916,3.0
365,1916,3.5
392,1916,4.0
411,1916,4.0
413,1916,3.0
434,1916,3.5
442,1916,3.5
21,1917,2.5
138,1917,3.5
219,1917,4.0
228,1918,4.0
348,1918,4.0
64,1919,5.0
327,1920,2.0
228,1921,4.5
30,1922,3.5
47,1922,3.5
153,1922,4.0
164,1922,4.0
169,1922,4.0
194,1922,3.5
212,1922,3.0
228,1922,4.0
276,1922,5.0
299,1922,3.5
304,1922,3.5
337,1922,4.0
371,1922,3.5
434,1922,3.0
346,1923,3.5
21,1924,1.0
34,1924,3.5
47,1924,3.0
58,1924,3.5
75,1924,4.0
79,1924,0.5
86,1924,4.0
97,1924,0.5
148,1924,3.0
164,1924,3.5
194,1924,4.0
204,1924,3.5
217,1924,4.0
246,1924,5.0
255,1924,4.0
276,1924,4.0
279,1924,3.0
299,1924,3.0
332,1924,2.5
346,1924,3.5
348,1924,4.0
375,1924,3.5
428,1924,2.5
435,1924,2.0
442,1924,4.0
219,1925,2.5
257,1925,3.5
353,1925,4.0
373,1925,3.0
12,1926,3.0
15,1926,3.0
21,1926,2.5
42,1926,4.0
47,1926,3.0
56,1926,1.5
58,1926,4.0
98,1926,3.0
148,1926,4.0
153,1926,4.0
164,1926,3.5
175,1926,4.0
182,1926,4.5
194,1926,4.0
207,1926,4.0
212,1926,2.5
228,1926,3.5
239,1926,3.0
275,1926,2.0
276,1926,4.0
279,1926,3.5
295,1926,3.5
299,1926,3.5
357,1926,3.0
358,1926,3.0
377,1926,3.0
386,1926,3.0
392,1926,3.5
419,1926,4.5
422,1926,4.5
428,1926,3.0
442,1926,4.0
219,1927,3.0
277,1927,1.0
414,1927,3.0
29,1928,4.5
47,1928,2.5
70,1928,4.0
79,1928,2.0
122,1928,3.0
164,1928,3.0
212,1928,0.5
228,1928,3.0
276,1928,2.5
298,1928,0.5
299,1928,2.5
357,1928,2.5
373,1928,2.5
12,1929,3.0
15,1929,3.5
29,1929,4.5
47,1929,5.0
51,1929,4.0
97,1929,2.5
139,1929,3.0
148,1929,3.5
153,1929,4.0
154,1929,3.5
162,1929,5.0
164,1929,3.5
169,1929,4.0
175,1929,4.0
194,1929,2.5
207,1929,4.5
212,1929,2.0
219,1929,4.0
228,1929,3.5
256,1929,4.5
275,1929,3.0
276,1929,3.5
284,1929,0.5
299,1929,3.5
327,1929,2.0
337,1929,1.5
348,1929,4.0
354,1929,4.5
386,1929,2.0
392,1929,2.0
411,1929,2.5
413,1929,4.5
415,1929,2.0
416,1929,2.0
419,1929,3.0
422,1929,5.0
434,1929,3.0
441,1929,5.0
442,1929,3.0
27,1930,0.5
34,1930,5.0
41,1930,4.5
47,1930,5.0
73,1930,2.5
74,1930,4.0
75,1930,4.0
79,1930,4.0
82,1930,4.0
97,1930,3.0
99,1930,3.0
103,1930,4.0
116,1930,4.5
122,1930,5.0
139,1930,4.0
143,1930,3.5
153,1930,2.5
159,1930,4.0
164,1930,2.5
169,1930,4.0
173,1930,5.0
175,1930,4.0
194,1930,3.0
204,1930,3.5
206,1930,5.0
212,1930,3.0
215,1930,4.0
217,1930,3.0
220,1930,5.0
228,1930,3.0
239,1930,3.0
246,1930,2.5
255,1930,4.0
258,1930,4.5
275,1930,5.0
276,1930,4.5
277,1930,5.0
299,1930,3.5
303,1930,3.5
311,1930,4.5
341,1930,4.5
346,1930,4.5
347,1930,4.5
353,1930,4.5
357,1930,3.5
358,1930,2.5
359,1930,5.0
380,1930,3.0
386,1930,4.0
408,1930,4.0
424,1930,4.0
427,1930,4.5
428,1930,4.0
432,1930,3.5
433,1930,5.0
438,1930,3.5
439,1930,3.5
442,1930,4.0
47,1931,3.0
79,1931,4.5
164,1931,3.0
175,1931,4.0
194,1931,3.5
212,1931,0.5
219,1931,4.0
299,1931,2.5
339,1931,4.0
348,1931,4.0
392,1931,5.0
47,1932,3.0
279,1932,3.5
228,1933,4.0
434,1933,3.5
66,1934,4.0
79,1934,4.0
89,1934,5.0
122,1934,3.0
139,1934,5.0
194,1934,4.0
276,1934,5.0
279,1934,3.0
299,1934,3.5
386,1934,4.0
438,1934,4.0
164,1935,3.5
212,1935,2.5
219,1935,4.5
228,1935,4.0
299,1935,1.5
348,1935,4.0
412,1935,2.0
42,1936,3.5
47,1936,4.0
74,1936,4.0
75,1936,3.0
97,1936,2.5
153,1936,4.5
160,1936,2.5
164,1936,4.0
169,1936,4.0
194,1936,3.0
212,1936,2.5
217,1936,4.0
219,1936,4.0
239,1936,3.0
242,1936,3.5
255,1936,3.5
260,1936,1.0
264,1936,1.0
275,1936,5.0
276,1936,3.5
284,1936,5.0
295,1936,4.5
299,1936,3.5
305,1936,4.0
335,1936,4.0
346,1936,3.5
353,1936,5.0
357,1936,3.0
371,1936,3.0
373,1936,3.5
392,1936,4.5
395,1936,5.0
438,1936,4.0
442,1936,4.0
12,1937,3.5
27,1937,4.0
29,1937,5.0
33,1937,2.5
42,1937,4.0
47,1937,3.0
75,1937,4.0
85,1937,4.5
99,1937,2.5
116,1937,4.0
122,1937,3.0
142,1937,3.5
147,1937,4.0
153,1937,3.5
154,1937,4.0
159,1937,4.0
162,1937,4.5
169,1937,3.5
175,1937,4.0
194,1937,3.5
196,1937,5.0
212,1937,3.5
217,1937,5.0
219,1937,4.5
228,1937,4.0
237,1937,2.0
239,1937,3.0
275,1937,4.0
276,1937,3.0
279,1937,3.5
299,1937,4.0
305,1937,3.5
311,1937,3.0
318,1937,3.5
327,1937,4.0
347,1937,3.5
348,1937,4.0
353,1937,4.0
358,1937,3.0
359,1937,4.0
371,1937,2.0
386,1937,1.5
392,1937,3.5
419,1937,4.0
439,1937,3.5
442,1937,3.5
434,1938,0.5
15,1939,3.5
122,1939,3.0
47,1940,3.5
212,1940,3.0
219,1940,4.5
299,1940,3.5
434,1940,3.0
6,1941,3.5
12,1941,4.0
15,1941,4.0
16,1941,2.5
18,1941,4.0
21,1941,4.0
27,1941,3.5
29,1941,4.5
34,1941,1.5
35,1941,5.0
37,1941,4.0
42,1941,4.0
47,1941,4.0
55,1941,3.0
58,1941,5.0
63,1941,4.5
79,1941,3.0
85,1941,4.5
87,1941,3.5
89,1941,2.5
97,1941,2.5
99,1941,3.5
116,1941,5.0
122,1941,4.0
131,1941,4.5
139,1941,4.0
141,1941,5.0
146,1941,4.0
147,1941,3.0
153,1941,4.0
160,1941,4.5
163,1941,4.0
164,1941,4.0
165,1941,3.0
167,1941,3.5
169,1941,5.0
173,1941,3.5
175,1941,3.5
194,1941,3.0
197,1941,3.0
200,1941,4.0
207,1941,4.5
215,1941,4.0
217,1941,4.0
220,1941,0.5
228,1941,4.0
235,1941,5.0
237,1941,4.0
239,1941,4.0
240,1941,3.5
255,1941,3.0
260,1941,2.5
272,1941,5.0
274,1941,3.5
275,1941,3.5
276,1941,4.0
284,1941,5.0
294,1941,3.5
295,1941,4.0
298,1941,4.5
299,1941,4.0
305,1941,3.0
316,1941,3.5
326,1941,3.0
327,1941,3.5
339,1941,3.0
341,1941,4.0
347,1941,4.5
368,1941,0.5
380,1941,2.0
406,1941,4.0
411,1941,4.0
412,1941,4.5
422,1941,5.0
427,1941,4.5
428,1941,3.0
432,1941,4.0
434,1941,2.5
435,1941,1.0
436,1941,4.0
442,1941,5.0
228,1942,4.0
142,1943,4.0
411,1943,4.0
442,1943,3.5
16,1944,3.5
21,1944,3.5
35,1944,4.0
41,1944,4.0
47,1944,3.5
51,1944,1.5
54,1944,3.0
64,1944,2.0
79,1944,4.5
86,1944,5.0
89,1944,4.5
99,1944,3.0
100,1944,1.0
139,1944,4.5
147,1944,3.5
153,1944,4.5
159,1944,4.5
164,1944,4.0
169,1944,4.0
175,1944,4.5
194,1944,3.5
197,1944,2.5
198,1944,4.5
204,1944,3.0
212,1944,4.0
219,1944,4.0
228,1944,3.5
237,1944,3.0
239,1944,5.0
246,1944,4.5
249,1944,5.0
257,1944,5.0
264,1944,3.5
268,1944,4.0
292,1944,4.0
299,1944,4.0
309,1944,4.0
327,1944,3.5
341,1944,3.5
348,1944,5.0
353,1944,4.0
354,1944,5.0
362,1944,5.0
377,1944,4.0
384,1944,3.0
386,1944,3.5
392,1944,3.0
411,1944,4.0
412,1944,3.5
415,1944,4.0
419,1944,5.0
426,1944,5.0
434,1944,2.5
441,1944,4.5
442,1944,5.0
411,1945,3.5
194,1946,2.0
295,1946,4.5
337,1946,1.0
427,1946,4.5
442,1946,1.5
438,1947,3.0
79,1948,3.5
194,1948,2.0
277,1948,3.0
47,1949,3.5
414,1949,1.5
21,1950,2.5
35,1950,5.0
141,1950,5.0
164,1950,3.5
194,1950,4.0
217,1950,3.5
299,1950,3.5
442,1950,3.5
212,1951,3.0
257,1951,3.5
153,1952,0.5
299,1953,2.0
348,1953,4.0
74,1954,3.5
276,1954,3.0
373,1954,3.0
194,1955,3.5
219,1955,3.5
279,1955,3.0
442,1955,3.0
254,1956,3.5
357,1957,3.5
47,1958,5.0
194,1958,3.5
228,1958,4.0
242,1958,3.5
249,1958,5.0
299,1958,4.0
305,1958,4.0
346,1958,4.0
377,1958,4.5
386,1958,3.5
411,1958,3.0
434,1958,3.0
434,1959,2.0
442,1960,4.0
212,1961,0.5
21,1962,2.5
35,1963,5.0
47,1963,3.5
75,1963,4.0
79,1963,3.0
86,1963,5.0
97,1963,0.5
147,1963,4.0
153,1963,4.5
175,1963,3.5
194,1963,4.5
204,1963,4.5
212,1963,2.5
217,1963,5.0
275,1963,5.0
292,1963,3.5
299,1963,3.0
305,1963,4.0
391,1963,5.0
411,1963,4.0
428,1963,3.0
434,1963,3.0
442,1963,3.5
21,1964,3.5
35,1964,5.0
41,1964,4.5
47,1964,4.5
75,1964,3.5
116,1964,4.5
153,1964,5.0
159,1964,4.0
164,1964,4.0
169,1964,5.0
173,1964,3.0
194,1964,4.0
204,1964,3.0
217,1964,3.5
219,1964,4.5
239,1964,5.0
246,1964,5.0
258,1964,4.0
275,1964,5.0
299,1964,4.0
327,1964,4.0
377,1964,4.0
411,1964,3.5
412,1964,2.0
442,1964,3.5
35,1965,5.0
47,1965,3.5
153,1965,1.5
175,1965,3.5
194,1965,3.5
217,1965,4.0
219,1965,3.0
275,1965,5.0
299,1965,3.0
357,1965,3.5
370,1965,3.0
442,1965,3.0
153,1966,4.5
47,1967,2.5
74,1967,4.0
122,1967,3.5
198,1967,4.5
215,1967,3.5
254,1967,4.5
259,1967,5.0
299,1967,3.5
371,1967,3.0
380,1967,4.0
435,1967,1.5
438,1967,3.0
439,1967,3.5
434,1968,1.0
442,1969,3.5
52,1970,4.0
179,1970,4.0
439,1970,4.0
346,1971,4.0
21,1972,2.5
299,1972,4.0
21,1973,3.5
149,1973,3.0
299,1973,4.0
299,1974,3.0
47,1975,4.0
21,1976,3.0
339,1976,2.5
434,1976,2.5
12,1977,4.5
21,1977,4.0
35,1977,5.0
47,1977,5.0
52,1977,5.0
97,1977,3.0
194,1977,4.0
212,1977,2.0
217,1977,3.5
254,1977,4.5
257,1977,4.5
279,1977,3.5
299,1977,4.0
310,1977,3.5
318,1977,4.0
346,1977,4.0
411,1977,4.0
413,1977,4.5
442,1977,4.0
337,1978,4.0
270,1979,5.0
348,1979,4.5
385,1979,5.0
434,1979,4.0
47,1980,3.0
434,1981,2.5
434,1982,3.0
47,1983,3.0
116,1983,3.5
148,1983,3.5
164,1983,3.5
175,1983,3.0
194,1983,1.5
275,1983,3.0
411,1983,3.5
434,1983,2.5
442,1983,2.5
162,1984,4.5
212,1984,0.5
219,1984,3.0
79,1985,4.5
164,1985,2.5
219,1985,3.0
415,1985,3.0
12,1986,3.5
21,1986,3.5
27,1986,4.0
30,1986,4.0
33,1986,2.5
44,1986,5.0
47,1986,2.5
52,1986,4.5
73,1986,5.0
75,1986,5.0
85,1986,4.0
86,1986,4.5
89,1986,3.5
105,1986,5.0
138,1986,5.0
147,1986,3.5
156,1986,3.5
170,1986,3.5
175,1986,3.5
194,1986,3.5
198,1986,4.5
212,1986,2.5
217,1986,3.5
219,1986,4.0
228,1986,4.5
235,1986,5.0
242,1986,3.5
246,1986,3.5
260,1986,2.5
277,1986,5.0
292,1986,4.5
299,1986,3.5
302,1986,5.0
341,1986,4.5
387,1986,4.5
406,1986,5.0
411,1986,4.0
428,1986,2.5
435,1986,1.5
439,1986,4.0
442,1986,3.5
299,1987,2.5
327,1987,2.0
414,1987,3.5
47,1988,4.0
52,1988,3.5
292,1988,4.0
346,1988,3.5
276,1989,1.0
79,1990,2.5
156,1990,1.0
175,1990,3.0
212,1990,1.5
219,1990,3.5
299,1990,2.5
358,1990,2.5
442,1990,3.5
47,1991,3.0
70,1991,5.0
164,1991,3.0
219,1991,4.0
242,1991,3.5
276,1991,4.0
299,1991,3.0
428,1991,2.5
434,1991,2.5
64,1992,2.5
75,1992,3.0
86,1992,4.5
93,1992,2.0
105,1992,2.5
138,1992,4.0
159,1992,3.0
175,1992,4.0
212,1992,2.5
219,1992,4.0
228,1992,4.0
257,1992,4.0
299,1992,4.0
348,1992,4.5
353,1992,4.0
357,1992,2.5
386,1992,3.5
406,1992,3.0
411,1992,3.5
434,1992,3.0
442,1992,4.0
219,1993,4.0
299,1993,3.5
21,1994,2.5
299,1994,3.0
12,1995,4.0
21,1995,2.5
35,1995,5.0
52,1995,5.0
79,1995,4.0
90,1995,5.0
122,1995,2.5
153,1995,4.5
164,1995,4.0
207,1995,3.5
217,1995,5.0
227,1995,4.0
228,1995,3.5
235,1995,1.5
246,1995,4.5
279,1995,4.0
299,1995,4.0
89,1996,4.5
175,1996,4.0
27,1997,4.0
164,1997,3.5
212,1997,0.5
219,1997,4.0
246,1997,4.0
257,1997,5.0
279,1997,3.5
442,1997,4.0
47,1998,4.0
66,1998,4.0
110,1998,3.0
175,1998,3.0
194,1998,3.0
219,1998,3.0
255,1998,4.5
275,1998,2.0
299,1998,3.0
434,1998,2.5
442,1998,3.0
12,1999,4.5
16,1999,1.0
21,1999,3.0
52,1999,4.0
122,1999,3.5
153,1999,4.0
159,1999,4.0
164,1999,3.0
175,1999,4.0
194,1999,3.5
212,1999,3.0
217,1999,2.5
219,1999,4.0
227,1999,4.0
258,1999,5.0
279,1999,4.0
299,1999,4.0
389,1999,1.0
434,1999,3.0
442,1999,4.0
153,2000,1.0
212,2000,0.5
327,2001,2.5
21,2002,3.0
35,2002,3.0
52,2002,4.0
154,2002,5.0
175,2002,4.5
197,2002,5.0
228,2002,3.5
249,2002,5.0
258,2002,5.0
299,2002,3.0
110,2003,4.5
60,2004,4.5
133,2004,5.0
170,2004,4.0
179,2004,4.5
228,2004,4.0
292,2004,3.5
337,2004,4.0
346,2004,3.5
348,2004,4.5
411,2004,4.0
439,2004,4.5
52,2005,5.0
299,2005,3.5
411,2005,4.0
149,2006,3.5
414,2006,3.5
442,2007,4.0
162,2008,1.0
275,2008,3.0
442,2008,3.0
254,2009,3.5
54,2010,4.5
164,2010,3.0
175,2010,2.5
194,2010,2.5
254,2010,3.5
47,2011,3.0
179,2011,3.5
346,2012,4.5
21,2013,3.5
75,2013,4.0
160,2013,5.0
194,2013,4.5
217,2013,5.0
228,2013,4.0
235,2013,4.5
246,2013,4.0
389,2013,5.0
442,2013,3.5
219,2014,3.0
12,2015,4.5
16,2015,1.0
21,2015,2.5
27,2015,2.0
35,2015,4.0
47,2015,3.5
58,2015,4.0
75,2015,3.5
86,2015,5.0
87,2015,4.0
122,2015,4.0
146,2015,4.0
159,2015,5.0
164,2015,4.0
165,2015,3.0
169,2015,4.5
175,2015,3.5
192,2015,4.0
194,2015,4.0
200,2015,4.0
217,2015,5.0
219,2015,4.5
228,2015,4.0
239,2015,4.0
242,2015,3.5
246,2015,5.0
249,2015,2.5
299,2015,4.0
304,2015,4.0
327,2015,4.0
362,2015,4.5
384,2015,3.5
393,2015,5.0
406,2015,5.0
426,2015,5.0
428,2015,3.5
442,2015,3.5
51,2016,4.0
164,2016,3.5
204,2016,3.0
276,2016,3.5
277,2016,3.0
290,2016,2.5
299,2016,2.5
327,2016,3.5
357,2016,2.5
392,2016,3.5
439,2017,3.0
52,2018,3.5
149,2018,5.0
346,2018,4.0
375,2018,4.0
387,2018,4.0
16,2019,4.0
21,2019,4.5
22,2019,4.0
27,2019,5.0
41,2019,5.0
47,2019,3.5
49,2019,4.0
52,2019,4.5
54,2019,3.0
63,2019,4.5
73,2019,4.5
75,2019,3.5
86,2019,5.0
89,2019,0.5
99,2019,3.5
118,2019,4.5
138,2019,4.0
142,2019,4.0
149,2019,4.0
153,2019,4.0
154,2019,4.5
157,2019,3.0
159,2019,5.0
160,2019,4.0
169,2019,5.0
172,2019,4.5
175,2019,4.0
194,2019,4.0
197,2019,3.5
215,2019,5.0
217,2019,4.0
219,2019,4.5
227,2019,5.0
228,2019,4.0
235,2019,4.5
237,2019,4.5
239,2019,5.0
240,2019,4.0
242,2019,3.0
246,2019,5.0
249,2019,4.5
254,2019,4.0
255,2019,3.0
275,2019,4.0
276,2019,4.0
279,2019,4.5
292,2019,4.5
299,2019,4.5
311,2019,2.5
318,2019,5.0
332,2019,3.5
337,2019,3.0
339,2019,3.0
354,2019,2.0
362,2019,2.0
380,2019,1.0
384,2019,4.5
389,2019,1.0
406,2019,4.0
426,2019,4.5
428,2019,4.0
434,2019,3.0
439,2019,3.0
442,2019,5.0
47,2020,4.0
164,2020,3.0
175,2020,3.5
212,2020,2.0
219,2020,4.5
257,2020,3.0
299,2020,3.5
327,2020,3.0
435,2020,4.0
442,2020,3.5
432,2021,3.5
79,2022,3.0
122,2022,4.0
165,2022,3.0
299,2022,3.5
353,2022,4.5
438,2022,3.0
21,2023,3.5
41,2023,4.0
75,2023,3.0
89,2023,4.0
217,2023,5.0
255,2023,5.0
295,2023,5.0
375,2023,4.0
393,2024,5.0
439,2024,3.0
164,2025,2.5
175,2025,3.0
194,2025,2.0
212,2025,1.5
276,2025,3.0
299,2025,3.5
327,2025,2.0
442,2025,3.0
219,2026,3.0
275,2026,3.0
194,2027,3.5
212,2027,2.0
75,2028,4.5
21,2029,1.0
75,2029,4.0
88,2029,0.5
194,2029,4.5
204,2029,4.0
217,2029,3.0
228,2029,3.0
246,2029,4.0
255,2029,5.0
262,2029,4.5
348,2029,4.0
373,2029,3.0
434,2029,3.0
442,2029,4.5
47,2030,3.0
70,2030,4.0
122,2030,4.0
164,2030,4.5
194,2030,3.0
218,2030,3.5
220,2030,3.5
264,2030,3.5
275,2030,4.0
276,2030,3.5
277,2030,4.5
353,2030,3.0
373,2030,3.0
386,2030,3.5
392,2030,4.0
394,2030,4.5
438,2030,3.5
153,2031,2.5
175,2031,3.5
217,2031,4.5
228,2031,3.5
262,2031,3.0
275,2031,4.0
442,2031,2.0
339,2032,4.0
16,2033,0.5
74,2033,4.0
122,2033,3.5
145,2033,3.5
153,2033,2.0
159,2033,3.5
164,2033,2.5
217,2033,3.0
255,2033,2.5
276,2033,2.5
277,2033,4.0
299,2033,3.0
347,2033,5.0
373,2033,3.0
380,2033,3.0
392,2033,3.5
408,2033,4.0
438,2033,3.0
9,2034,3.5
21,2034,4.0
22,2034,4.0
33,2034,1.5
41,2034,4.0
47,2034,3.5
50,2034,4.5
54,2034,2.0
58,2034,4.5
75,2034,4.0
79,2034,2.5
85,2034,4.5
86,2034,4.0
89,2034,2.0
99,2034,3.5
141,2034,4.0
145,2034,2.5
153,2034,3.0
159,2034,4.0
164,2034,3.0
169,2034,3.0
175,2034,4.0
182,2034,4.0
194,2034,4.0
204,2034,2.5
207,2034,3.5
214,2034,3.0
217,2034,3.5
219,2034,3.5
220,2034,1.0
228,2034,4.0
239,2034,4.0
240,2034,3.0
242,2034,3.5
246,2034,4.5
247,2034,4.0
256,2034,3.0
258,2034,4.0
264,2034,3.5
275,2034,4.0
276,2034,4.0
299,2034,3.5
304,2034,3.5
318,2034,3.0
325,2034,4.0
327,2034,3.0
341,2034,4.5
347,2034,4.5
348,2034,4.0
353,2034,3.0
357,2034,2.5
362,2034,3.5
373,2034,3.5
380,2034,3.0
385,2034,5.0
392,2034,3.5
404,2034,4.0
412,2034,2.5
422,2034,4.5
434,2034,2.5
439,2034,2.5
442,2034,4.0
122,2035,2.0
273,2035,0.5
277,2035,2.0
47,2036,4.0
122,2036,3.5
153,2036,4.0
182,2036,4.0
194,2036,4.0
212,2036,3.0
305,2036,4.0
327,2036,3.0
348,2036,4.5
353,2036,5.0
138,2037,3.0
365,2038,4.0
434,2038,3.0
439,2039,3.5
47,2040,2.0
442,2040,4.0
47,2041,3.5
122,2041,4.0
194,2041,4.0
204,2041,3.5
258,2041,4.5
332,2041,3.5
353,2041,4.5
413,2041,3.5
6,2042,3.5
16,2042,0.5
21,2042,2.5
27,2042,2.5
34,2042,5.0
47,2042,3.0
51,2042,3.5
60,2042,3.5
64,2042,2.0
73,2042,3.5
74,2042,4.0
75,2042,3.5
93,2042,3.0
99,2042,3.0
105,2042,4.0
111,2042,5.0
122,2042,4.5
138,2042,3.5
139,2042,5.0
146,2042,3.5
147,2042,3.5
153,2042,4.5
154,2042,2.5
156,2042,3.0
159,2042,3.5
160,2042,4.5
164,2042,4.5
170,2042,3.5
175,2042,4.0
187,2042,5.0
194,2042,3.5
198,2042,4.0
212,2042,3.5
217,2042,5.0
219,2042,4.5
220,2042,5.0
228,2042,4.0
231,2042,5.0
246,2042,3.5
249,2042,4.5
257,2042,3.5
258,2042,4.5
264,2042,3.0
276,2042,5.0
279,2042,4.0
299,2042,4.0
305,2042,4.5
311,2042,4.5
318,2042,3.5
335,2042,4.5
348,2042,4.0
353,2042,4.5
355,2042,4.0
357,2042,3.0
358,2042,3.5
368,2042,1.5
371,2042,4.0
382,2042,4.0
384,2042,2.0
385,2042,4.0
386,2042,4.5
411,2042,3.5
414,2042,3.0
433,2042,5.0
442,2042,4.0
47,2043,2.5
299,2043,3.5
420,2044,4.0
346,2045,3.5
386,2045,4.0
411,2045,2.5
434,2045,3.0
21,2046,3.0
30,2046,4.0
41,2046,4.5
47,2046,3.0
64,2046,2.5
122,2046,4.0
212,2046,2.0
228,2046,3.5
246,2046,3.5
255,2046,4.0
299,2046,2.5
380,2046,3.0
411,2046,2.5
21,2047,2.5
228,2047,4.0
346,2047,3.5
442,2048,3.0
105,2049,4.5
194,2049,3.5
212,2049,3.0
257,2049,4.0
259,2049,4.0
270,2049,5.0
12,2050,4.0
41,2050,4.5
47,2050,2.0
52,2050,4.0
70,2050,3.0
73,2050,4.0
75,2050,4.0
79,2050,3.5
97,2050,1.0
122,2050,3.5
139,2050,4.5
159,2050,4.0
164,2050,4.5
194,2050,4.0
217,2050,3.0
219,2050,4.5
228,2050,3.0
239,2050,3.0
255,2050,3.5
276,2050,4.5
290,2050,4.5
299,2050,4.0
305,2050,4.0
353,2050,4.0
373,2050,3.0
375,2050,3.5
385,2050,5.0
411,2050,3.0
413,2050,5.0
442,2050,3.5
15,2051,3.5
41,2051,3.5
47,2051,2.5
51,2051,3.5
70,2051,4.0
74,2051,3.0
79,2051,3.5
122,2051,4.0
153,2051,2.5
175,2051,3.5
194,2051,3.0
207,2051,4.0
212,2051,2.0
217,2051,3.0
228,2051,3.0
255,2051,3.5
261,2051,4.0
275,2051,4.0
276,2051,2.0
277,2051,3.0
295,2051,4.0
362,2051,1.5
380,2051,2.0
435,2051,0.5
16,2052,4.0
21,2052,3.0
52,2052,4.5
54,2052,3.5
63,2052,4.5
73,2052,4.5
75,2052,4.5
86,2052,5.0
93,2052,2.5
138,2052,4.0
160,2052,4.5
175,2052,5.0
194,2052,3.5
197,2052,4.5
215,2052,4.5
217,2052,4.5
219,2052,4.0
227,2052,2.0
239,2052,5.0
240,2052,4.0
246,2052,5.0
262,2052,5.0
279,2052,4.0
299,2052,3.5
371,2052,4.0
416,2052,5.0
434,2052,3.0
442,2052,5.0
16,2053,1.0
97,2053,2.0
122,2053,4.5
153,2053,4.5
215,2053,4.0
257,2053,4.0
299,2053,3.5
428,2053,3.5
35,2054,3.0
70,2054,4.0
212,2054,2.0
217,2054,3.5
275,2054,2.0
442,2054,1.0
79,2055,2.5
159,2055,3.5
194,2055,3.0
219,2055,3.0
258,2055,4.5
273,2056,3.0
246,2057,4.0
299,2058,4.0
145,2059,4.0
21,2060,2.0
257,2060,5.0
299,2060,3.5
348,2060,4.5
392,2060,4.0
27,2061,3.5
47,2061,2.0
122,2061,5.0
212,2061,0.5
254,2061,3.0
316,2061,4.0
357,2061,3.5
375,2061,4.0
380,2061,2.0
413,2061,3.5
414,2061,3.0
6,2062,3.0
47,2062,4.0
74,2062,3.5
79,2062,2.5
100,2062,3.0
121,2062,4.0
122,2062,3.5
139,2062,4.0
164,2062,3.0
198,2062,3.0
251,2062,4.0
258,2062,3.0
264,2062,0.5
277,2062,3.0
293,2062,5.0
371,2062,3.0
386,2062,2.5
413,2062,4.5
414,2062,3.0
438,2062,4.0
52,2063,4.0
75,2064,5.0
127,2064,4.0
138,2065,3.5
164,2065,3.0
348,2065,4.0
148,2066,3.0
194,2066,3.5
275,2066,5.0
316,2066,5.0
353,2066,3.5
391,2066,5.0
413,2066,3.5
442,2066,4.0
164,2067,0.5
18,2068,3.5
21,2068,2.0
35,2068,5.0
47,2068,2.0
58,2068,4.0
153,2068,2.0
154,2068,4.0
164,2068,2.5
169,2068,2.5
175,2068,4.0
194,2068,3.0
197,2068,3.0
212,2068,3.0
219,2068,3.0
228,2068,4.0
246,2068,2.5
255,2068,4.5
275,2068,4.0
299,2068,3.0
304,2068,4.0
327,2068,2.0
341,2068,4.0
348,2068,4.5
411,2068,4.5
412,2068,3.0
434,2068,3.0
442,2068,4.0
442,2069,4.0
416,2070,4.0
75,2071,4.5
147,2071,3.0
212,2071,4.0
353,2071,4.0
373,2071,3.5
384,2071,5.0
385,2071,5.0
392,2071,4.5
416,2071,3.0
442,2071,4.5
73,2072,3.5
164,2073,3.0
12,2074,2.5
21,2074,2.0
35,2074,3.0
86,2074,4.0
175,2074,4.0
194,2074,3.5
275,2074,4.0
412,2074,3.0
442,2074,3.5
34,2075,3.5
175,2075,0.5
217,2075,3.5
194,2076,3.5
219,2076,3.0
442,2077,3.5
12,2078,3.5
15,2078,3.0
21,2078,4.0
47,2078,3.5
139,2078,4.0
172,2078,3.5
194,2078,3.5
212,2078,4.0
217,2078,4.0
275,2078,4.0
305,2078,3.5
327,2078,3.0
348,2078,4.5
353,2078,4.5
357,2078,4.5
392,2078,4.0
434,2078,3.5
442,2078,4.0
12,2079,4.0
21,2079,4.0
27,2079,4.5
35,2079,5.0
42,2079,5.0
47,2079,4.0
54,2079,4.0
75,2079,3.5
104,2079,4.0
118,2079,4.0
138,2079,3.0
144,2079,4.5
146,2079,4.5
147,2079,3.5
153,2079,4.5
164,2079,3.5
165,2079,3.0
172,2079,4.5
175,2079,4.0
197,2079,4.0
204,2079,5.0
212,2079,2.5
217,2079,5.0
227,2079,4.0
228,2079,3.5
235,2079,4.5
239,2079,5.0
254,2079,3.5
257,2079,4.0
275,2079,5.0
284,2079,5.0
292,2079,3.5
299,2079,4.5
327,2079,4.0
348,2079,5.0
353,2079,4.5
386,2079,3.5
411,2079,4.5
415,2079,3.0
432,2079,5.0
442,2079,5.0
254,2080,4.5
194,2081,2.0
47,2082,3.0
79,2082,3.5
212,2082,0.5
15,2083,2.0
47,2083,3.0
75,2083,3.5
97,2083,1.5
122,2083,3.0
154,2083,4.0
164,2083,3.0
165,2083,3.0
175,2083,4.0
194,2083,2.5
275,2083,3.5
277,2083,3.5
327,2083,1.5
339,2083,2.5
347,2083,4.5
373,2083,2.5
392,2083,4.0
442,2083,2.5
6,2084,3.5
41,2084,3.5
47,2084,3.5
51,2084,4.5
64,2084,2.5
70,2084,2.0
122,2084,3.5
149,2084,4.0
164,2084,4.0
212,2084,2.5
218,2084,3.0
299,2084,3.5
413,2084,5.0
415,2084,3.0
47,2085,3.0
52,2086,4.0
148,2086,3.5
175,2086,4.0
299,2086,3.5
428,2086,2.5
442,2086,3.0
164,2087,2.0
219,2087,3.5
242,2087,3.5
277,2087,4.0
427,2087,4.0
47,2088,2.5
121,2088,4.0
52,2089,3.5
122,2089,4.0
299,2089,4.0
316,2089,4.0
371,2089,3.0
414,2089,3.5
420,2089,4.5
79,2090,3.5
156,2090,3.5
164,2090,3.0
175,2090,3.0
212,2090,1.5
219,2090,3.0
295,2090,3.0
299,2090,2.0
304,2090,3.5
327,2090,3.0
47,2091,2.5
212,2091,1.5
219,2091,4.0
228,2091,3.5
257,2091,3.5
299,2091,3.5
357,2091,2.5
337,2092,4.0
219,2093,1.0
64,2094,4.5
21,2095,0.5
47,2095,4.0
61,2095,2.5
110,2095,3.5
139,2095,4.0
164,2095,2.0
175,2095,3.0
182,2095,4.0
207,2095,3.0
228,2095,3.0
279,2095,2.0
287,2095,1.5
299,2095,2.0
316,2095,2.5
373,2095,3.0
399,2095,3.0
411,2095,2.5
12,2096,3.5
47,2096,3.5
122,2096,2.0
153,2096,4.0
175,2096,3.0
194,2096,3.5
228,2096,3.0
299,2096,3.5
384,2096,4.5
393,2096,5.0
406,2096,5.0
439,2096,3.0
442,2096,3.5
392,2097,4.0
12,2098,4.0
47,2098,3.0
147,2098,4.0
154,2098,3.0
164,2098,3.5
207,2098,3.0
217,2098,4.0
353,2098,3.0
89,2099,5.0
217,2099,4.5
416,2099,4.5
442,2099,3.5
60,2100,1.5
160,2100,4.0
235,2100,4.5
434,2101,2.5
179,2102,4.5
175,2103,2.5
212,2103,0.5
219,2103,2.0
354,2103,3.5
142,2104,3.5
194,2104,3.0
442,2104,2.0
47,2105,3.5
122,2105,4.0
414,2105,2.0
438,2105,4.5
327,2106,4.0
228,2107,4.5
246,2107,3.0
275,2108,3.0
434,2108,2.5
75,2109,5.0
228,2109,4.0
434,2109,3.5
257,2110,3.0
75,2111,2.0
235,2111,5.0
1,2112,4.5
6,2112,4.5
9,2112,2.0
10,2112,4.5
11,2112,4.5
12,2112,4.0
15,2112,3.5
16,2112,3.0
18,2112,4.0
19,2112,5.0
21,2112,3.5
23,2112,5.0
33,2112,3.0
34,2112,4.0
35,2112,5.0
39,2112,5.0
41,2112,5.0
42,2112,5.0
44,2112,4.5
47,2112,5.0
51,2112,4.5
54,2112,3.0
55,2112,5.0
58,2112,5.0
60,2112,5.0
61,2112,4.5
63,2112,5.0
73,2112,5.0
75,2112,3.5
79,2112,4.0
80,2112,5.0
85,2112,4.5
86,2112,4.0
89,2112,4.0
92,2112,4.0
93,2112,3.5
97,2112,3.5
99,2112,5.0
104,2112,4.0
122,2112,5.0
127,2112,5.0
131,2112,5.0
136,2112,5.0
139,2112,5.0
142,2112,4.0
145,2112,4.0
146,2112,4.5
147,2112,3.5
148,2112,4.5
153,2112,5.0
154,2112,5.0
156,2112,3.5
157,2112,4.5
160,2112,4.5
163,2112,5.0
164,2112,5.0
165,2112,4.5
167,2112,3.5
169,2112,4.5
173,2112,4.0
174,2112,2.5
175,2112,5.0
187,2112,5.0
194,2112,4.5
197,2112,4.0
198,2112,4.5
200,2112,5.0
204,2112,4.5
206,2112,5.0
207,2112,4.0
212,2112,3.5
217,2112,5.0
219,2112,4.5
220,2112,4.0
227,2112,4.0
228,2112,4.0
229,2112,5.0
231,2112,3.5
236,2112,3.5
237,2112,2.0
238,2112,5.0
239,2112,5.0
240,2112,4.0
242,2112,3.0
246,2112,3.0
253,2112,4.5
254,2112,3.5
255,2112,3.5
257,2112,5.0
258,2112,4.5
264,2112,3.5
265,2112,4.0
274,2112,4.5
275,2112,5.0
277,2112,5.0
281,2112,2.5
284,2112,5.0
289,2112,4.5
294,2112,5.0
295,2112,5.0
299,2112,4.0
300,2112,4.0
302,2112,4.0
304,2112,3.5
309,2112,3.5
316,2112,4.0
318,2112,5.0
319,2112,5.0
323,2112,5.0
326,2112,3.5
327,2112,3.5
339,2112,3.5
341,2112,3.0
344,2112,5.0
347,2112,3.5
348,2112,4.5
353,2112,4.0
354,2112,3.5
357,2112,4.0
358,2112,4.0
362,2112,5.0
363,2112,4.5
364,2112,4.0
373,2112,3.5
377,2112,3.0
378,2112,5.0
384,2112,5.0
385,2112,5.0
386,2112,4.0
389,2112,5.0
392,2112,2.0
393,2112,3.5
394,2112,4.5
401,2112,5.0
402,2112,4.0
403,2112,4.0
411,2112,4.5
412,2112,5.0
413,2112,4.0
416,2112,4.0
419,2112,5.0
424,2112,4.5
426,2112,4.0
427,2112,4.5
428,2112,4.5
432,2112,4.0
434,2112,3.5
435,2112,3.5
442,2112,4.5
164,2113,3.5
212,2114,2.0
415,2114,5.0
439,2115,2.5
21,2116,3.0
41,2116,4.0
54,2116,3.0
73,2116,4.0
75,2116,4.0
87,2116,4.5
102,2116,3.5
122,2116,4.0
139,2116,3.5
142,2116,5.0
164,2116,3.5
175,2116,3.5
194,2116,2.0
198,2116,4.5
217,2116,4.0
327,2116,4.0
362,2116,4.0
415,2116,3.5
212,2117,2.5
299,2117,3.0
442,2118,2.5
47,2119,1.0
164,2119,3.0
204,2119,3.0
299,2119,2.5
246,2120,4.5
194,2121,3.0
442,2121,4.0
164,2122,3.0
299,2122,3.5
299,2123,3.5
442,2124,4.0
73,2125,3.5
339,2125,2.5
442,2126,3.5
15,2127,4.5
18,2127,4.0
27,2127,4.0
35,2127,5.0
47,2127,5.0
51,2127,3.5
64,2127,3.0
79,2127,5.0
86,2127,4.5
89,2127,2.0
122,2127,2.0
138,2127,4.5
153,2127,4.0
164,2127,4.5
175,2127,4.0
204,2127,4.5
212,2127,3.0
217,2127,4.0
219,2127,4.0
227,2127,4.0
228,2127,3.0
257,2127,3.5
259,2127,1.0
264,2127,2.0
291,2127,4.0
299,2127,3.5
323,2127,4.0
353,2127,4.5
358,2127,3.0
362,2127,5.0
371,2127,5.0
377,2127,3.5
386,2127,4.0
392,2127,4.0
414,2127,2.5
415,2127,4.0
419,2127,4.5
428,2127,3.0
442,2127,4.0
156,2128,2.0
175,2128,0.5
295,2128,3.5
434,2129,2.5
21,2130,4.5
73,2131,4.0
79,2131,3.0
127,2131,3.0
164,2131,3.5
175,2131,3.5
194,2131,4.0
212,2131,2.5
219,2131,4.0
264,2131,2.5
299,2131,2.0
392,2131,3.5
415,2131,3.5
442,2131,4.0
411,2132,4.0
299,2133,2.5
348,2133,4.0
411,2133,3.0
96,2134,4.5
392,2134,4.0
442,2134,3.0
242,2135,3.5
47,2136,4.0
164,2136,4.5
246,2136,3.5
268,2136,4.0
386,2136,3.0
21,2137,2.5
434,2137,1.5
435,2138,3.5
257,2139,5.0
299,2139,4.5
348,2139,4.5
79,2140,4.0
354,2140,4.5
47,2141,3.5
47,2142,3.0
51,2142,4.5
64,2142,3.5
79,2142,4.0
122,2142,4.0
154,2142,4.5
164,2142,2.5
212,2142,0.5
218,2142,3.0
371,2142,3.0
414,2142,2.0
305,2143,1.0
34,2144,0.5
194,2144,1.0
9,2145,2.0
12,2145,4.0
15,2145,4.0
16,2145,0.5
19,2145,4.0
21,2145,4.5
23,2145,5.0
41,2145,3.5
47,2145,4.5
51,2145,4.0
56,2145,3.0
58,2145,4.5
61,2145,4.0
73,2145,1.5
75,2145,3.5
76,2145,3.5
79,2145,2.0
87,2145,4.0
89,2145,3.5
97,2145,3.0
99,2145,3.0
122,2145,3.5
127,2145,4.0
136,2145,4.5
139,2145,4.5
141,2145,3.0
145,2145,4.5
146,2145,4.0
147,2145,3.0
153,2145,5.0
154,2145,4.5
160,2145,4.5
164,2145,4.5
165,2145,3.0
169,2145,4.5
172,2145,4.0
173,2145,2.0
174,2145,4.0
175,2145,4.5
194,2145,3.5
197,2145,2.5
200,2145,3.5
204,2145,4.0
206,2145,4.0
207,2145,4.5
212,2145,3.5
217,2145,4.5
219,2145,5.0
227,2145,3.0
228,2145,3.5
230,2145,4.0
237,2145,3.0
240,2145,3.5
242,2145,3.5
246,2145,3.5
250,2145,4.5
255,2145,3.0
264,2145,3.5
265,2145,3.5
275,2145,5.0
277,2145,4.5
284,2145,5.0
290,2145,3.5
294,2145,5.0
299,2145,4.0
316,2145,4.5
318,2145,4.0
327,2145,4.0
339,2145,3.0
341,2145,4.0
347,2145,4.0
348,2145,4.5
353,2145,4.0
357,2145,4.5
373,2145,3.0
378,2145,5.0
383,2145,5.0
384,2145,4.0
386,2145,3.0
389,2145,3.0
392,2145,4.0
403,2145,5.0
404,2145,4.0
412,2145,3.5
416,2145,3.0
419,2145,4.5
423,2145,4.0
424,2145,4.5
427,2145,5.0
428,2145,3.5
432,2145,3.5
434,2145,3.0
436,2145,5.0
442,2145,4.0
6,2146,2.5
47,2146,2.5
79,2146,3.5
414,2146,3.0
434,2147,3.0
15,2148,3.0
21,2148,4.0
35,2148,4.0
47,2148,5.0
58,2148,5.0
75,2148,3.5
85,2148,4.0
97,2148,2.5
122,2148,3.5
147,2148,3.0
153,2148,3.5
160,2148,4.5
164,2148,3.0
175,2148,4.5
194,2148,4.0
198,2148,4.0
204,2148,4.0
207,2148,3.5
235,2148,1.5
237,2148,3.0
239,2148,3.0
254,2148,4.5
255,2148,3.0
272,2148,5.0
275,2148,5.0
284,2148,0.5
295,2148,4.5
299,2148,3.5
303,2148,0.5
316,2148,4.5
327,2148,2.5
362,2148,4.0
377,2148,4.0
382,2148,5.0
404,2148,4.5
411,2148,4.0
412,2148,2.5
419,2148,4.5
427,2148,5.0
428,2148,3.0
434,2148,2.5
442,2148,3.5
21,2149,2.0
75,2149,3.5
86,2149,4.5
172,2149,5.0
194,2149,3.5
228,2149,4.0
287,2149,5.0
353,2149,5.0
373,2149,4.0
375,2149,4.0
434,2149,3.0
6,2150,2.0
47,2150,3.5
100,2150,4.0
164,2150,2.0
175,2150,3.5
212,2150,0.5
217,2150,3.5
219,2150,3.0
15,2151,2.5
175,2151,3.0
47,2152,3.5
41,2153,4.0
47,2153,2.5
74,2153,3.5
76,2153,3.5
122,2153,3.0
164,2153,3.0
204,2153,3.0
277,2153,4.0
347,2153,4.0
380,2153,4.0
427,2153,4.0
438,2153,4.0
432,2154,4.0
142,2155,4.0
194,2155,3.5
12,2156,2.5
15,2156,4.0
18,2156,3.5
33,2156,2.0
34,2156,5.0
42,2156,4.0
47,2156,1.0
60,2156,2.0
70,2156,1.5
73,2156,2.5
97,2156,1.5
139,2156,1.0
148,2156,3.5
153,2156,3.5
154,2156,4.0
159,2156,2.5
175,2156,3.0
182,2156,3.0
194,2156,3.5
212,2156,4.5
219,2156,3.5
242,2156,3.0
275,2156,4.0
279,2156,3.0
284,2156,2.0
289,2156,2.5
299,2156,2.5
327,2156,2.0
347,2156,4.0
348,2156,4.0
353,2156,3.5
357,2156,0.5
377,2156,3.0
392,2156,3.5
412,2156,2.5
416,2156,1.0
428,2156,3.0
434,2156,2.0
442,2156,3.0
432,2157,4.0
27,2158,3.0
30,2158,3.5
47,2158,2.5
79,2158,2.5
122,2158,2.5
139,2158,3.0
212,2158,0.5
277,2158,3.5
357,2158,2.5
380,2158,0.5
435,2158,2.5
194,2159,2.0
279,2159,3.0
442,2159,4.5
47,2160,3.5
339,2161,3.0
12,2162,4.0
15,2162,3.5
33,2162,2.5
35,2162,4.0
47,2162,3.5
51,2162,2.5
64,2162,3.5
73,2162,3.0
75,2162,3.5
76,2162,5.0
79,2162,2.5
85,2162,4.0
89,2162,4.0
96,2162,5.0
97,2162,2.5
99,2162,3.0
100,2162,1.0
122,2162,4.0
147,2162,4.0
154,2162,3.5
159,2162,4.0
164,2162,3.0
172,2162,5.0
175,2162,4.0
182,2162,3.5
194,2162,3.0
207,2162,3.5
217,2162,3.5
228,2162,3.5
237,2162,2.5
240,2162,4.0
242,2162,3.5
254,2162,3.5
290,2162,3.5
299,2162,4.0
303,2162,0.5
311,2162,2.5
316,2162,3.5
327,2162,3.0
341,2162,4.5
347,2162,4.0
348,2162,4.0
353,2162,4.0
357,2162,3.0
380,2162,0.5
383,2162,4.0
386,2162,3.0
392,2162,4.0
395,2162,4.5
412,2162,3.5
416,2162,2.5
427,2162,5.0
432,2162,4.0
442,2162,3.5
258,2163,3.5
292,2164,5.0
15,2165,3.0
27,2165,2.5
34,2165,3.0
35,2165,3.0
47,2165,1.0
156,2165,2.0
175,2165,4.0
212,2165,3.0
217,2165,4.0
228,2165,3.0
230,2165,3.0
247,2165,5.0
327,2165,2.0
392,2165,4.0
398,2165,0.5
442,2166,3.5
164,2167,4.0
281,2168,4.0
58,2169,4.5
194,2170,3.5
217,2170,3.5
219,2170,2.0
348,2170,3.5
442,2170,2.5
12,2171,3.5
21,2171,3.0
41,2171,3.5
47,2171,3.0
70,2171,4.0
73,2171,3.5
97,2171,1.5
127,2171,2.5
139,2171,4.0
154,2171,3.0
164,2171,3.5
175,2171,3.5
194,2171,3.5
207,2171,3.0
212,2171,2.5
228,2171,3.0
231,2171,0.5
240,2171,2.5
275,2171,4.0
281,2171,3.5
299,2171,4.0
316,2171,4.0
327,2171,2.5
347,2171,4.5
348,2171,4.0
373,2171,3.0
392,2171,3.5
412,2171,3.0
416,2171,1.5
419,2171,4.0
428,2171,3.0
432,2171,3.0
434,2171,3.0
438,2171,3.5
442,2171,3.5
21,2172,3.5
9,2173,3.5
10,2173,4.0
11,2173,3.5
16,2173,2.0
19,2173,5.0
21,2173,4.0
23,2173,5.0
35,2173,4.0
41,2173,4.5
42,2173,4.0
46,2173,3.5
47,2173,4.5
61,2173,3.0
73,2173,4.0
75,2173,5.0
79,2173,3.5
82,2173,3.5
85,2173,4.0
86,2173,5.0
89,2173,4.0
93,2173,0.5
99,2173,5.0
100,2173,2.0
103,2173,4.5
111,2173,2.0
145,2173,5.0
147,2173,4.0
153,2173,4.5
154,2173,5.0
161,2173,4.0
164,2173,3.5
165,2173,4.0
172,2173,5.0
173,2173,3.0
174,2173,4.5
175,2173,4.0
182,2173,4.5
184,2173,5.0
194,2173,3.5
198,2173,4.0
204,2173,4.5
206,2173,5.0
207,2173,3.5
217,2173,5.0
218,2173,5.0
219,2173,5.0
220,2173,4.0
228,2173,4.5
229,2173,5.0
237,2173,3.5
238,2173,5.0
242,2173,3.5
246,2173,4.5
250,2173,3.5
254,2173,4.0
255,2173,5.0
257,2173,3.5
259,2173,4.0
268,2173,3.5
272,2173,4.5
275,2173,5.0
277,2173,5.0
287,2173,5.0
290,2173,4.0
294,2173,2.5
299,2173,4.5
311,2173,3.5
316,2173,4.0
318,2173,3.5
322,2173,4.0
326,2173,3.5
327,2173,2.5
335,2173,5.0
339,2173,2.0
341,2173,4.5
343,2173,4.5
348,2173,5.0
353,2173,5.0
355,2173,3.5
357,2173,4.0
373,2173,3.5
378,2173,5.0
380,2173,2.5
383,2173,4.5
386,2173,3.5
387,2173,4.0
392,2173,2.5
398,2173,5.0
403,2173,4.0
404,2173,4.5
409,2173,4.0
411,2173,4.0
412,2173,5.0
416,2173,3.0
419,2173,4.5
423,2173,4.0
424,2173,4.0
427,2173,5.0
428,2173,4.0
432,2173,4.5
434,2173,4.0
436,2173,5.0
439,2173,4.0
442,2173,4.5
41,2174,3.5
47,2174,2.5
75,2174,3.0
79,2174,4.0
85,2174,3.0
89,2174,4.0
97,2174,1.5
139,2174,5.0
153,2174,3.0
154,2174,2.0
164,2174,3.5
175,2174,4.5
194,2174,3.5
217,2174,3.0
262,2174,3.5
299,2174,2.5
327,2174,2.0
386,2174,3.0
392,2174,3.5
411,2174,2.5
419,2174,4.5
442,2174,2.0
12,2175,2.5
15,2175,3.5
34,2175,5.0
41,2175,3.0
47,2175,3.0
85,2175,3.5
86,2175,3.5
97,2175,2.5
104,2175,2.5
122,2175,4.0
139,2175,3.5
164,2175,3.0
175,2175,4.0
194,2175,3.5
207,2175,3.5
212,2175,1.0
228,2175,3.0
240,2175,3.5
255,2175,3.0
275,2175,2.0
299,2175,3.0
327,2175,2.0
347,2175,4.5
357,2175,3.0
358,2175,1.5
392,2175,3.0
428,2175,3.0
434,2175,2.0
442,2175,3.0
41,2176,3.0
47,2176,3.5
51,2176,3.5
70,2176,5.0
79,2176,3.0
122,2176,3.0
153,2176,3.5
175,2176,4.0
204,2176,3.5
218,2176,3.5
242,2176,3.0
275,2176,4.0
299,2176,3.0
327,2176,3.0
357,2176,2.5
392,2176,4.5
299,2177,3.5
358,2177,1.0
299,2178,2.5
122,2179,3.0
194,2179,4.0
212,2179,4.0
275,2179,3.5
327,2179,3.0
353,2179,3.5
64,2180,4.0
73,2180,2.0
194,2181,4.0
434,2181,3.5
198,2182,4.0
212,2182,3.0
257,2182,5.0
442,2183,4.0
287,2184,4.5
337,2184,4.0
442,2184,5.0
47,2185,0.5
21,2186,4.0
6,2187,3.0
15,2187,3.5
33,2187,2.5
74,2187,4.5
122,2187,3.5
217,2187,4.0
242,2187,2.5
246,2187,3.0
299,2187,2.0
357,2187,0.5
373,2187,2.5
380,2187,3.5
386,2187,3.0
414,2187,3.5
228,2188,4.0
398,2188,5.0
442,2189,3.5
47,2190,3.0
204,2190,2.5
217,2190,3.5
275,2190,3.0
416,2190,0.5
217,2191,2.5
383,2191,4.5
194,2192,3.0
434,2192,1.5
194,2193,3.5
21,2194,2.5
21,2195,2.5
12,2196,3.5
21,2196,4.0
35,2196,4.0
41,2196,4.5
47,2196,3.5
51,2196,5.0
58,2196,4.0
75,2196,3.5
86,2196,4.5
87,2196,4.0
89,2196,3.5
97,2196,4.0
144,2196,5.0
146,2196,5.0
153,2196,4.5
154,2196,2.5
164,2196,4.5
172,2196,5.0
175,2196,4.0
194,2196,4.0
212,2196,3.5
217,2196,4.0
228,2196,5.0
240,2196,4.0
250,2196,5.0
262,2196,4.0
275,2196,3.0
284,2196,4.0
299,2196,3.5
314,2196,4.5
316,2196,4.0
348,2196,4.5
354,2196,3.0
357,2196,4.0
384,2196,5.0
386,2196,3.5
392,2196,2.0
411,2196,4.5
419,2196,5.0
428,2196,3.0
432,2196,3.5
434,2196,3.0
442,2196,3.5
21,2197,2.5
64,2198,5.0
21,2199,3.0
406,2199,4.0
1,2200,5.0
12,2200,3.0
41,2200,3.5
47,2200,2.5
51,2200,4.5
73,2200,4.0
79,2200,5.0
89,2200,4.0
164,2200,3.5
175,2200,4.0
194,2200,3.0
212,2200,3.0
228,2200,4.0
237,2200,2.5
257,2200,3.0
264,2200,3.5
277,2200,1.5
295,2200,4.0
299,2200,2.0
304,2200,4.5
309,2200,4.0
327,2200,3.0
348,2200,4.0
354,2200,4.5
411,2200,3.5
415,2200,5.0
425,2200,3.0
434,2200,2.5
204,2201,2.5
348,2201,3.5
373,2201,3.0
442,2201,2.5
16,2202,0.5
149,2202,5.0
228,2202,3.5
258,2202,3.5
337,2202,4.5
386,2202,4.0
428,2202,4.0
442,2202,4.5
275,2203,4.0
339,2204,4.0
254,2205,3.0
228,2206,3.5
235,2206,3.5
254,2207,3.0
154,2208,2.5
172,2208,2.0
275,2208,3.0
277,2208,2.5
373,2208,2.5
392,2208,3.5
438,2208,2.5
21,2209,3.0
47,2209,2.0
194,2209,3.0
442,2209,3.5
21,2210,4.5
6,2211,2.0
16,2211,1.0
27,2211,3.0
47,2211,3.0
75,2211,4.0
89,2211,5.0
104,2211,3.5
105,2211,1.0
122,2211,3.0
156,2211,2.5
170,2211,4.5
212,2211,4.0
254,2211,4.0
327,2211,3.0
373,2211,3.0
387,2211,3.0
194,2212,2.5
275,2212,4.0
348,2212,4.0
21,2213,2.0
18,2214,3.5
21,2214,2.0
41,2214,4.0
47,2214,3.0
51,2214,4.0
64,2214,3.5
79,2214,5.0
139,2214,4.0
147,2214,2.5
154,2214,3.0
164,2214,3.5
175,2214,5.0
194,2214,4.5
197,2214,3.5
198,2214,4.5
212,2214,3.0
217,2214,3.0
219,2214,4.0
228,2214,4.0
242,2214,3.0
246,2214,2.5
257,2214,4.0
264,2214,5.0
299,2214,4.0
354,2214,4.5
371,2214,3.0
386,2214,2.0
412,2214,4.0
415,2214,3.5
419,2214,5.0
442,2214,4.0
172,2215,5.0
194,2215,3.5
442,2215,3.5
414,2216,2.5
434,2217,2.0
327,2218,2.0
18,2219,3.0
21,2219,2.0
27,2219,3.0
35,2219,5.0
47,2219,2.5
79,2219,3.5
104,2219,3.0
156,2219,2.5
175,2219,4.0
194,2219,3.5
197,2219,4.5
212,2219,3.0
217,2219,5.0
219,2219,4.0
228,2219,4.0
239,2219,4.0
257,2219,3.5
264,2219,3.5
277,2219,5.0
291,2219,2.0
295,2219,4.0
299,2219,4.0
306,2219,0.5
327,2219,3.5
348,2219,4.5
353,2219,4.5
357,2219,4.0
362,2219,4.5
392,2219,4.0
415,2219,1.5
428,2219,3.0
434,2219,2.5
442,2219,4.5
15,2220,1.0
154,2220,3.0
212,2220,2.5
275,2220,2.5
299,2220,2.0
357,2220,1.5
392,2220,4.0
21,2221,4.0
21,2222,3.5
21,2223,2.5
75,2223,3.5
228,2223,2.5
337,2223,4.0
434,2223,2.5
27,2224,4.0
47,2224,2.5
86,2224,4.5
97,2224,3.0
194,2224,3.5
238,2224,5.0
299,2224,3.5
332,2224,3.5
355,2224,4.0
371,2224,5.0
373,2224,3.5
383,2224,2.0
386,2224,4.0
391,2224,5.0
413,2224,5.0
434,2224,3.5
442,2224,5.0
153,2225,2.0
21,2226,2.0
175,2226,3.5
194,2226,3.5
228,2226,3.5
275,2226,3.0
277,2226,3.5
291,2226,3.5
299,2226,3.0
392,2226,3.5
6,2227,2.5
47,2227,3.0
51,2227,4.0
79,2227,3.5
100,2227,3.5
164,2227,2.5
194,2227,2.0
212,2227,0.5
299,2227,2.0
414,2227,1.5
79,2228,4.0
212,2228,1.5
406,2229,4.0
442,2230,1.5
327,2231,2.5
392,2231,4.5
442,2231,3.0
442,2232,3.5
16,2233,0.5
21,2233,2.5
27,2233,3.0
42,2233,3.5
51,2233,4.0
54,2233,3.0
64,2233,2.5
73,2233,4.0
75,2233,3.0
79,2233,2.5
85,2233,3.5
86,2233,5.0
89,2233,2.0
104,2233,4.0
122,2233,3.0
139,2233,4.0
164,2233,4.0
194,2233,3.5
212,2233,3.0
217,2233,3.0
228,2233,5.0
239,2233,5.0
246,2233,3.5
255,2233,3.0
257,2233,5.0
281,2233,3.0
291,2233,4.5
299,2233,3.5
337,2233,4.5
348,2233,4.5
353,2233,4.5
357,2233,4.0
371,2233,3.0
373,2233,3.0
411,2233,4.0
428,2233,3.0
432,2233,3.5
434,2233,2.5
442,2233,3.5
153,2234,0.5
175,2234,1.0
277,2234,1.0
21,2235,3.5
169,2235,0.5
217,2235,3.0
21,2236,3.0
164,2236,4.0
327,2236,3.5
428,2236,3.0
228,2237,4.0
299,2238,2.5
438,2238,2.5
122,2239,4.0
299,2239,4.0
291,2240,3.5
339,2240,3.0
21,2241,2.0
442,2242,3.0
291,2243,3.0
164,2244,3.5
194,2244,2.5
212,2245,0.5
242,2245,3.5
442,2246,0.5
21,2247,3.0
64,2248,3.0
164,2249,3.5
175,2249,3.5
194,2249,2.5
207,2249,4.0
217,2249,2.5
291,2249,3.5
299,2249,2.5
442,2249,2.5
212,2250,1.5
228,2250,3.5
242,2250,3.0
353,2250,3.5
371,2250,1.0
392,2250,4.5
47,2251,3.0
64,2251,3.5
79,2251,3.0
154,2251,3.5
164,2251,4.0
198,2251,4.5
212,2251,1.0
299,2251,4.5
348,2251,4.0
434,2251,2.5
156,2252,3.0
212,2252,2.0
217,2252,5.0
240,2252,4.0
337,2252,4.5
47,2253,3.0
122,2253,5.0
371,2253,4.0
380,2253,2.0
139,2254,3.5
33,2255,3.5
89,2255,4.5
92,2255,3.5
153,2255,4.0
172,2255,5.0
348,2255,5.0
385,2255,5.0
434,2255,3.0
442,2255,5.0
154,2256,4.0
357,2256,1.5
21,2257,2.5
35,2257,4.0
154,2257,4.0
164,2257,4.0
175,2257,4.0
217,2257,3.5
255,2257,4.5
281,2257,2.5
295,2257,4.0
299,2257,4.0
339,2257,4.5
21,2258,2.5
217,2258,2.5
438,2258,3.5
21,2259,2.0
153,2259,2.5
275,2259,2.0
12,2260,3.5
47,2260,4.0
51,2260,4.0
79,2260,3.5
89,2260,4.5
154,2260,3.5
164,2260,4.0
175,2260,4.5
194,2260,3.5
212,2260,1.5
217,2260,3.0
228,2260,3.5
257,2260,5.0
264,2260,4.0
299,2260,3.5
327,2260,4.5
358,2260,2.0
384,2260,2.0
386,2260,3.5
392,2260,3.0
442,2260,3.5
154,2261,2.5
79,2262,4.5
89,2262,4.5
373,2262,3.0
164,2263,3.5
194,2263,3.5
212,2263,1.5
246,2263,4.0
73,2264,4.0
377,2265,2.0
33,2266,2.5
105,2266,3.0
160,2266,4.0
217,2266,4.0
235,2266,4.0
281,2266,4.0
373,2266,3.5
414,2267,2.5
21,2268,2.5
164,2268,3.5
21,2269,3.0
145,2270,4.0
145,2271,4.0
21,2272,3.5
47,2272,3.5
75,2272,4.5
175,2272,4.0
194,2272,3.0
212,2272,3.5
228,2272,4.0
327,2272,3.0
353,2272,4.5
384,2272,5.0
411,2272,3.5
419,2272,4.0
442,2272,3.0
47,2273,4.0
122,2273,3.0
142,2273,4.0
194,2273,4.0
212,2273,3.0
305,2273,4.0
327,2273,3.0
339,2273,2.0
353,2273,4.0
434,2274,1.5
438,2274,3.0
47,2275,3.5
73,2275,3.5
145,2275,4.0
154,2275,3.0
172,2275,4.5
175,2275,3.0
207,2275,3.0
230,2275,3.5
280,2275,5.0
327,2275,3.5
357,2275,3.5
427,2275,5.0
439,2275,3.0
21,2276,3.5
21,2277,3.0
75,2277,4.0
122,2277,4.0
164,2277,4.0
217,2277,3.0
281,2277,3.0
373,2277,3.0
416,2277,3.5
41,2278,4.0
47,2278,4.0
89,2278,3.0
194,2278,3.5
228,2278,4.0
246,2278,4.0
255,2278,4.5
276,2278,4.0
411,2278,4.0
15,2279,3.5
16,2279,0.5
21,2279,4.0
30,2279,4.0
33,2279,2.5
35,2279,5.0
47,2279,4.5
49,2279,5.0
75,2279,4.0
85,2279,5.0
93,2279,3.5
105,2279,1.5
111,2279,0.5
122,2279,2.5
149,2279,4.5
153,2279,5.0
156,2279,3.0
160,2279,4.5
163,2279,5.0
165,2279,3.5
167,2279,3.5
173,2279,2.5
175,2279,4.0
194,2279,4.0
197,2279,3.0
198,2279,4.5
200,2279,4.0
204,2279,4.0
207,2279,4.0
212,2279,1.0
214,2279,4.0
217,2279,5.0
220,2279,1.0
227,2279,4.0
228,2279,3.5
235,2279,4.5
237,2279,3.0
242,2279,3.5
246,2279,5.0
254,2279,3.5
257,2279,4.0
274,2279,3.5
276,2279,4.5
277,2279,4.5
299,2279,4.0
300,2279,4.5
303,2279,4.0
311,2279,2.5
316,2279,4.0
318,2279,4.5
319,2279,5.0
325,2279,4.0
335,2279,4.5
341,2279,2.0
353,2279,4.5
357,2279,3.5
358,2279,3.5
362,2279,5.0
373,2279,4.0
380,2279,4.0
392,2279,4.0
398,2279,5.0
411,2279,3.5
412,2279,4.0
413,2279,5.0
428,2279,4.5
433,2279,4.0
434,2279,3.5
436,2279,4.0
439,2279,5.0
442,2279,5.0
6,2280,3.5
15,2280,3.5
18,2280,3.0
21,2280,3.0
35,2280,4.0
41,2280,4.5
47,2280,3.0
58,2280,4.5
75,2280,4.0
85,2280,4.0
86,2280,4.5
97,2280,3.0
146,2280,4.0
154,2280,3.5
172,2280,4.5
175,2280,3.5
194,2280,3.5
207,2280,4.0
212,2280,1.5
228,2280,3.0
239,2280,3.0
246,2280,4.0
275,2280,4.0
277,2280,3.5
299,2280,4.0
327,2280,3.5
380,2280,0.5
383,2280,2.5
384,2280,4.5
386,2280,3.0
392,2280,3.5
404,2280,4.0
428,2280,3.0
434,2280,2.5
442,2280,3.5
12,2281,3.5
47,2281,4.5
79,2281,4.0
86,2281,4.0
164,2281,4.0
175,2281,4.0
197,2281,2.0
212,2281,3.5
257,2281,4.5
264,2281,2.0
295,2281,4.0
299,2281,4.0
327,2281,3.0
348,2281,4.0
354,2281,4.0
362,2281,3.5
392,2281,4.0
415,2281,3.5
419,2281,4.0
425,2281,2.5
442,2282,3.5
275,2283,4.0
434,2283,2.5
89,2284,4.5
442,2284,3.5
33,2285,2.0
327,2286,1.0
21,2287,2.0
139,2287,4.0
275,2287,4.0
346,2287,4.0
54,2288,4.5
164,2288,3.0
194,2288,2.0
79,2289,4.5
164,2289,4.0
212,2289,2.0
415,2289,4.0
75,2290,4.0
154,2291,2.0
207,2291,1.0
277,2291,3.5
399,2291,2.0
276,2292,2.5
434,2292,3.0
442,2293,4.0
122,2294,2.0
339,2294,4.0
399,2294,2.5
417,2294,4.5
438,2294,3.0
9,2295,3.0
15,2295,3.5
47,2295,3.5
70,2295,3.0
75,2295,4.0
122,2295,2.5
175,2295,3.5
207,2295,4.0
217,2295,3.0
218,2295,3.0
237,2295,2.0
341,2295,4.0
359,2295,4.0
373,2295,3.5
392,2295,4.5
412,2295,2.5
416,2295,2.5
427,2295,5.0
30,2296,3.0
104,2296,3.5
122,2296,4.0
149,2296,3.5
228,2296,4.0
235,2296,4.0
299,2296,4.0
337,2296,3.5
387,2296,5.0
389,2296,1.5
432,2296,3.0
6,2297,4.5
7,2297,5.0
41,2297,1.0
51,2297,2.0
54,2297,0.5
70,2297,2.0
75,2297,3.0
79,2297,1.5
122,2297,3.0
154,2297,3.0
164,2297,2.0
198,2297,4.0
212,2297,0.5
217,2297,3.0
255,2297,2.0
299,2297,2.5
362,2297,4.0
373,2297,1.5
386,2297,1.5
408,2297,2.5
414,2297,1.0
438,2297,3.0
442,2298,3.5
21,2299,3.5
175,2299,3.0
228,2299,3.5
275,2299,2.0
434,2299,2.0
442,2299,2.0
15,2300,2.5
64,2300,2.5
79,2300,3.5
105,2301,1.0
147,2301,3.0
164,2301,4.0
228,2301,4.0
246,2301,4.5
380,2301,4.0
73,2302,1.0
64,2303,3.5
219,2303,3.5
228,2304,3.5
392,2304,3.5
438,2304,3.0
12,2305,4.5
304,2305,5.0
154,2306,3.5
194,2306,3.0
207,2306,2.0
212,2306,2.5
275,2306,4.0
348,2306,3.0
275,2307,3.0
380,2307,2.0
33,2308,3.5
42,2309,4.5
212,2309,3.0
275,2309,5.0
327,2309,3.5
434,2309,2.5
21,2310,3.0
164,2310,2.5
175,2310,3.0
228,2310,3.0
255,2310,3.0
316,2310,2.5
442,2310,2.5
217,2311,5.0
217,2312,5.0
16,2313,3.5
21,2313,2.5
47,2313,3.5
122,2313,3.5
153,2313,5.0
276,2313,3.0
281,2313,2.5
9,2314,4.0
12,2314,3.5
21,2314,4.0
44,2314,4.5
73,2314,5.0
75,2314,4.0
85,2314,4.5
92,2314,3.5
122,2314,3.0
138,2314,3.5
144,2314,4.5
147,2314,4.0
156,2314,4.0
160,2314,3.5
164,2314,4.5
165,2314,3.5
175,2314,4.5
194,2314,4.0
197,2314,4.0
198,2314,4.0
207,2314,2.0
212,2314,3.0
217,2314,5.0
227,2314,3.0
228,2314,4.0
235,2314,3.5
238,2314,4.0
246,2314,4.0
255,2314,5.0
262,2314,4.0
292,2314,4.0
299,2314,4.0
304,2314,4.0
316,2314,4.0
326,2314,4.5
353,2314,5.0
358,2314,3.5
362,2314,4.5
389,2314,3.5
404,2314,3.0
411,2314,3.5
412,2314,3.0
419,2314,4.5
426,2314,4.5
428,2314,4.0
439,2314,4.5
22,2315,4.5
35,2315,4.0
104,2315,4.0
122,2315,3.5
153,2315,4.0
217,2315,3.5
235,2315,4.0
299,2315,4.0
428,2315,4.0
47,2316,3.5
156,2316,2.5
164,2316,4.0
219,2316,4.0
254,2316,3.5
358,2316,3.5
380,2316,1.5
392,2317,4.0
21,2318,4.0
75,2318,4.0
104,2318,4.0
122,2318,4.5
164,2318,4.0
175,2318,4.0
228,2318,3.5
246,2318,4.5
274,2318,4.5
341,2318,5.0
373,2318,3.5
11,2319,3.5
12,2319,3.5
21,2319,3.0
27,2319,1.0
47,2319,4.0
75,2319,4.0
79,2319,4.0
85,2319,3.5
93,2319,2.5
104,2319,4.5
122,2319,3.5
154,2319,3.0
156,2319,4.5
164,2319,3.5
194,2319,3.5
212,2319,3.0
217,2319,5.0
227,2319,5.0
228,2319,3.5
235,2319,3.0
299,2319,4.0
316,2319,4.0
318,2319,4.5
327,2319,4.0
337,2319,4.0
348,2319,4.5
357,2319,4.5
358,2319,4.0
419,2319,5.0
428,2319,3.5
434,2319,4.0
435,2319,3.0
439,2319,3.0
442,2319,4.0
12,2320,3.5
18,2320,4.0
21,2320,4.5
41,2320,4.5
51,2320,3.5
75,2320,4.0
86,2320,4.5
105,2320,2.5
111,2320,4.0
122,2320,3.5
164,2320,4.0
182,2320,4.5
194,2320,3.5
198,2320,3.5
207,2320,3.5
217,2320,3.0
228,2320,3.5
239,2320,3.0
242,2320,3.5
246,2320,4.5
257,2320,3.0
277,2320,5.0
281,2320,4.0
298,2320,5.0
299,2320,3.5
303,2320,3.5
325,2320,4.0
341,2320,3.5
353,2320,4.0
371,2320,1.0
373,2320,2.5
380,2320,3.5
387,2320,3.0
392,2320,4.5
415,2320,1.5
428,2320,3.5
432,2320,3.0
6,2321,0.5
18,2321,3.0
27,2321,3.0
41,2321,4.5
47,2321,5.0
51,2321,4.0
75,2321,3.5
87,2321,4.0
111,2321,4.0
142,2321,3.5
148,2321,4.5
156,2321,4.0
164,2321,3.5
175,2321,4.0
182,2321,4.5
212,2321,3.0
217,2321,4.5
218,2321,2.5
219,2321,4.5
228,2321,3.5
246,2321,3.5
255,2321,3.0
257,2321,4.0
304,2321,3.5
306,2321,4.0
327,2321,3.5
358,2321,3.0
359,2321,5.0
373,2321,2.5
392,2321,5.0
411,2321,2.5
413,2321,4.0
415,2321,3.0
425,2321,3.0
21,2322,2.5
60,2322,4.0
122,2322,4.0
154,2322,3.5
164,2322,3.0
175,2322,3.5
217,2322,4.0
299,2322,3.0
316,2322,3.5
327,2322,3.5
442,2322,3.0
75,2323,4.5
416,2323,2.5
434,2323,3.5
21,2324,3.5
47,2324,2.5
228,2325,3.5
73,2326,3.5
79,2326,4.0
164,2326,3.0
175,2326,3.0
207,2326,3.5
219,2326,4.0
247,2326,4.0
264,2326,2.5
339,2326,4.0
413,2326,3.5
417,2326,2.0
194,2327,3.5
228,2327,4.0
257,2327,3.0
89,2328,5.0
122,2328,3.5
156,2328,3.0
217,2328,3.0
299,2328,4.0
47,2329,4.5
194,2329,3.5
258,2329,5.0
416,2329,2.5
373,2330,3.0
21,2331,3.5
58,2331,3.5
60,2331,4.0
79,2331,3.5
164,2331,4.0
217,2331,4.5
246,2331,4.5
228,2332,4.5
27,2333,3.5
51,2333,3.5
64,2333,4.0
79,2333,2.5
105,2333,0.5
111,2333,5.0
122,2333,4.0
198,2333,3.5
207,2333,3.0
218,2333,2.0
359,2333,4.0
373,2333,2.0
380,2333,2.5
415,2333,4.0
122,2334,4.0
147,2334,3.5
172,2334,5.0
211,2334,5.0
212,2334,3.0
217,2334,5.0
353,2334,5.0
373,2334,3.5
385,2334,5.0
386,2334,3.0
416,2334,2.0
438,2335,3.0
35,2336,3.5
75,2336,4.5
89,2336,4.0
212,2336,2.0
217,2336,5.0
240,2336,3.5
275,2336,5.0
295,2336,4.0
392,2336,4.0
442,2336,4.0
73,2337,3.0
79,2338,3.5
122,2338,3.5
198,2338,3.5
414,2338,3.5
64,2339,2.5
12,2340,4.0
219,2341,2.0
228,2342,4.0
89,2343,4.5
212,2343,4.0
228,2343,3.5
353,2343,5.0
145,2344,2.0
21,2345,2.5
58,2345,4.5
164,2345,3.5
175,2345,3.5
255,2345,3.0
275,2345,4.0
427,2345,4.5
277,2346,3.5
353,2346,3.0
380,2346,4.0
392,2346,4.0
438,2346,3.0
73,2347,2.5
164,2347,2.5
175,2347,2.5
207,2347,3.0
354,2347,4.0
392,2347,4.0
416,2347,0.5
175,2348,3.0
219,2349,3.5
21,2350,3.0
212,2350,3.0
217,2350,4.0
316,2351,4.0
16,2352,2.0
27,2352,4.0
47,2352,3.0
51,2352,1.5
61,2352,4.5
75,2352,3.0
85,2352,3.0
86,2352,4.5
97,2352,2.5
122,2352,4.0
164,2352,3.0
178,2352,4.5
179,2352,4.5
184,2352,4.5
219,2352,4.5
255,2352,3.0
258,2352,4.0
276,2352,5.0
281,2352,4.0
290,2352,4.0
309,2352,4.5
314,2352,3.5
353,2352,4.5
357,2352,4.0
362,2352,3.0
373,2352,4.0
380,2352,1.0
386,2352,3.5
392,2352,4.5
411,2352,3.5
419,2352,4.5
426,2352,4.0
432,2352,4.0
435,2352,4.0
442,2352,4.0
175,2353,3.5
434,2353,2.5
47,2354,3.0
164,2354,3.0
6,2355,3.5
47,2355,2.0
79,2355,2.5
164,2355,4.0
218,2355,3.0
259,2355,4.0
299,2355,3.0
316,2355,3.0
380,2355,0.5
386,2355,2.0
413,2355,3.5
438,2356,3.5
122,2357,3.0
153,2357,4.0
194,2357,3.5
212,2357,4.0
327,2357,3.0
353,2357,3.5
442,2358,3.5
110,2359,4.0
33,2360,2.5
75,2361,3.5
172,2361,5.0
179,2361,4.5
212,2361,2.5
217,2361,5.0
194,2362,3.0
164,2363,3.5
212,2363,3.5
264,2363,3.5
299,2363,3.5
442,2363,3.5
85,2364,5.0
228,2364,3.5
384,2365,4.0
47,2366,3.0
105,2366,3.0
299,2366,4.0
384,2366,4.0
156,2367,4.0
228,2367,4.0
194,2368,3.0
275,2368,3.0
327,2369,4.0
353,2369,4.0
392,2369,4.5
434,2369,3.0
442,2369,3.5
64,2370,3.5
392,2370,2.0
12,2371,4.0
15,2371,0.5
47,2371,5.0
70,2371,4.0
97,2371,3.5
122,2371,4.0
154,2371,3.0
175,2371,3.5
275,2371,4.0
284,2371,5.0
299,2371,4.0
311,2371,4.0
335,2371,4.5
346,2371,4.5
348,2371,5.0
353,2371,4.0
373,2371,4.5
383,2371,5.0
384,2371,4.5
386,2371,3.5
391,2371,3.0
394,2371,5.0
432,2371,3.5
434,2371,2.5
64,2372,5.0
442,2372,3.5
47,2373,3.5
64,2373,2.5
79,2373,3.5
86,2373,4.5
89,2373,2.0
111,2373,3.0
164,2373,4.0
175,2373,4.0
194,2373,3.0
198,2373,4.0
212,2373,4.0
299,2373,3.5
348,2373,3.5
392,2373,4.0
415,2373,3.0
419,2373,4.0
442,2373,4.0
442,2374,3.5
164,2375,3.0
194,2375,2.0
434,2376,2.5
164,2377,3.0
175,2377,3.0
207,2377,2.5
217,2377,2.5
228,2377,3.0
255,2377,3.0
384,2377,2.0
392,2377,3.5
442,2377,3.0
12,2378,4.5
27,2378,4.0
47,2378,4.5
54,2378,3.0
75,2378,4.0
79,2378,3.0
85,2378,5.0
147,2378,4.0
160,2378,4.0
167,2378,3.0
198,2378,4.5
212,2378,2.0
217,2378,5.0
235,2378,5.0
254,2378,4.0
275,2378,2.0
299,2378,4.5
327,2378,4.0
362,2378,5.0
384,2378,4.0
389,2378,4.0
411,2378,4.0
434,2378,3.0
436,2378,4.5
439,2378,4.0
47,2379,3.5
122,2379,4.0
164,2379,4.0
212,2379,2.0
142,2380,3.5
272,2380,4.0
380,2380,1.0
439,2380,3.0
327,2381,2.0
47,2382,3.0
70,2382,2.0
219,2382,4.0
327,2382,3.5
373,2382,3.0
392,2382,4.0
412,2382,2.5
427,2382,4.0
228,2383,4.0
21,2384,3.0
339,2384,2.5
47,2385,5.0
337,2386,4.0
411,2386,3.5
89,2387,5.0
175,2387,3.0
212,2387,0.5
327,2387,2.0
41,2388,4.0
122,2388,2.0
164,2388,4.0
175,2388,2.5
212,2388,2.5
228,2388,4.0
257,2388,3.5
264,2388,2.5
299,2388,4.0
327,2388,3.5
348,2388,4.5
386,2388,2.0
412,2388,3.0
415,2388,5.0
434,2388,3.0
122,2389,3.0
164,2389,2.5
198,2389,3.5
217,2389,5.0
212,2390,0.5
75,2391,4.0
175,2391,4.0
217,2391,4.0
255,2391,1.5
264,2391,3.0
275,2391,3.0
277,2391,3.0
299,2391,3.0
392,2391,4.0
442,2391,3.0
42,2392,4.0
228,2392,4.5
299,2392,4.0
304,2392,5.0
411,2392,4.0
12,2393,4.5
212,2393,0.5
228,2393,4.0
299,2393,3.5
353,2393,4.5
51,2394,3.5
122,2394,3.0
164,2394,4.0
198,2394,4.5
217,2394,3.5
299,2394,3.5
373,2394,3.5
413,2394,3.5
414,2394,2.5
415,2394,4.0
1,2395,4.5
11,2395,4.0
12,2395,3.5
16,2395,4.0
18,2395,3.0
19,2395,5.0
27,2395,4.0
41,2395,4.0
46,2395,4.0
47,2395,4.5
51,2395,5.0
54,2395,4.0
63,2395,4.5
73,2395,5.0
75,2395,4.0
79,2395,4.5
80,2395,4.5
85,2395,4.0
87,2395,4.0
89,2395,2.5
93,2395,3.5
118,2395,5.0
122,2395,3.5
142,2395,5.0
143,2395,4.0
144,2395,5.0
147,2395,4.0
156,2395,4.5
164,2395,4.5
165,2395,3.5
170,2395,4.5
172,2395,5.0
173,2395,4.0
175,2395,5.0
182,2395,4.5
194,2395,5.0
197,2395,4.0
200,2395,3.5
210,2395,5.0
212,2395,3.0
217,2395,5.0
227,2395,5.0
228,2395,4.0
235,2395,4.0
237,2395,4.5
238,2395,5.0
240,2395,3.5
246,2395,3.5
254,2395,3.5
255,2395,5.0
262,2395,4.0
265,2395,4.5
275,2395,3.0
277,2395,5.0
292,2395,3.5
298,2395,5.0
299,2395,4.0
302,2395,5.0
304,2395,3.5
309,2395,4.5
318,2395,5.0
323,2395,4.5
326,2395,4.5
327,2395,3.5
334,2395,4.5
336,2395,0.5
343,2395,4.0
353,2395,4.0
362,2395,4.5
368,2395,4.5
377,2395,4.0
380,2395,0.5
383,2395,4.5
384,2395,4.5
392,2395,4.0
398,2395,4.0
411,2395,4.0
412,2395,3.5
413,2395,4.0
419,2395,5.0
424,2395,4.0
426,2395,5.0
427,2395,4.0
428,2395,4.5
432,2395,3.0
434,2395,3.5
436,2395,4.0
442,2395,5.0
12,2396,4.0
228,2396,4.0
299,2396,4.0
275,2397,4.0
384,2397,4.5
21,2398,3.0
175,2398,3.0
194,2398,3.5
217,2398,4.0
299,2398,3.5
384,2398,1.0
434,2398,1.5
442,2398,4.0
9,2399,3.0
21,2399,3.0
22,2399,5.0
41,2399,2.0
75,2399,3.5
86,2399,5.0
89,2399,3.5
92,2399,3.0
97,2399,1.0
147,2399,3.5
172,2399,4.5
175,2399,4.0
187,2399,5.0
197,2399,4.5
212,2399,4.0
217,2399,4.0
227,2399,4.0
228,2399,4.5
246,2399,5.0
275,2399,5.0
284,2399,5.0
292,2399,4.0
295,2399,4.0
299,2399,4.5
318,2399,5.0
332,2399,4.0
335,2399,3.5
348,2399,4.5
386,2399,4.5
411,2399,4.0
434,2399,3.0
442,2399,4.0
371,2400,4.0
420,2400,4.5
12,2401,4.0
21,2401,3.5
41,2401,3.5
47,2401,3.5
51,2401,4.0
85,2401,4.0
97,2401,0.5
175,2401,3.5
194,2401,2.5
197,2401,3.0
212,2401,2.5
217,2401,4.0
240,2401,2.0
275,2401,4.0
276,2401,4.0
299,2401,2.5
316,2401,2.5
327,2401,2.5
348,2401,3.5
386,2401,2.5
392,2401,3.0
416,2401,1.5
419,2401,2.0
432,2401,2.5
434,2401,2.5
442,2401,1.0
316,2402,4.0
11,2403,4.5
12,2403,3.5
16,2403,0.5
18,2403,4.0
21,2403,3.5
23,2403,5.0
35,2403,5.0
42,2403,3.5
47,2403,4.0
51,2403,5.0
56,2403,4.0
89,2403,3.5
97,2403,3.0
145,2403,4.5
146,2403,4.0
149,2403,4.0
154,2403,5.0
164,2403,5.0
173,2403,4.0
175,2403,4.0
182,2403,4.0
193,2403,4.0
194,2403,4.0
204,2403,3.5
207,2403,4.0
217,2403,4.0
220,2403,4.0
227,2403,3.0
228,2403,3.5
230,2403,4.0
237,2403,4.0
239,2403,4.0
246,2403,4.0
264,2403,2.0
274,2403,4.0
275,2403,4.0
276,2403,3.5
284,2403,5.0
299,2403,4.0
318,2403,3.0
319,2403,4.5
323,2403,4.5
327,2403,3.5
341,2403,4.0
347,2403,4.0
348,2403,4.5
373,2403,3.5
377,2403,4.0
384,2403,3.5
386,2403,3.0
392,2403,4.5
412,2403,4.0
416,2403,1.0
419,2403,4.5
424,2403,4.5
428,2403,4.0
432,2403,4.0
434,2403,3.5
442,2403,4.0
228,2404,3.5
172,2405,5.0
194,2405,3.5
442,2405,3.5
353,2406,3.5
16,2407,4.0
434,2408,2.0
41,2409,4.0
47,2409,3.0
75,2409,4.5
79,2409,4.0
87,2409,4.5
156,2409,3.0
175,2409,3.5
207,2409,3.5
212,2409,0.5
217,2409,3.0
228,2409,3.0
276,2409,4.0
277,2409,3.5
295,2409,3.0
327,2409,2.0
373,2409,3.0
438,2409,3.5
212,2410,2.0
434,2411,2.0
47,2412,4.0
64,2412,2.0
175,2412,3.0
212,2412,0.5
264,2412,2.5
299,2412,3.5
327,2412,3.0
419,2412,4.5
15,2413,3.5
21,2413,4.5
47,2413,3.5
56,2413,2.0
97,2413,2.5
154,2413,3.5
164,2413,4.0
175,2413,3.0
182,2413,3.0
194,2413,2.5
217,2413,4.0
255,2413,3.5
275,2413,3.0
276,2413,3.5
347,2413,3.5
348,2413,4.0
412,2413,2.0
442,2413,3.0
15,2414,3.5
64,2414,4.0
122,2414,4.0
164,2414,3.5
175,2414,2.5
207,2414,4.0
212,2414,0.5
327,2414,3.0
373,2414,3.0
380,2414,3.0
432,2415,3.5
41,2416,4.0
284,2416,5.0
442,2416,4.0
411,2417,4.0
30,2418,3.5
299,2418,3.5
47,2419,4.0
164,2419,3.5
194,2419,3.5
219,2419,4.5
434,2419,2.5
442,2419,4.5
6,2420,4.0
9,2420,3.5
10,2420,4.0
12,2420,4.0
15,2420,4.5
16,2420,2.0
19,2420,5.0
23,2420,5.0
27,2420,4.0
35,2420,4.0
41,2420,5.0
42,2420,4.0
47,2420,3.0
51,2420,4.0
60,2420,4.5
73,2420,3.5
74,2420,4.0
75,2420,3.5
79,2420,4.0
80,2420,4.0
85,2420,5.0
86,2420,5.0
89,2420,4.0
90,2420,0.5
93,2420,3.5
97,2420,2.5
99,2420,5.0
100,2420,5.0
103,2420,4.0
105,2420,2.5
106,2420,5.0
111,2420,3.0
122,2420,4.0
131,2420,4.5
136,2420,4.0
142,2420,4.0
144,2420,4.0
147,2420,3.0
156,2420,2.5
164,2420,4.5
172,2420,5.0
173,2420,4.0
175,2420,3.5
182,2420,4.0
184,2420,5.0
194,2420,3.5
204,2420,4.5
206,2420,4.0
207,2420,4.0
212,2420,3.0
217,2420,5.0
218,2420,4.0
219,2420,5.0
220,2420,3.5
228,2420,4.0
237,2420,4.5
246,2420,3.0
250,2420,5.0
255,2420,4.0
258,2420,3.5
264,2420,3.0
274,2420,4.0
275,2420,5.0
276,2420,4.5
277,2420,4.5
287,2420,5.0
290,2420,4.0
294,2420,3.0
299,2420,4.0
311,2420,2.5
316,2420,4.0
318,2420,3.5
319,2420,4.0
327,2420,3.0
334,2420,5.0
335,2420,4.5
341,2420,5.0
353,2420,5.0
357,2420,4.5
358,2420,3.5
364,2420,5.0
373,2420,3.5
375,2420,4.5
380,2420,5.0
386,2420,3.5
387,2420,3.5
391,2420,5.0
392,2420,3.0
394,2420,5.0
395,2420,5.0
403,2420,4.5
404,2420,4.0
411,2420,3.5
412,2420,4.5
414,2420,3.5
416,2420,3.0
419,2420,4.5
423,2420,4.0
424,2420,3.5
427,2420,5.0
428,2420,4.0
432,2420,3.5
434,2420,3.0
436,2420,5.0
442,2420,3.5
127,2421,2.0
373,2421,3.5
47,2422,5.0
100,2422,5.0
164,2422,3.5
175,2422,3.5
212,2422,1.5
327,2422,3.0
327,2423,1.5
12,2424,3.0
15,2424,3.5
16,2424,0.5
27,2424,3.0
30,2424,0.5
33,2424,1.0
35,2424,5.0
41,2424,4.0
47,2424,4.5
51,2424,3.0
54,2424,3.0
58,2424,4.0
64,2424,3.5
73,2424,4.0
75,2424,4.5
79,2424,4.5
85,2424,5.0
86,2424,4.5
99,2424,3.5
100,2424,5.0
122,2424,4.0
138,2424,2.5
146,2424,4.0
147,2424,3.0
156,2424,4.5
164,2424,4.0
165,2424,3.0
173,2424,4.0
175,2424,4.0
187,2424,3.5
194,2424,3.5
198,2424,4.0
200,2424,4.0
204,2424,4.0
207,2424,3.5
212,2424,3.0
217,2424,5.0
219,2424,5.0
227,2424,2.0
228,2424,3.5
237,2424,1.0
240,2424,4.0
242,2424,4.0
246,2424,3.5
247,2424,2.5
254,2424,3.5
258,2424,3.5
264,2424,3.5
275,2424,4.0
298,2424,5.0
299,2424,4.0
309,2424,3.5
316,2424,4.5
318,2424,4.5
327,2424,3.0
341,2424,4.0
348,2424,4.5
353,2424,4.5
354,2424,4.0
358,2424,3.0
362,2424,5.0
373,2424,1.0
377,2424,4.0
382,2424,5.0
384,2424,4.0
386,2424,3.0
392,2424,4.0
393,2424,4.0
395,2424,5.0
414,2424,2.5
415,2424,3.5
419,2424,4.5
425,2424,3.0
428,2424,3.0
434,2424,3.0
442,2424,4.0
434,2425,2.5
75,2426,5.0
165,2426,3.0
292,2426,4.0
411,2426,4.0
442,2426,3.0
73,2427,4.0
64,2428,5.0
194,2429,3.5
194,2430,4.0
217,2430,5.0
392,2430,4.0
442,2430,4.0
51,2431,1.0
175,2431,3.5
207,2431,2.5
228,2431,3.5
295,2431,4.0
392,2431,3.5
415,2431,4.5
64,2432,4.0
87,2433,4.0
164,2433,3.5
275,2433,3.0
299,2433,3.0
327,2433,2.5
337,2433,3.0
47,2434,4.5
6,2435,4.5
15,2435,3.5
18,2435,3.0
47,2435,3.0
64,2435,3.0
79,2435,3.5
122,2435,3.5
164,2435,3.5
218,2435,5.0
246,2435,4.0
299,2435,1.5
359,2435,4.5
373,2435,2.5
382,2435,3.0
386,2435,3.0
415,2435,5.0
79,2436,4.0
164,2436,3.0
212,2436,0.5
228,2436,3.5
276,2436,2.5
392,2436,3.0
419,2436,3.0
64,2437,5.0
35,2438,4.0
42,2438,4.0
47,2438,4.0
51,2438,4.5
86,2438,4.5
97,2438,1.0
104,2438,5.0
122,2438,5.0
138,2438,4.5
146,2438,4.0
164,2438,4.5
172,2438,5.0
175,2438,4.5
194,2438,4.0
217,2438,5.0
227,2438,3.0
228,2438,3.5
235,2438,3.5
246,2438,4.5
274,2438,4.0
275,2438,4.0
299,2438,4.5
316,2438,4.5
318,2438,5.0
327,2438,4.0
362,2438,4.5
377,2438,4.0
384,2438,2.5
393,2438,3.5
411,2438,4.0
419,2438,4.0
428,2438,4.0
434,2438,3.0
442,2438,4.5
432,2439,3.5
89,2440,2.5
442,2440,3.0
15,2441,3.5
97,2441,1.5
148,2441,3.5
154,2441,3.0
164,2441,3.5
175,2441,3.0
194,2441,3.0
207,2441,3.5
212,2441,2.0
299,2441,2.5
327,2441,1.0
337,2441,3.0
347,2441,4.0
348,2441,3.0
362,2441,1.0
392,2441,2.0
412,2441,1.0
416,2441,1.0
419,2441,1.5
442,2441,2.0
75,2442,5.0
228,2442,4.0
327,2443,3.0
439,2443,3.0
175,2444,2.5
212,2444,1.5
414,2444,3.5
12,2445,4.0
89,2445,2.5
122,2445,3.5
164,2445,4.0
197,2445,3.0
228,2445,3.5
276,2445,1.0
299,2445,3.0
327,2445,3.0
15,2446,4.0
33,2446,1.0
47,2446,3.0
51,2446,1.0
64,2446,4.0
70,2446,1.5
75,2446,4.0
105,2446,0.5
212,2446,0.5
218,2446,3.0
228,2446,4.0
373,2446,2.5
427,2446,3.5
439,2446,4.0
58,2447,3.5
75,2448,1.0
30,2449,4.0
64,2450,4.5
228,2451,3.5
9,2452,4.0
12,2452,4.0
16,2452,0.5
27,2452,3.5
41,2452,4.5
47,2452,4.0
49,2452,4.0
51,2452,4.0
64,2452,2.5
66,2452,4.0
75,2452,5.0
89,2452,1.0
99,2452,3.0
100,2452,5.0
103,2452,3.5
105,2452,3.5
111,2452,5.0
122,2452,3.5
148,2452,4.5
164,2452,5.0
175,2452,4.0
198,2452,4.0
212,2452,2.0
227,2452,3.0
228,2452,4.0
239,2452,4.0
258,2452,3.5
259,2452,4.5
299,2452,4.0
327,2452,2.5
337,2452,1.5
348,2452,5.0
353,2452,4.5
357,2452,4.5
358,2452,4.0
359,2452,4.0
373,2452,2.5
386,2452,4.0
394,2452,4.5
415,2452,4.0
434,2452,2.5
442,2452,3.5
47,2453,4.0
86,2453,4.5
164,2453,2.5
194,2453,4.0
228,2453,4.0
246,2453,4.5
276,2453,2.0
327,2453,3.0
419,2453,4.5
442,2453,3.5
392,2454,4.0
438,2454,3.5
6,2455,3.0
15,2455,4.0
41,2455,4.5
47,2455,4.0
60,2455,3.5
73,2455,1.5
75,2455,4.0
76,2455,5.0
79,2455,4.0
82,2455,2.0
97,2455,3.0
99,2455,4.0
103,2455,4.0
106,2455,5.0
122,2455,5.0
132,2455,5.0
143,2455,4.0
145,2455,4.5
147,2455,3.5
148,2455,2.5
164,2455,3.5
173,2455,5.0
175,2455,4.0
194,2455,3.5
206,2455,5.0
207,2455,4.0
212,2455,3.0
217,2455,3.0
228,2455,3.5
229,2455,4.5
237,2455,4.0
246,2455,2.5
255,2455,4.0
258,2455,4.5
259,2455,3.5
264,2455,2.5
275,2455,4.0
276,2455,5.0
277,2455,4.5
299,2455,3.5
303,2455,3.0
311,2455,5.0
341,2455,4.5
347,2455,5.0
353,2455,4.0
358,2455,3.0
359,2455,5.0
380,2455,3.0
386,2455,4.0
393,2455,4.0
394,2455,4.0
408,2455,3.5
424,2455,4.5
428,2455,4.0
432,2455,3.5
438,2455,4.5
439,2455,4.0
442,2455,4.0
304,2456,5.0
47,2457,2.5
12,2458,3.5
61,2458,4.5
172,2458,4.5
175,2458,4.0
194,2458,4.0
217,2458,2.5
228,2458,3.5
255,2458,4.0
276,2458,3.5
299,2458,4.5
327,2458,3.5
348,2458,4.0
353,2458,5.0
357,2458,3.0
411,2458,4.0
442,2458,3.0
228,2459,3.5
74,2460,2.5
416,2461,1.5
122,2462,2.5
217,2462,4.0
235,2462,3.5
275,2462,2.0
6,2463,3.0
47,2463,5.0
79,2463,3.0
100,2463,4.0
122,2463,4.0
164,2463,3.0
175,2463,3.5
354,2463,4.0
373,2463,3.5
392,2463,3.5
414,2463,3.5
415,2463,4.0
442,2464,3.5
442,2465,4.0
9,2466,3.5
12,2466,3.5
15,2466,3.5
16,2466,0.5
18,2466,4.0
21,2466,4.5
22,2466,4.0
32,2466,4.0
35,2466,5.0
47,2466,4.0
51,2466,3.5
58,2466,4.5
60,2466,3.5
75,2466,4.0
80,2466,3.5
85,2466,4.5
89,2466,4.0
97,2466,0.5
122,2466,2.5
136,2466,2.0
141,2466,4.0
142,2466,4.0
145,2466,4.0
146,2466,2.5
148,2466,4.0
160,2466,5.0
164,2466,3.5
165,2466,3.0
172,2466,4.5
175,2466,4.0
182,2466,4.0
184,2466,4.5
194,2466,3.5
197,2466,4.0
207,2466,2.0
217,2466,4.5
227,2466,2.0
228,2466,3.0
237,2466,3.0
238,2466,4.0
246,2466,3.0
264,2466,2.0
275,2466,5.0
276,2466,3.5
284,2466,5.0
299,2466,4.5
318,2466,5.0
323,2466,4.5
327,2466,3.5
347,2466,5.0
348,2466,4.5
362,2466,5.0
373,2466,3.5
384,2466,4.5
386,2466,4.0
398,2466,5.0
411,2466,4.0
412,2466,3.5
416,2466,3.0
419,2466,5.0
428,2466,4.0
432,2466,4.5
434,2466,3.0
436,2466,4.5
442,2466,4.5
6,2467,0.5
27,2467,3.0
47,2467,4.0
51,2467,3.5
122,2467,4.5
182,2467,3.0
276,2467,4.0
357,2467,3.0
370,2467,2.0
380,2467,1.0
386,2467,3.5
414,2467,3.5
164,2468,3.5
295,2469,3.5
392,2469,3.5
164,2470,3.5
21,2471,1.5
47,2471,2.0
122,2471,3.0
164,2471,2.5
175,2471,3.0
299,2471,2.5
392,2471,3.0
413,2471,3.5
175,2472,3.0
207,2472,3.0
275,2472,3.0
235,2473,5.0
47,2474,4.0
373,2474,4.0
438,2474,3.0
127,2475,3.5
228,2475,4.0
434,2475,4.0
327,2476,2.0
79,2477,4.0
156,2477,4.5
164,2477,3.5
327,2477,2.5
86,2478,4.0
122,2478,3.5
259,2478,4.5
380,2478,4.0
414,2478,3.5
432,2479,4.0
79,2480,3.5
212,2480,0.5
415,2480,4.5
212,2481,2.5
259,2482,1.0
348,2482,4.5
64,2483,3.5
292,2484,4.5
73,2485,4.0
217,2485,4.0
434,2485,3.5
299,2486,4.5
386,2486,3.0
414,2487,2.0
198,2488,2.0
228,2488,3.5
327,2488,3.5
194,2489,3.5
275,2489,1.0
442,2489,4.5
27,2490,4.0
75,2490,4.0
118,2490,4.5
220,2490,1.0
235,2490,4.5
327,2490,4.0
353,2490,5.0
9,2491,4.0
79,2491,1.5
89,2491,4.0
145,2491,3.5
164,2491,3.5
194,2491,3.5
228,2491,4.0
255,2491,4.5
276,2491,5.0
348,2491,4.0
373,2491,4.0
411,2491,2.5
432,2491,4.0
442,2491,3.0
21,2492,2.5
41,2492,4.5
175,2492,4.0
228,2492,3.0
295,2492,4.0
12,2493,4.5
275,2494,3.5
228,2495,4.0
304,2495,5.0
21,2496,3.5
58,2496,4.0
212,2496,2.0
217,2496,4.0
442,2496,3.5
12,2497,3.0
33,2497,2.5
194,2497,3.5
217,2497,4.0
228,2497,4.5
255,2497,3.0
373,2497,3.0
411,2497,4.0
442,2497,3.0
438,2498,3.0
79,2499,0.5
212,2499,1.5
194,2500,3.5
228,2500,4.5
327,2500,3.0
212,2501,1.0
327,2501,3.0
164,2502,2.0
275,2502,3.0
442,2502,3.0
164,2503,3.5
175,2503,3.5
194,2503,3.5
217,2503,4.0
392,2503,3.5
411,2503,3.0
442,2503,3.0
9,2504,2.5
33,2504,2.0
61,2504,4.5
64,2504,4.0
70,2504,3.5
89,2504,4.5
106,2504,5.0
122,2504,3.0
142,2504,4.0
154,2504,2.0
175,2504,4.0
212,2504,3.0
386,2504,3.0
392,2504,4.5
412,2504,2.5
427,2504,4.0
442,2504,4.0
354,2505,5.0
47,2506,4.5
164,2506,3.0
194,2506,3.5
212,2506,3.0
228,2506,4.0
299,2506,4.0
304,2506,4.5
434,2506,3.0
89,2507,4.5
434,2507,3.0
442,2507,4.5
434,2508,3.5
442,2509,3.0
194,2510,2.0
217,2510,2.5
304,2510,4.5
316,2510,5.0
442,2510,3.0
89,2511,4.5
212,2511,1.5
416,2512,1.0
143,2513,5.0
235,2513,4.0
304,2513,4.0
386,2513,4.0
16,2514,0.5
122,2514,2.5
156,2514,2.5
164,2514,4.0
228,2514,4.0
246,2514,4.5
299,2514,4.5
327,2514,3.0
428,2514,3.0
434,2514,3.0
442,2514,4.0
327,2515,4.0
228,2516,3.5
434,2517,2.5
228,2518,3.5
194,2519,2.5
51,2520,4.0
164,2520,3.5
212,2520,1.0
299,2520,4.0
327,2520,3.0
89,2521,4.5
122,2521,1.5
175,2521,3.5
212,2521,1.0
327,2521,3.0
425,2521,0.5
86,2522,3.0
89,2522,2.0
164,2522,4.0
175,2522,3.0
207,2522,3.0
217,2522,2.5
255,2522,4.0
275,2522,3.0
277,2522,3.5
327,2522,1.5
347,2522,5.0
392,2522,5.0
416,2522,0.5
434,2522,2.5
1,2523,3.0
35,2523,4.5
41,2523,3.5
42,2523,4.0
47,2523,5.0
51,2523,5.0
58,2523,4.0
60,2523,2.0
64,2523,3.5
75,2523,4.0
79,2523,3.5
86,2523,4.5
99,2523,3.5
100,2523,1.0
122,2523,5.0
144,2523,2.0
146,2523,4.0
147,2523,4.0
164,2523,4.0
172,2523,4.5
175,2523,4.5
182,2523,4.5
194,2523,4.0
197,2523,4.0
207,2523,4.0
217,2523,5.0
218,2523,2.5
228,2523,4.0
230,2523,4.0
238,2523,5.0
255,2523,5.0
264,2523,3.5
274,2523,2.0
275,2523,3.0
298,2523,5.0
299,2523,5.0
318,2523,4.0
323,2523,4.0
327,2523,4.0
348,2523,4.5
353,2523,3.5
370,2523,4.0
384,2523,4.0
386,2523,3.5
392,2523,4.0
395,2523,5.0
412,2523,4.5
415,2523,3.5
419,2523,4.5
425,2523,3.0
432,2523,3.5
434,2523,3.0
442,2523,3.5
434,2524,1.0
6,2525,5.0
47,2525,3.5
254,2525,4.0
259,2525,4.0
299,2525,3.5
434,2525,3.0
198,2526,4.0
337,2527,3.5
79,2528,4.5
309,2528,2.5
414,2528,3.0
327,2529,1.5
442,2529,3.5
70,2530,0.5
73,2530,3.0
145,2530,2.0
212,2530,0.5
217,2530,2.5
228,2530,4.5
255,2530,2.5
276,2530,3.0
299,2530,4.0
373,2530,2.5
416,2530,3.0
442,2530,4.0
164,2531,3.5
198,2531,3.5
327,2531,2.5
420,2531,4.5
79,2532,3.0
164,2532,4.0
197,2532,3.5
217,2532,2.5
228,2532,4.0
264,2532,2.0
299,2532,2.5
432,2532,3.0
228,2533,3.0
12,2534,4.5
27,2534,4.0
75,2534,4.0
170,2534,4.5
212,2534,3.0
228,2534,4.0
373,2534,3.5
413,2534,5.0
416,2534,5.0
442,2534,4.5
316,2535,3.5
442,2536,2.5
6,2537,2.5
12,2537,3.5
18,2537,4.0
41,2537,3.5
47,2537,4.0
49,2537,4.5
75,2537,3.5
89,2537,4.0
104,2537,4.0
122,2537,3.5
164,2537,4.0
175,2537,4.0
194,2537,3.5
207,2537,3.0
212,2537,1.5
217,2537,3.0
227,2537,5.0
228,2537,4.0
246,2537,4.5
255,2537,4.0
258,2537,4.0
276,2537,3.0
299,2537,4.5
316,2537,3.5
327,2537,3.0
337,2537,4.5
353,2537,4.5
362,2537,4.5
411,2537,3.0
428,2537,4.0
434,2537,3.0
442,2537,4.0
54,2538,4.5
164,2538,3.0
194,2538,3.0
442,2539,5.0
438,2540,2.0
47,2541,1.0
79,2541,5.0
175,2541,3.5
275,2541,4.0
228,2542,5.0
377,2542,2.0
64,2543,4.5
327,2544,1.0
348,2544,3.5
51,2545,3.5
73,2545,4.0
86,2545,5.0
89,2545,5.0
104,2545,4.5
147,2545,4.5
175,2545,3.0
212,2545,1.5
228,2545,4.5
242,2545,4.0
276,2545,5.0
299,2545,4.0
318,2545,5.0
348,2545,4.5
373,2545,4.0
386,2545,4.5
434,2545,3.0
442,2545,4.0
217,2546,3.5
416,2546,2.5
348,2547,4.5
392,2547,4.0
6,2548,3.5
61,2549,4.5
75,2549,4.5
228,2549,4.5
275,2549,4.0
2,2550,0.5
12,2550,3.0
15,2550,3.5
21,2550,2.0
33,2550,1.0
51,2550,2.0
70,2550,3.0
104,2550,2.0
105,2550,0.5
122,2550,3.0
164,2550,3.5
175,2550,3.0
194,2550,2.0
217,2550,4.0
228,2550,3.5
299,2550,2.0
304,2550,4.0
327,2550,1.5
392,2550,4.0
436,2550,4.0
442,2550,3.0
30,2551,3.5
276,2551,4.0
434,2551,3.0
212,2552,2.5
327,2552,2.0
6,2553,3.0
73,2553,2.5
79,2553,1.5
86,2553,2.0
149,2553,2.0
198,2553,4.0
414,2553,2.5
420,2553,3.5
438,2553,3.0
442,2554,0.5
434,2555,3.5
47,2556,4.5
164,2556,4.0
275,2556,4.0
353,2557,4.5
275,2558,3.0
439,2559,3.0
175,2560,3.5
235,2560,4.0
299,2560,4.0
316,2560,2.5
442,2560,3.5
64,2561,3.5
15,2562,3.0
30,2562,4.0
47,2562,4.5
51,2562,4.5
70,2562,3.5
73,2562,4.0
75,2562,4.0
105,2562,1.0
111,2562,5.0
122,2562,4.0
147,2562,4.0
148,2562,4.0
164,2562,4.0
175,2562,4.0
184,2562,3.0
194,2562,3.5
197,2562,2.0
198,2562,5.0
207,2562,4.0
212,2562,1.5
237,2562,1.5
246,2562,4.5
276,2562,5.0
299,2562,3.0
311,2562,5.0
316,2562,3.5
335,2562,3.5
362,2562,4.0
377,2562,4.0
414,2562,4.0
428,2562,3.5
327,2563,2.0
277,2564,0.5
64,2565,4.0
373,2565,3.5
416,2565,1.5
228,2566,4.0
6,2567,3.5
217,2567,4.0
228,2567,4.0
122,2568,3.0
164,2568,3.5
357,2568,3.0
122,2569,4.0
164,2569,3.0
217,2569,5.0
246,2569,3.0
276,2569,4.0
299,2569,4.0
428,2569,4.0
6,2570,3.5
74,2570,3.5
122,2570,4.5
172,2570,5.0
218,2570,2.0
276,2570,4.0
277,2570,4.5
290,2570,3.5
373,2570,3.5
414,2570,4.0
427,2570,3.5
438,2570,3.5
414,2571,3.0
438,2572,4.0
6,2573,2.5
9,2573,3.0
12,2573,4.0
15,2573,4.0
16,2573,3.5
21,2573,5.0
30,2573,2.5
33,2573,2.0
35,2573,4.5
41,2573,4.0
47,2573,5.0
51,2573,3.5
58,2573,4.0
60,2573,4.5
73,2573,3.0
74,2573,3.0
75,2573,4.0
76,2573,5.0
79,2573,2.0
80,2573,4.0
85,2573,5.0
86,2573,4.5
89,2573,4.5
97,2573,1.5
99,2573,2.5
103,2573,4.0
105,2573,1.0
106,2573,5.0
111,2573,4.0
122,2573,2.5
145,2573,5.0
147,2573,3.0
164,2573,4.0
165,2573,2.5
172,2573,4.0
173,2573,2.0
175,2573,4.0
179,2573,2.0
182,2573,4.5
194,2573,3.0
197,2573,2.0
200,2573,4.0
204,2573,4.0
206,2573,5.0
207,2573,4.0
212,2573,3.0
217,2573,4.5
218,2573,3.5
220,2573,4.0
228,2573,3.5
230,2573,4.0
237,2573,3.5
240,2573,4.0
242,2573,3.5
246,2573,3.0
254,2573,2.5
255,2573,5.0
258,2573,4.0
264,2573,4.0
273,2573,4.5
275,2573,3.0
276,2573,4.5
284,2573,0.5
290,2573,3.0
299,2573,4.0
316,2573,4.0
318,2573,5.0
325,2573,3.0
327,2573,3.0
334,2573,5.0
339,2573,5.0
347,2573,4.5
348,2573,4.0
353,2573,4.5
357,2573,1.5
358,2573,3.0
362,2573,5.0
382,2573,4.0
383,2573,4.5
384,2573,1.0
386,2573,3.0
392,2573,3.0
393,2573,5.0
398,2573,5.0
404,2573,3.5
408,2573,4.0
412,2573,3.0
416,2573,1.0
419,2573,5.0
427,2573,4.0
428,2573,3.5
432,2573,3.0
434,2573,2.5
436,2573,4.0
438,2573,3.5
439,2573,3.0
442,2573,4.5
64,2574,1.5
122,2574,4.0
277,2574,3.5
327,2574,2.0
6,2575,3.0
12,2575,4.5
15,2575,2.5
35,2575,5.0
41,2575,5.0
42,2575,4.0
47,2575,3.0
51,2575,5.0
54,2575,2.0
73,2575,4.0
74,2575,3.5
75,2575,5.0
76,2575,5.0
79,2575,3.5
85,2575,4.5
99,2575,2.5
122,2575,4.5
146,2575,4.0
147,2575,3.5
164,2575,3.5
165,2575,3.5
173,2575,3.0
175,2575,4.5
194,2575,3.5
197,2575,3.0
200,2575,2.5
207,2575,4.0
212,2575,3.0
217,2575,4.0
228,2575,3.5
237,2575,3.0
239,2575,3.5
240,2575,4.0
264,2575,3.0
275,2575,3.0
276,2575,4.0
277,2575,4.5
284,2575,5.0
295,2575,5.0
299,2575,4.0
316,2575,3.5
318,2575,3.5
327,2575,4.0
335,2575,4.5
341,2575,4.5
353,2575,4.5
357,2575,4.0
373,2575,3.5
377,2575,4.0
383,2575,5.0
392,2575,4.5
404,2575,4.0
411,2575,3.5
412,2575,4.5
420,2575,5.0
432,2575,3.5
434,2575,3.0
442,2575,3.5
47,2576,3.5
122,2576,4.0
227,2576,5.0
337,2576,4.0
428,2576,4.0
64,2577,5.0
73,2577,2.0
277,2577,1.0
15,2578,2.0
64,2578,1.5
175,2578,3.0
413,2579,3.5
442,2579,4.0
198,2580,3.0
212,2580,0.5
228,2580,4.5
327,2580,3.0
415,2580,4.0
12,2581,3.5
122,2581,2.5
194,2581,3.5
276,2581,3.5
392,2581,4.0
442,2581,3.5
362,2582,5.0
380,2582,2.0
15,2583,3.0
64,2583,2.0
100,2583,3.0
212,2583,0.5
415,2583,3.5
12,2584,3.5
15,2584,3.5
85,2584,4.5
104,2584,3.5
106,2584,2.5
182,2584,4.0
194,2584,3.5
207,2584,3.5
217,2584,2.0
227,2584,2.0
228,2584,3.5
255,2584,3.5
327,2584,3.5
424,2584,3.5
434,2584,2.5
442,2584,3.5
12,2585,4.5
217,2585,5.0
228,2585,4.0
310,2585,4.0
327,2585,3.5
235,2586,4.0
254,2586,4.0
337,2586,5.0
411,2586,4.0
327,2587,1.5
175,2588,2.5
89,2589,2.0
164,2590,3.5
442,2591,3.0
411,2592,3.0
442,2593,3.0
392,2594,4.0
434,2595,3.0
15,2596,1.5
442,2597,4.0
75,2598,4.5
398,2598,5.0
79,2599,2.0
175,2599,3.0
194,2599,3.5
194,2600,1.0
442,2600,1.0
47,2601,1.0
79,2601,4.0
373,2601,2.0
414,2601,3.0
41,2602,3.5
442,2602,4.5
79,2603,2.5
212,2603,0.5
75,2604,4.5
217,2604,4.5
413,2604,4.5
414,2604,4.0
442,2605,4.0
6,2606,3.0
122,2606,3.0
414,2606,2.0
212,2607,0.5
318,2607,4.0
1,2608,4.0
12,2608,4.5
19,2608,4.5
33,2608,2.5
35,2608,4.5
41,2608,4.0
42,2608,4.0
44,2608,4.5
47,2608,3.0
51,2608,4.5
54,2608,4.0
58,2608,4.5
70,2608,5.0
75,2608,5.0
79,2608,3.5
85,2608,4.0
86,2608,5.0
97,2608,1.0
122,2608,5.0
144,2608,4.5
146,2608,2.0
156,2608,3.5
160,2608,3.5
165,2608,4.0
173,2608,4.0
175,2608,5.0
194,2608,4.5
197,2608,4.0
212,2608,2.5
217,2608,3.5
227,2608,4.0
228,2608,4.5
235,2608,4.5
242,2608,2.5
246,2608,5.0
247,2608,5.0
255,2608,5.0
258,2608,4.0
274,2608,4.5
284,2608,0.5
302,2608,5.0
303,2608,4.0
309,2608,5.0
316,2608,4.5
317,2608,3.0
318,2608,4.5
319,2608,4.5
326,2608,4.5
327,2608,4.0
334,2608,4.5
336,2608,4.0
341,2608,4.5
348,2608,5.0
354,2608,2.5
358,2608,3.5
362,2608,4.5
377,2608,4.0
385,2608,5.0
411,2608,3.5
412,2608,3.0
419,2608,4.5
424,2608,4.0
426,2608,5.0
427,2608,3.0
432,2608,3.5
436,2608,4.5
442,2608,4.5
47,2609,2.0
172,2609,4.5
373,2609,3.5
12,2610,4.5
217,2610,5.0
327,2610,3.5
411,2610,4.0
339,2611,2.0
373,2611,2.5
386,2611,2.5
392,2611,2.5
408,2611,3.5
416,2611,0.5
438,2611,3.0
79,2612,5.0
194,2612,2.5
212,2612,0.5
327,2612,1.5
401,2612,3.0
227,2613,4.0
228,2613,4.0
254,2613,3.0
275,2613,3.5
310,2613,3.0
337,2613,4.5
353,2613,4.5
61,2614,3.5
348,2614,4.5
339,2615,2.0
217,2616,4.0
51,2617,1.0
47,2618,4.0
434,2618,3.5
373,2619,4.0
64,2620,4.0
194,2621,3.5
246,2621,5.0
264,2621,1.5
370,2621,3.5
414,2622,3.5
434,2623,3.0
64,2624,2.5
73,2624,2.0
175,2624,2.0
275,2625,3.0
304,2625,4.5
442,2625,3.5
127,2626,5.0
275,2626,5.0
377,2626,1.0
12,2627,3.5
15,2627,2.5
16,2627,0.5
41,2627,5.0
47,2627,4.0
70,2627,2.0
73,2627,3.0
74,2627,3.0
75,2627,4.0
89,2627,2.0
97,2627,1.5
122,2627,3.0
172,2627,4.0
175,2627,2.5
194,2627,3.0
212,2627,0.5
227,2627,2.0
228,2627,3.0
239,2627,3.0
255,2627,4.0
295,2627,3.0
327,2627,3.0
353,2627,3.5
354,2627,4.0
357,2627,2.0
373,2627,2.5
386,2627,2.5
408,2627,4.0
228,2628,4.0
416,2628,3.5
63,2629,4.0
122,2629,3.5
147,2629,3.0
175,2629,3.5
194,2629,3.5
217,2629,4.0
228,2629,4.0
327,2629,3.0
442,2629,3.0
194,2630,3.0
434,2630,2.0
217,2631,2.5
275,2631,3.0
353,2631,3.0
373,2631,3.0
414,2631,3.5
212,2632,2.5
327,2632,2.0
434,2632,2.5
47,2633,5.0
64,2633,3.0
79,2633,3.5
111,2633,4.0
175,2633,4.0
212,2633,0.5
358,2633,1.0
415,2633,4.0
436,2633,4.0
12,2634,4.0
275,2634,4.0
75,2635,4.0
442,2636,3.0
58,2637,3.0
442,2637,3.5
420,2638,2.5
327,2639,1.5
51,2640,3.0
79,2640,3.0
218,2640,3.0
327,2640,2.0
389,2640,2.5
414,2640,3.0
175,2641,3.0
217,2641,3.5
434,2641,3.0
327,2642,2.0
89,2643,4.5
175,2643,3.5
194,2643,3.5
246,2643,4.5
275,2643,3.0
434,2643,2.0
434,2644,0.5
228,2645,4.0
212,2646,2.5
384,2646,4.5
12,2647,3.0
79,2647,4.5
89,2647,3.5
175,2647,3.5
194,2647,3.5
212,2647,3.0
227,2647,2.0
228,2647,3.5
264,2647,4.0
299,2647,3.5
327,2647,2.0
337,2647,4.0
353,2647,4.0
434,2647,2.0
442,2647,3.5
442,2648,5.0
15,2649,3.5
35,2649,5.0
47,2649,5.0
60,2649,2.5
74,2649,4.0
75,2649,5.0
85,2649,4.0
87,2649,4.5
89,2649,4.0
97,2649,2.0
103,2649,3.0
106,2649,5.0
122,2649,5.0
131,2649,4.0
145,2649,5.0
147,2649,2.5
173,2649,3.0
175,2649,3.5
184,2649,4.5
207,2649,4.0
212,2649,3.0
217,2649,4.0
218,2649,3.0
220,2649,4.5
228,2649,4.0
242,2649,4.0
246,2649,2.0
264,2649,2.5
289,2649,4.5
290,2649,3.5
294,2649,4.0
299,2649,4.5
326,2649,3.5
335,2649,4.5
341,2649,4.5
353,2649,3.5
373,2649,4.5
377,2649,4.0
384,2649,3.5
385,2649,5.0
386,2649,4.0
392,2649,3.5
408,2649,5.0
416,2649,2.5
424,2649,4.5
425,2649,4.0
427,2649,5.0
432,2649,4.5
434,2649,2.5
436,2649,5.0
438,2649,4.0
439,2649,4.0
442,2649,5.0
64,2650,4.5
228,2651,3.0
353,2651,4.5
12,2652,2.5
76,2652,3.0
175,2652,3.0
194,2652,3.0
212,2652,1.0
228,2652,2.5
255,2652,2.0
275,2652,3.0
327,2652,1.0
392,2652,4.0
412,2652,2.0
416,2652,0.5
438,2652,2.5
12,2653,4.5
15,2653,2.5
47,2653,4.0
58,2653,4.0
60,2653,3.5
74,2653,4.0
75,2653,3.0
79,2653,3.5
86,2653,4.0
89,2653,4.0
122,2653,3.0
142,2653,4.5
147,2653,3.5
148,2653,4.5
164,2653,4.5
175,2653,4.5
194,2653,4.0
212,2653,2.0
217,2653,4.5
227,2653,3.0
228,2653,4.0
240,2653,3.0
275,2653,4.0
284,2653,0.5
292,2653,4.0
295,2653,3.5
299,2653,4.0
310,2653,3.5
327,2653,4.0
348,2653,4.5
353,2653,4.0
354,2653,4.0
358,2653,3.0
386,2653,3.5
392,2653,4.5
411,2653,3.5
412,2653,3.0
419,2653,4.5
420,2653,4.5
424,2653,2.5
432,2653,3.5
434,2653,3.0
442,2653,3.5
51,2654,3.5
64,2654,3.5
79,2654,3.0
89,2654,2.5
122,2654,2.5
194,2654,3.0
218,2654,3.5
277,2654,3.5
354,2654,4.0
392,2654,4.0
415,2654,3.5
64,2655,4.5
228,2656,3.5
392,2657,3.5
47,2658,3.0
299,2659,3.5
246,2660,4.0
228,2661,4.0
327,2661,2.5
434,2662,2.5
73,2663,3.5
228,2664,3.5
292,2665,3.5
194,2666,3.0
299,2666,3.5
442,2666,2.5
414,2667,3.5
327,2668,2.5
73,2669,0.5
1,2670,3.0
11,2670,3.5
42,2670,5.0
54,2670,3.5
75,2670,5.0
104,2670,4.0
194,2670,3.5
228,2670,4.5
299,2670,4.5
337,2670,4.0
348,2670,4.5
384,2670,4.0
434,2670,3.5
12,2671,4.0
15,2671,4.0
41,2671,3.5
42,2671,2.5
47,2671,4.0
58,2671,4.5
73,2671,0.5
75,2671,3.5
86,2671,4.0
97,2671,1.5
106,2671,4.0
122,2671,3.5
127,2671,3.0
143,2671,4.0
145,2671,4.5
146,2671,3.5
147,2671,3.0
175,2671,3.5
194,2671,3.0
206,2671,4.0
207,2671,4.5
212,2671,3.5
227,2671,3.0
228,2671,3.0
240,2671,4.0
275,2671,4.0
277,2671,4.0
284,2671,4.0
299,2671,3.5
327,2671,3.0
339,2671,3.0
341,2671,4.0
347,2671,4.0
348,2671,4.0
357,2671,4.0
373,2671,3.5
384,2671,4.0
392,2671,3.5
403,2671,4.0
404,2671,4.0
412,2671,3.0
416,2671,2.0
424,2671,2.5
427,2671,5.0
432,2671,3.0
434,2671,3.5
442,2671,3.5
175,2672,3.0
434,2673,2.5
145,2674,3.5
275,2675,0.5
442,2675,2.0
42,2676,5.0
147,2676,4.0
228,2676,4.0
434,2676,2.5
442,2676,4.5
6,2677,2.0
86,2678,3.5
228,2678,3.0
275,2678,2.0
316,2678,4.5
327,2678,2.0
392,2678,4.0
357,2679,3.5
442,2680,4.0
442,2681,4.0
327,2682,3.5
175,2683,3.5
212,2683,0.5
254,2683,3.5
316,2683,2.5
442,2683,4.0
194,2684,3.0
327,2684,1.5
175,2685,3.5
194,2685,3.0
275,2685,4.0
442,2685,3.5
165,2686,2.5
41,2687,3.5
165,2687,1.5
175,2687,3.0
228,2687,2.5
275,2687,4.0
276,2687,3.0
327,2687,1.0
339,2687,2.5
373,2687,4.0
408,2687,4.0
412,2687,3.0
434,2687,2.0
438,2687,3.5
327,2688,3.5
64,2689,4.5
358,2690,3.5
79,2691,1.5
357,2691,0.5
79,2692,5.0
86,2692,4.0
164,2692,3.5
175,2692,3.5
212,2692,3.5
228,2692,3.5
264,2692,3.0
362,2692,4.5
373,2692,1.5
411,2692,3.5
89,2693,3.0
414,2694,3.0
58,2695,4.0
194,2695,3.5
276,2695,3.0
100,2696,1.0
414,2696,3.5
420,2696,4.0
58,2697,4.0
89,2697,3.5
175,2697,4.5
302,2697,3.5
309,2697,3.5
47,2698,2.0
275,2698,2.0
299,2698,1.5
327,2698,2.0
12,2699,3.0
15,2699,3.5
64,2699,4.0
73,2699,2.5
85,2699,3.5
156,2699,2.5
164,2699,4.0
167,2699,2.0
175,2699,3.0
194,2699,3.5
207,2699,3.0
217,2699,3.0
275,2699,4.0
327,2699,2.5
392,2699,4.0
412,2699,3.0
442,2699,2.5
10,2700,4.5
11,2700,4.0
12,2700,4.0
15,2700,4.0
33,2700,2.0
42,2700,4.0
47,2700,3.5
51,2700,5.0
73,2700,3.0
75,2700,4.0
85,2700,3.5
97,2700,2.0
99,2700,4.0
100,2700,4.0
111,2700,5.0
122,2700,5.0
145,2700,4.0
146,2700,4.0
148,2700,4.5
164,2700,5.0
173,2700,4.0
175,2700,4.0
177,2700,5.0
178,2700,5.0
194,2700,4.5
207,2700,4.0
237,2700,5.0
239,2700,4.0
240,2700,4.0
246,2700,4.0
258,2700,4.0
274,2700,4.0
275,2700,5.0
276,2700,4.0
277,2700,5.0
290,2700,3.5
299,2700,5.0
316,2700,4.0
321,2700,4.0
327,2700,5.0
341,2700,3.5
343,2700,4.5
353,2700,5.0
358,2700,4.0
373,2700,4.0
386,2700,3.5
412,2700,4.5
413,2700,4.5
416,2700,2.0
419,2700,5.0
427,2700,4.5
432,2700,3.5
434,2700,2.5
436,2700,4.0
442,2700,5.0
358,2701,3.0
122,2702,3.0
194,2702,3.5
212,2702,2.5
227,2702,3.0
299,2702,4.5
325,2702,4.0
337,2702,4.5
362,2702,2.5
442,2703,3.5
15,2704,4.5
64,2704,4.5
122,2704,2.5
175,2704,3.5
276,2704,3.5
280,2704,5.0
380,2704,1.5
47,2705,4.0
373,2705,3.5
348,2706,4.0
6,2707,3.0
41,2707,1.0
47,2707,2.0
73,2707,2.5
79,2707,1.5
122,2707,3.0
198,2707,4.0
276,2707,4.0
411,2707,0.5
414,2707,3.0
228,2708,5.0
442,2708,5.0
164,2709,2.0
207,2709,3.5
276,2709,2.5
327,2709,1.0
392,2709,1.5
416,2709,1.0
434,2710,3.0
384,2711,4.5
142,2712,3.5
175,2712,4.5
194,2712,4.0
212,2712,4.0
258,2712,4.0
275,2712,4.0
332,2712,3.5
384,2712,4.5
47,2713,3.5
175,2713,3.5
194,2713,3.5
228,2713,2.5
264,2713,3.5
275,2713,4.0
357,2713,3.5
412,2713,3.0
434,2713,2.5
442,2713,3.5
228,2714,4.0
6,2715,5.0
32,2715,4.0
35,2715,4.0
47,2715,3.0
51,2715,3.5
73,2715,4.0
75,2715,4.0
79,2715,3.5
85,2715,5.0
97,2715,2.5
103,2715,3.5
122,2715,4.0
145,2715,4.0
147,2715,4.0
175,2715,4.5
207,2715,3.5
212,2715,2.5
228,2715,3.5
237,2715,2.5
240,2715,4.0
246,2715,4.5
255,2715,4.0
290,2715,3.5
299,2715,3.5
311,2715,5.0
327,2715,3.0
341,2715,4.5
347,2715,3.5
373,2715,3.5
380,2715,2.0
386,2715,3.0
392,2715,4.5
416,2715,0.5
424,2715,5.0
427,2715,5.0
432,2715,3.5
434,2715,3.0
442,2715,4.0
1,2716,4.0
9,2716,3.5
10,2716,3.0
11,2716,4.5
12,2716,4.5
15,2716,3.5
18,2716,4.0
19,2716,5.0
23,2716,5.0
27,2716,0.5
32,2716,4.5
33,2716,2.5
35,2716,5.0
41,2716,5.0
42,2716,3.5
44,2716,4.5
46,2716,4.0
47,2716,5.0
51,2716,2.5
54,2716,4.0
55,2716,2.5
58,2716,4.5
60,2716,5.0
61,2716,4.0
63,2716,4.5
70,2716,4.0
73,2716,4.5
75,2716,5.0
79,2716,4.5
80,2716,4.5
85,2716,4.0
86,2716,4.5
87,2716,4.0
89,2716,4.0
92,2716,4.0
93,2716,3.0
97,2716,2.0
100,2716,2.0
103,2716,1.5
104,2716,3.5
106,2716,5.0
122,2716,5.0
127,2716,4.5
131,2716,4.5
132,2716,4.0
144,2716,5.0
146,2716,4.5
147,2716,3.5
156,2716,3.5
160,2716,3.5
164,2716,5.0
165,2716,3.5
172,2716,5.0
173,2716,4.0
175,2716,5.0
178,2716,3.5
187,2716,4.5
194,2716,5.0
197,2716,4.0
198,2716,4.0
200,2716,4.5
207,2716,3.0
210,2716,5.0
211,2716,5.0
212,2716,3.5
214,2716,4.0
217,2716,5.0
220,2716,1.0
227,2716,4.0
228,2716,4.0
229,2716,5.0
235,2716,4.5
237,2716,1.5
238,2716,5.0
239,2716,4.0
240,2716,4.0
246,2716,5.0
253,2716,5.0
254,2716,4.0
255,2716,5.0
258,2716,4.0
262,2716,4.0
264,2716,1.5
265,2716,4.0
272,2716,4.0
274,2716,5.0
275,2716,5.0
277,2716,5.0
284,2716,5.0
287,2716,3.0
289,2716,5.0
292,2716,4.5
295,2716,3.5
299,2716,5.0
300,2716,4.0
302,2716,4.5
303,2716,4.0
309,2716,2.5
310,2716,4.5
316,2716,4.5
317,2716,3.0
319,2716,4.5
325,2716,1.0
326,2716,4.5
327,2716,4.0
334,2716,4.5
335,2716,4.5
339,2716,5.0
341,2716,4.0
343,2716,4.0
348,2716,4.5
353,2716,5.0
355,2716,2.5
357,2716,4.5
358,2716,4.0
362,2716,5.0
364,2716,2.0
368,2716,3.5
373,2716,3.5
375,2716,5.0
377,2716,4.0
378,2716,5.0
384,2716,5.0
386,2716,4.0
391,2716,4.0
392,2716,4.5
393,2716,5.0
402,2716,5.0
403,2716,5.0
404,2716,4.0
411,2716,4.0
412,2716,3.5
413,2716,3.0
416,2716,3.0
419,2716,5.0
423,2716,4.5
424,2716,5.0
426,2716,4.0
432,2716,4.0
433,2716,5.0
434,2716,3.0
436,2716,5.0
442,2716,4.0
15,2717,2.0
73,2717,3.5
79,2717,5.0
175,2717,3.0
212,2717,2.5
228,2717,4.0
247,2717,4.5
309,2717,3.0
327,2717,3.5
392,2717,3.5
70,2718,3.0
122,2718,4.0
145,2718,4.5
175,2718,3.5
228,2718,3.0
264,2718,3.5
295,2718,3.5
392,2718,3.5
412,2718,2.0
427,2718,4.0
15,2719,4.0
122,2719,3.5
175,2719,3.5
277,2719,4.0
327,2719,1.0
392,2719,4.5
33,2720,2.0
142,2720,0.5
164,2720,3.5
175,2720,3.5
327,2720,1.0
353,2720,4.0
392,2720,3.5
415,2720,2.0
30,2721,3.0
207,2721,1.0
327,2721,3.0
353,2721,4.0
358,2721,3.5
432,2721,3.0
217,2722,4.0
434,2722,0.5
327,2723,2.5
194,2724,3.5
275,2724,5.0
434,2724,2.5
12,2725,3.0
15,2725,3.5
97,2725,1.5
148,2725,3.5
164,2725,4.0
175,2725,3.5
194,2725,3.5
207,2725,3.5
227,2725,3.0
255,2725,4.0
275,2725,2.0
299,2725,2.5
327,2725,1.5
362,2725,2.5
442,2725,3.0
357,2726,3.0
41,2727,4.5
75,2727,3.5
89,2727,4.0
228,2727,4.0
302,2727,5.0
353,2727,4.5
442,2727,3.5
79,2728,3.0
164,2728,3.0
175,2728,3.5
228,2728,5.0
327,2728,1.5
392,2728,3.5
415,2728,3.5
442,2729,4.0
357,2730,3.0
89,2731,3.5
212,2731,0.5
217,2731,4.5
240,2731,3.5
275,2731,3.0
73,2732,2.5
327,2733,2.5
12,2734,3.0
15,2734,3.5
51,2734,4.5
79,2734,3.0
86,2734,4.5
88,2734,2.0
89,2734,4.0
164,2734,3.0
175,2734,3.5
194,2734,3.5
212,2734,1.0
264,2734,4.5
275,2734,4.0
295,2734,4.0
299,2734,4.0
304,2734,3.5
327,2734,2.0
392,2734,2.0
412,2734,2.0
415,2734,4.0
442,2734,3.0
304,2735,3.5
64,2736,4.0
12,2737,3.5
122,2737,2.0
156,2737,2.0
175,2737,4.0
182,2737,4.0
194,2737,3.0
207,2737,3.5
212,2737,2.5
217,2737,4.0
228,2737,3.0
255,2737,2.5
275,2737,2.0
299,2737,2.0
392,2737,4.0
412,2737,2.5
413,2737,4.5
442,2737,3.0
12,2738,4.0
33,2738,2.0
41,2738,4.0
42,2738,5.0
47,2738,4.0
74,2738,3.0
75,2738,4.0
79,2738,3.5
82,2738,3.5
86,2738,5.0
89,2738,4.0
100,2738,1.0
103,2738,4.0
104,2738,3.5
105,2738,2.5
122,2738,5.0
146,2738,4.5
147,2738,4.5
164,2738,4.0
175,2738,4.5
194,2738,3.0
197,2738,4.0
207,2738,2.0
212,2738,3.0
217,2738,3.0
228,2738,4.0
238,2738,5.0
240,2738,2.0
264,2738,2.5
275,2738,4.0
299,2738,5.0
327,2738,3.0
341,2738,3.5
343,2738,5.0
348,2738,5.0
353,2738,3.0
362,2738,4.0
384,2738,5.0
386,2738,4.5
392,2738,4.5
411,2738,2.5
432,2738,3.5
434,2738,2.5
442,2738,4.0
368,2739,3.0
432,2739,4.0
442,2740,2.5
327,2741,3.0
420,2741,0.5
442,2741,3.0
434,2742,2.5
64,2743,5.0
327,2744,3.5
442,2745,4.0
75,2746,5.0
122,2747,0.5
299,2747,4.0
327,2747,2.5
442,2747,3.5
79,2748,5.0
194,2748,3.0
246,2748,4.5
442,2749,2.5
15,2750,3.0
79,2750,3.0
175,2750,3.0
212,2750,0.5
218,2750,3.0
392,2750,3.5
12,2751,3.5
58,2751,3.0
175,2751,3.5
194,2751,4.0
212,2751,2.0
217,2751,5.0
227,2751,2.0
275,2751,3.0
316,2751,3.0
327,2751,4.0
434,2751,3.0
442,2751,3.0
327,2752,2.5
354,2752,4.0
414,2752,3.0
58,2753,4.0
148,2753,3.5
175,2753,3.5
194,2753,2.0
207,2753,4.0
275,2753,2.5
442,2753,2.5
357,2754,2.5
11,2755,4.0
15,2755,3.0
30,2755,3.5
47,2755,3.5
51,2755,4.0
54,2755,3.0
73,2755,4.0
75,2755,4.0
79,2755,3.5
85,2755,5.0
86,2755,5.0
87,2755,4.5
99,2755,5.0
118,2755,3.5
122,2755,4.0
127,2755,4.5
142,2755,4.5
147,2755,4.0
156,2755,4.0
172,2755,4.0
175,2755,4.0
187,2755,3.0
194,2755,3.0
197,2755,3.5
198,2755,3.5
200,2755,3.5
207,2755,4.0
212,2755,1.5
217,2755,5.0
218,2755,2.0
227,2755,4.0
237,2755,1.0
246,2755,3.0
254,2755,4.5
258,2755,4.5
299,2755,4.0
303,2755,4.5
317,2755,4.0
319,2755,4.5
327,2755,4.0
353,2755,4.0
354,2755,3.0
358,2755,4.0
362,2755,5.0
377,2755,5.0
384,2755,4.5
386,2755,4.0
389,2755,3.5
393,2755,4.0
411,2755,4.0
412,2755,4.0
416,2755,3.5
419,2755,5.0
426,2755,4.5
432,2755,3.0
434,2755,4.5
436,2755,4.5
1,2756,4.5
12,2756,4.0
22,2756,4.0
58,2756,4.5
79,2756,3.0
104,2756,3.5
122,2756,3.5
175,2756,4.5
194,2756,4.0
197,2756,4.0
207,2756,3.5
212,2756,3.5
217,2756,4.0
227,2756,4.0
258,2756,4.5
295,2756,4.0
327,2756,4.0
335,2756,4.0
362,2756,5.0
412,2756,3.5
434,2756,3.5
442,2756,4.0
6,2757,3.5
47,2757,4.0
64,2757,2.0
74,2757,4.0
89,2757,3.5
122,2757,5.0
175,2757,4.0
194,2757,3.5
198,2757,5.0
212,2757,2.0
258,2757,4.0
264,2757,4.5
299,2757,4.0
327,2757,2.0
335,2757,4.5
358,2757,3.0
371,2757,4.0
373,2757,4.0
386,2757,4.5
392,2757,4.0
394,2757,4.5
403,2757,4.0
414,2757,3.5
415,2757,4.0
425,2757,4.0
432,2757,3.5
436,2757,4.0
357,2758,3.5
414,2758,3.5
228,2759,3.5
73,2760,4.0
74,2761,4.0
73,2762,3.5
299,2762,3.5
373,2762,4.5
217,2763,4.0
254,2763,3.5
327,2763,2.0
172,2764,4.0
392,2764,4.0
41,2765,4.0
147,2765,4.0
175,2765,4.0
212,2765,0.5
228,2765,3.5
264,2765,1.5
327,2765,4.5
415,2765,3.5
64,2766,4.0
327,2766,2.5
58,2767,5.0
254,2767,3.5
391,2767,5.0
411,2767,2.5
413,2767,4.0
434,2767,3.5
442,2767,3.5
373,2768,3.5
207,2769,2.5
194,2770,3.5
442,2770,3.0
414,2771,3.5
47,2772,4.5
64,2772,2.5
212,2772,0.5
413,2772,4.0
414,2772,3.5
415,2772,3.0
175,2773,3.0
337,2773,4.5
401,2773,3.5
327,2774,3.5
316,2775,4.0
434,2775,2.5
1,2776,5.0
27,2776,2.0
47,2776,4.0
160,2776,4.0
200,2776,4.5
227,2776,5.0
228,2776,4.0
235,2776,5.0
337,2776,4.0
362,2776,4.5
389,2776,4.5
393,2776,5.0
240,2777,3.5
172,2778,4.0
299,2778,4.0
380,2778,4.0
33,2779,3.0
212,2779,2.0
228,2779,4.0
64,2780,4.5
142,2781,3.5
442,2781,4.0
73,2782,4.0
79,2782,5.0
164,2782,3.0
212,2782,3.0
246,2782,4.5
327,2782,4.0
227,2783,3.0
228,2783,3.0
246,2783,3.5
228,2784,4.0
15,2785,3.5
42,2785,4.0
64,2785,4.0
79,2785,4.0
85,2785,4.5
86,2785,3.5
97,2785,2.0
175,2785,3.5
182,2785,4.0
194,2785,3.5
207,2785,3.0
228,2785,4.5
255,2785,3.0
264,2785,2.0
275,2785,4.5
299,2785,2.5
392,2785,4.0
424,2785,4.0
434,2785,3.0
442,2785,3.0
235,2786,3.5
411,2787,2.5
58,2788,3.5
262,2788,3.0
304,2788,5.0
316,2788,4.0
442,2788,3.0
105,2789,3.0
368,2789,3.0
164,2790,4.0
442,2791,4.0
54,2792,4.5
64,2793,3.0
79,2793,3.5
86,2793,4.5
122,2793,1.5
175,2793,3.5
212,2793,2.5
228,2793,3.5
277,2793,3.5
327,2793,1.5
415,2793,4.0
33,2794,2.0
51,2794,4.0
75,2794,4.0
89,2794,4.0
144,2794,4.5
175,2794,4.5
235,2794,4.5
246,2794,4.0
254,2794,4.0
255,2794,4.5
258,2794,4.0
304,2794,1.5
316,2794,3.5
362,2794,4.0
377,2794,3.0
420,2794,5.0
434,2794,4.0
442,2794,4.0
15,2795,2.5
41,2795,3.5
47,2795,4.5
70,2795,5.0
75,2795,3.0
79,2795,2.0
97,2795,2.0
122,2795,4.5
145,2795,4.5
228,2795,4.0
290,2795,4.5
299,2795,4.0
327,2795,3.5
347,2795,3.5
373,2795,3.5
386,2795,3.5
392,2795,4.0
412,2795,2.0
424,2795,4.0
432,2795,4.0
15,2796,1.0
27,2796,3.5
30,2796,1.5
47,2796,3.5
51,2796,4.0
58,2796,4.0
75,2796,4.5
79,2796,3.5
86,2796,5.0
97,2796,2.5
105,2796,3.0
122,2796,3.5
142,2796,4.5
147,2796,4.0
164,2796,5.0
165,2796,3.5
172,2796,4.5
175,2796,4.0
187,2796,4.5
214,2796,5.0
217,2796,3.0
227,2796,4.0
254,2796,4.5
255,2796,2.0
259,2796,2.0
264,2796,0.5
275,2796,4.0
299,2796,4.0
309,2796,3.5
316,2796,5.0
327,2796,3.5
357,2796,5.0
358,2796,4.0
384,2796,4.5
385,2796,3.5
386,2796,4.0
389,2796,1.5
411,2796,4.0
414,2796,4.0
428,2796,4.0
434,2796,4.0
442,2796,3.5
87,2797,4.0
240,2797,3.5
262,2797,3.5
299,2797,3.5
327,2797,3.0
434,2797,2.5
442,2797,3.5
6,2798,2.5
47,2798,4.0
212,2798,1.5
327,2798,2.5
414,2798,2.5
415,2798,3.0
170,2799,4.0
12,2800,4.5
164,2800,4.0
227,2800,3.0
246,2800,4.5
254,2800,4.0
316,2800,4.0
434,2800,3.0
434,2801,3.0
73,2802,4.5
170,2802,4.0
156,2803,4.0
15,2804,3.0
41,2804,4.5
47,2804,5.0
73,2804,2.0
74,2804,4.0
76,2804,5.0
79,2804,4.0
82,2804,3.0
99,2804,3.5
103,2804,4.0
106,2804,5.0
122,2804,5.0
132,2804,5.0
143,2804,4.0
147,2804,4.0
173,2804,5.0
175,2804,4.0
194,2804,3.5
206,2804,5.0
212,2804,3.0
217,2804,3.0
228,2804,4.0
237,2804,4.0
246,2804,2.5
255,2804,4.0
258,2804,5.0
264,2804,3.0
270,2804,4.0
275,2804,4.0
277,2804,4.0
299,2804,3.5
311,2804,5.0
341,2804,4.5
347,2804,5.0
353,2804,4.5
357,2804,3.5
358,2804,3.0
359,2804,5.0
384,2804,3.5
386,2804,4.0
389,2804,1.5
424,2804,5.0
428,2804,4.0
432,2804,4.0
434,2804,3.0
436,2804,4.5
442,2804,5.0
6,2805,5.0
15,2805,3.5
22,2805,4.0
27,2805,3.0
41,2805,5.0
42,2805,4.5
47,2805,3.0
60,2805,4.0
70,2805,5.0
74,2805,4.0
75,2805,4.0
85,2805,4.0
105,2805,2.5
111,2805,3.5
122,2805,5.0
127,2805,4.5
143,2805,4.5
156,2805,3.5
160,2805,3.5
165,2805,3.5
172,2805,5.0
178,2805,4.5
198,2805,4.0
207,2805,4.0
212,2805,2.5
217,2805,4.0
228,2805,4.0
229,2805,4.0
235,2805,3.5
237,2805,3.0
246,2805,4.0
287,2805,5.0
299,2805,4.0
302,2805,4.0
303,2805,4.5
306,2805,4.5
327,2805,4.5
341,2805,4.0
353,2805,5.0
355,2805,4.0
357,2805,4.0
359,2805,4.5
373,2805,3.5
377,2805,4.0
380,2805,3.5
383,2805,5.0
384,2805,5.0
386,2805,4.0
387,2805,4.0
394,2805,5.0
414,2805,4.0
420,2805,5.0
423,2805,4.5
427,2805,3.0
432,2805,3.5
434,2805,3.0
436,2805,4.0
442,2805,3.5
6,2806,3.5
35,2806,4.0
47,2806,4.0
70,2806,4.5
74,2806,4.0
75,2806,4.0
79,2806,1.5
100,2806,5.0
103,2806,4.5
122,2806,5.0
172,2806,5.0
178,2806,4.0
207,2806,3.0
218,2806,4.0
237,2806,2.0
250,2806,4.0
277,2806,4.5
290,2806,4.0
354,2806,5.0
373,2806,4.0
386,2806,3.5
392,2806,4.5
416,2806,2.0
427,2806,4.5
47,2807,4.0
228,2807,4.0
11,2808,3.5
30,2808,4.0
47,2808,4.0
73,2808,5.0
75,2808,4.0
111,2808,2.0
122,2808,4.0
156,2808,4.5
175,2808,4.0
194,2808,4.0
212,2808,3.0
217,2808,4.0
227,2808,2.0
235,2808,3.0
246,2808,3.5
299,2808,4.5
327,2808,4.0
337,2808,4.5
377,2808,4.0
384,2808,4.0
426,2808,4.0
434,2808,3.0
442,2808,4.0
327,2809,3.0
58,2810,4.0
413,2810,4.5
175,2811,3.0
393,2811,5.0
373,2812,3.0
327,2813,1.5
327,2814,0.5
414,2815,3.5
6,2816,3.5
47,2816,2.0
64,2816,2.0
122,2816,3.0
413,2816,3.5
415,2816,3.0
434,2816,2.5
173,2817,3.0
207,2817,4.0
299,2817,3.5
373,2817,3.0
380,2817,4.5
385,2817,4.5
427,2817,4.5
15,2818,4.0
122,2818,2.5
172,2818,4.0
255,2818,3.0
299,2818,3.0
327,2818,1.5
411,2818,1.0
348,2819,5.0
357,2819,3.5
442,2820,4.5
246,2821,5.0
327,2821,2.5
11,2822,4.0
22,2822,5.0
47,2822,3.5
85,2822,4.0
97,2822,3.0
122,2822,4.0
156,2822,3.5
164,2822,4.5
175,2822,4.5
194,2822,4.0
197,2822,3.0
227,2822,4.0
228,2822,5.0
237,2822,1.0
246,2822,4.5
287,2822,4.0
299,2822,4.5
319,2822,4.0
327,2822,4.0
337,2822,3.0
377,2822,4.5
380,2822,1.0
384,2822,4.5
411,2822,4.0
428,2822,4.0
432,2822,3.0
434,2822,3.0
442,2822,4.0
41,2823,2.0
54,2823,3.0
70,2823,1.5
146,2823,2.0
172,2823,4.0
175,2823,3.5
217,2823,4.0
228,2823,3.5
275,2823,3.0
295,2823,4.0
299,2823,4.0
327,2823,2.0
347,2823,4.0
384,2823,5.0
392,2823,3.5
412,2823,3.0
416,2823,2.5
434,2823,3.5
442,2823,3.5
6,2824,2.0
327,2824,2.5
353,2824,3.5
327,2825,4.0
434,2826,2.5
227,2827,4.0
262,2827,4.5
434,2827,3.0
442,2827,4.0
416,2828,0.5
275,2829,5.0
442,2830,3.5
30,2831,3.5
79,2832,1.0
156,2832,2.5
212,2832,0.5
327,2832,2.0
354,2832,4.0
380,2832,1.0
64,2833,2.0
73,2833,3.0
175,2833,2.5
207,2833,1.5
327,2833,1.5
416,2833,0.5
337,2834,4.5
434,2835,2.5
122,2836,2.5
147,2836,4.0
353,2836,4.0
373,2836,3.5
47,2837,4.5
58,2837,3.0
70,2837,4.0
79,2837,3.0
147,2837,3.5
175,2837,4.0
197,2837,3.5
217,2837,5.0
254,2837,3.5
255,2837,4.0
264,2837,1.5
275,2837,5.0
391,2837,5.0
392,2837,4.5
398,2837,5.0
412,2837,3.5
413,2837,4.0
442,2837,4.0
63,2838,0.5
277,2838,1.0
327,2838,2.0
380,2839,2.0
12,2840,3.0
79,2840,3.5
89,2840,3.0
175,2840,3.0
207,2840,3.0
264,2840,4.0
327,2840,2.0
392,2840,4.0
416,2840,1.0
432,2840,3.5
442,2840,3.0
41,2841,4.0
327,2842,3.5
392,2843,3.5
142,2844,0.5
172,2845,4.0
175,2845,3.0
207,2845,3.0
212,2845,2.0
246,2845,3.0
275,2845,4.0
327,2845,1.5
392,2845,3.5
442,2845,3.0
434,2846,2.5
47,2847,4.0
75,2847,4.5
228,2847,4.5
275,2847,5.0
434,2847,2.5
228,2848,3.5
337,2848,5.0
64,2849,2.5
327,2849,2.5
228,2850,4.0
9,2851,5.0
15,2851,3.5
30,2851,4.5
41,2851,4.0
58,2851,4.5
75,2851,4.5
79,2851,3.0
87,2851,4.0
89,2851,3.5
122,2851,3.5
127,2851,4.5
160,2851,5.0
174,2851,4.5
175,2851,4.0
182,2851,4.0
193,2851,4.0
212,2851,3.0
217,2851,4.5
228,2851,3.5
239,2851,3.0
246,2851,4.0
250,2851,5.0
254,2851,3.5
299,2851,4.0
302,2851,5.0
316,2851,3.0
327,2851,3.0
384,2851,3.5
404,2851,4.5
411,2851,3.0
75,2852,4.5
127,2853,3.0
228,2853,3.5
434,2853,4.0
58,2854,4.0
316,2854,3.5
235,2855,4.0
228,2856,5.0
6,2857,3.5
79,2857,2.5
100,2857,2.5
111,2857,3.0
122,2857,3.5
175,2857,3.5
212,2857,0.5
316,2857,4.0
327,2857,2.0
354,2857,4.0
363,2857,3.0
413,2857,3.5
414,2857,2.5
415,2857,3.0
12,2858,4.5
85,2858,4.0
122,2858,3.5
175,2858,4.0
227,2858,3.0
254,2858,4.5
272,2858,4.0
316,2858,3.5
327,2858,3.0
412,2858,2.0
275,2859,5.0
434,2859,3.5
58,2860,4.0
175,2860,3.5
264,2860,2.0
275,2860,4.0
295,2860,4.0
434,2860,2.5
212,2861,2.0
327,2861,2.5
175,2862,3.0
327,2863,4.0
228,2864,4.0
47,2865,4.5
79,2865,3.0
89,2865,3.0
145,2865,4.0
175,2865,4.0
212,2865,0.5
228,2865,3.5
264,2865,4.5
327,2865,3.0
353,2865,2.5
377,2865,3.5
392,2865,4.0
412,2865,3.0
434,2865,1.5
442,2865,3.5
75,2866,4.5
373,2867,4.5
380,2867,0.5
175,2868,3.5
275,2868,4.0
64,2869,5.0
73,2869,4.0
122,2869,2.5
172,2869,5.0
175,2869,3.5
212,2869,1.5
218,2869,3.0
228,2869,4.5
237,2869,1.5
275,2869,5.0
290,2869,3.5
299,2869,4.0
327,2869,4.0
373,2869,3.5
411,2869,3.0
427,2869,4.5
442,2869,3.5
327,2870,2.5
89,2871,4.0
9,2872,4.5
75,2872,3.5
89,2872,3.5
97,2872,2.5
111,2872,3.0
122,2872,3.0
172,2872,4.0
175,2872,2.5
207,2872,4.0
212,2872,0.5
217,2872,3.0
228,2872,4.5
246,2872,4.5
255,2872,2.5
299,2872,4.0
327,2872,3.5
373,2872,3.0
411,2872,2.5
412,2872,2.0
424,2872,3.0
442,2872,3.0
85,2873,4.5
175,2873,3.5
207,2873,2.5
442,2873,3.0
79,2874,4.0
212,2874,2.5
327,2874,3.0
442,2874,3.0
327,2875,2.0
175,2876,3.5
207,2876,3.0
240,2876,3.0
327,2876,2.5
414,2876,3.5
175,2877,3.0
207,2877,3.5
240,2877,2.0
327,2877,1.0
392,2878,4.5
434,2878,3.0
442,2878,4.0
228,2879,4.0
392,2880,3.5
64,2881,5.0
160,2882,5.0
217,2882,4.0
228,2882,4.5
235,2882,4.5
246,2882,4.0
254,2882,3.5
389,2882,5.0
12,2883,4.0
118,2883,4.5
142,2883,2.0
79,2884,5.0
212,2884,0.5
218,2884,3.5
327,2884,2.0
392,2884,5.0
415,2884,4.0
434,2884,2.5
304,2885,3.0
58,2886,4.0
414,2886,3.0
327,2887,1.0
74,2888,2.5
175,2888,3.5
212,2888,2.5
264,2888,4.0
327,2888,2.0
295,2889,4.0
442,2889,3.5
9,2890,3.5
12,2890,3.5
41,2890,4.5
42,2890,4.0
58,2890,4.5
75,2890,3.5
76,2890,3.0
87,2890,4.5
104,2890,3.0
146,2890,2.0
147,2890,2.5
172,2890,4.0
175,2890,3.5
194,2890,4.5
197,2890,3.5
207,2890,4.0
217,2890,3.5
228,2890,4.5
240,2890,4.0
255,2890,3.5
284,2890,3.0
299,2890,4.0
303,2890,3.5
335,2890,3.5
353,2890,3.0
384,2890,4.0
392,2890,4.5
411,2890,3.5
415,2890,3.5
419,2890,4.5
424,2890,2.5
432,2890,3.5
434,2890,3.0
442,2890,3.0
434,2891,3.0
175,2892,3.5
217,2892,3.5
228,2892,4.0
240,2892,3.5
264,2892,2.0
277,2892,3.0
295,2892,3.5
299,2892,4.0
327,2892,2.0
373,2892,3.5
434,2892,2.0
442,2892,3.0
75,2893,4.5
172,2893,5.0
228,2893,4.0
27,2894,1.0
75,2894,4.5
104,2894,4.5
246,2894,4.0
299,2894,4.0
327,2894,4.5
47,2895,2.5
64,2895,5.0
79,2895,4.0
175,2895,4.0
212,2895,2.5
353,2895,3.5
217,2896,2.0
218,2896,2.5
442,2896,3.5
33,2897,2.0
73,2897,2.0
275,2897,3.0
434,2897,2.5
64,2898,4.5
118,2898,4.5
212,2898,2.5
299,2898,4.0
327,2898,3.5
434,2898,3.5
105,2899,1.0
316,2899,4.5
357,2900,4.0
73,2901,3.5
327,2902,2.0
64,2903,4.0
416,2903,1.5
75,2904,4.0
15,2905,0.5
148,2906,4.5
327,2906,3.0
434,2906,3.5
442,2906,5.0
12,2907,3.5
47,2907,3.0
58,2907,5.0
86,2907,3.5
89,2907,3.0
147,2907,3.5
284,2907,0.5
299,2907,4.0
327,2907,3.5
434,2907,3.5
442,2907,3.5
228,2908,3.5
42,2909,5.0
228,2909,4.0
273,2909,3.0
47,2910,2.0
79,2910,3.5
175,2910,3.0
228,2910,3.5
264,2910,4.0
327,2910,2.0
175,2911,3.0
275,2911,2.0
442,2911,3.0
64,2912,2.5
73,2912,3.5
86,2912,3.5
165,2912,3.0
280,2912,4.0
327,2912,2.0
412,2912,1.5
427,2912,5.0
75,2913,5.0
142,2913,0.5
170,2913,4.5
212,2913,0.5
254,2913,3.5
358,2913,4.0
442,2913,3.5
12,2914,3.5
41,2914,4.0
47,2914,3.5
51,2914,5.0
76,2914,4.0
89,2914,3.0
97,2914,2.0
122,2914,4.0
127,2914,3.0
172,2914,4.0
175,2914,4.0
194,2914,2.0
206,2914,4.0
207,2914,4.0
212,2914,3.5
240,2914,3.5
246,2914,2.5
250,2914,4.0
275,2914,5.0
299,2914,3.0
316,2914,4.0
327,2914,2.5
347,2914,5.0
357,2914,3.0
373,2914,3.5
386,2914,3.0
392,2914,3.5
403,2914,4.0
412,2914,4.0
416,2914,1.5
419,2914,4.5
432,2914,3.5
434,2914,2.5
442,2914,3.5
1,2915,4.0
75,2915,4.5
86,2915,5.0
212,2915,4.0
300,2915,4.5
355,2915,0.5
358,2915,4.0
384,2915,5.0
419,2915,5.0
75,2916,4.5
86,2916,5.0
133,2916,0.5
212,2916,3.0
355,2916,1.0
358,2916,4.0
384,2916,5.0
434,2917,2.0
47,2918,4.5
86,2918,5.0
212,2918,4.0
228,2918,4.0
355,2918,0.5
384,2918,5.0
419,2918,5.0
122,2919,4.5
42,2920,3.0
75,2920,4.0
104,2920,4.5
235,2920,5.0
246,2920,5.0
6,2921,3.0
228,2921,3.5
327,2921,3.5
414,2921,3.5
327,2922,2.5
12,2923,4.0
75,2923,4.0
106,2924,0.5
147,2924,3.0
175,2924,3.5
217,2924,4.0
264,2924,1.0
275,2924,4.0
277,2924,3.5
392,2924,4.0
434,2924,2.5
442,2924,4.5
304,2925,5.0
89,2926,5.0
27,2927,4.0
104,2927,4.0
235,2927,4.0
254,2927,5.0
364,2927,5.0
73,2928,3.5
198,2929,4.0
207,2929,2.5
47,2930,3.5
51,2930,5.0
64,2930,1.5
79,2930,4.5
86,2930,5.0
122,2930,4.0
175,2930,3.5
198,2930,5.0
207,2930,3.0
212,2930,3.0
218,2930,4.0
227,2930,4.0
327,2930,4.0
354,2930,4.0
358,2930,3.0
359,2930,3.5
362,2930,5.0
386,2930,3.5
414,2930,4.0
415,2930,2.0
442,2930,4.0
175,2931,3.5
275,2931,3.0
442,2931,2.5
12,2932,3.0
41,2932,4.0
47,2932,1.5
51,2932,3.5
76,2932,4.0
79,2932,3.0
97,2932,2.0
105,2932,0.5
122,2932,3.5
172,2932,4.0
174,2932,4.0
175,2932,3.5
207,2932,4.0
212,2932,2.0
228,2932,3.5
235,2932,3.5
255,2932,4.0
275,2932,5.0
327,2932,1.5
373,2932,3.5
380,2932,3.5
427,2932,5.0
434,2932,2.5
442,2932,3.0
18,2933,4.0
27,2933,3.5
47,2933,2.0
64,2933,2.5
73,2933,4.5
75,2933,3.0
85,2933,3.5
105,2933,3.5
122,2933,4.0
165,2933,3.5
175,2933,5.0
198,2933,5.0
212,2933,3.0
235,2933,3.0
246,2933,4.0
254,2933,3.0
299,2933,4.0
327,2933,3.5
337,2933,2.5
353,2933,5.0
398,2933,5.0
411,2933,3.0
414,2933,4.0
416,2933,1.5
434,2933,3.5
35,2934,5.0
275,2934,4.0
392,2934,4.5
434,2935,3.0
442,2935,5.0
41,2936,4.0
79,2936,3.5
85,2936,5.0
122,2936,2.5
156,2936,3.5
175,2936,3.5
194,2936,4.0
212,2936,3.0
264,2936,3.5
275,2936,2.0
327,2936,3.0
353,2936,3.5
362,2936,0.5
392,2936,4.0
393,2936,3.5
228,2937,4.0
175,2938,2.0
259,2939,2.0
147,2940,4.0
175,2940,4.5
240,2940,2.5
299,2940,4.0
392,2940,3.0
434,2940,3.0
73,2941,3.5
105,2941,3.5
434,2942,3.0
6,2943,3.5
33,2943,2.0
73,2943,3.0
142,2943,2.0
172,2943,5.0
175,2943,4.0
207,2943,3.0
228,2943,4.0
254,2943,3.5
327,2943,3.0
341,2943,4.0
353,2943,3.5
380,2943,1.0
392,2943,4.0
416,2943,2.5
427,2943,5.0
442,2943,3.5
12,2944,4.0
15,2944,3.5
22,2944,3.5
41,2944,4.0
42,2944,4.0
47,2944,4.5
51,2944,5.0
58,2944,4.0
85,2944,4.0
86,2944,5.0
87,2944,4.0
97,2944,3.5
100,2944,4.0
122,2944,4.0
145,2944,4.5
146,2944,4.0
160,2944,4.5
175,2944,4.5
184,2944,0.5
207,2944,4.5
212,2944,3.5
228,2944,3.0
240,2944,3.5
275,2944,5.0
284,2944,5.0
299,2944,3.5
327,2944,4.0
337,2944,3.0
341,2944,3.5
347,2944,3.5
357,2944,4.0
358,2944,3.5
373,2944,3.5
386,2944,3.5
392,2944,2.5
404,2944,4.0
412,2944,3.5
416,2944,2.5
419,2944,5.0
424,2944,4.0
432,2944,3.5
434,2944,2.5
442,2944,4.0
147,2945,4.0
212,2945,3.5
220,2945,5.0
273,2946,4.0
175,2947,3.5
212,2947,1.5
327,2947,3.0
228,2948,3.5
299,2948,4.0
432,2948,3.5
434,2948,3.5
22,2949,4.5
47,2949,3.0
86,2949,4.5
172,2949,4.0
175,2949,4.0
207,2949,4.0
212,2949,3.0
217,2949,2.0
246,2949,3.0
254,2949,2.5
255,2949,4.0
299,2949,4.5
327,2949,3.0
353,2949,4.5
354,2949,3.5
362,2949,4.5
384,2949,4.5
413,2949,4.0
416,2949,1.5
434,2949,3.5
442,2949,3.5
41,2950,3.5
47,2950,3.5
51,2950,1.0
122,2950,2.5
175,2950,3.0
207,2950,3.5
275,2950,2.0
299,2950,2.0
327,2950,1.5
416,2950,1.0
228,2951,3.5
327,2951,1.5
79,2952,3.0
127,2952,2.0
327,2952,2.0
353,2952,4.5
380,2952,2.0
51,2953,3.0
79,2953,3.5
175,2953,3.5
212,2953,0.5
217,2953,5.0
264,2953,3.5
327,2953,1.5
357,2953,3.5
373,2953,2.0
15,2954,3.5
41,2954,2.0
148,2954,4.0
175,2954,3.0
212,2954,1.0
217,2954,2.5
277,2954,3.5
327,2954,0.5
392,2954,2.0
416,2954,1.5
442,2954,2.5
207,2955,4.0
434,2955,1.5
79,2956,5.0
165,2956,2.5
175,2956,3.5
323,2956,5.0
327,2956,1.5
354,2956,2.0
373,2956,3.0
392,2956,3.0
442,2956,2.5
228,2957,4.5
295,2958,3.5
327,2958,2.0
64,2959,5.0
79,2960,4.5
247,2960,3.0
353,2960,3.0
416,2960,0.5
27,2961,5.0
51,2961,3.5
64,2961,2.5
79,2961,4.0
85,2961,4.5
86,2961,3.5
89,2961,4.0
122,2961,3.0
156,2961,2.0
175,2961,4.0
207,2961,4.5
212,2961,2.5
217,2961,4.5
218,2961,4.0
264,2961,2.5
303,2961,0.5
327,2961,3.0
353,2961,3.5
362,2961,4.0
377,2961,4.0
392,2961,3.0
411,2961,3.5
415,2961,3.5
442,2961,3.5
327,2962,3.0
427,2962,4.0
442,2962,2.5
434,2963,3.0
64,2964,4.0
12,2965,3.0
73,2966,3.0
15,2967,4.0
41,2967,4.5
47,2967,4.5
60,2967,3.0
73,2967,2.0
75,2967,4.0
76,2967,5.0
79,2967,4.0
82,2967,2.5
103,2967,4.0
122,2967,5.0
132,2967,5.0
143,2967,4.0
144,2967,4.5
145,2967,4.5
147,2967,3.5
173,2967,5.0
175,2967,4.0
206,2967,5.0
212,2967,3.0
217,2967,2.5
228,2967,4.0
235,2967,2.0
237,2967,4.0
239,2967,4.0
246,2967,2.5
255,2967,4.0
258,2967,5.0
275,2967,4.0
299,2967,3.5
303,2967,4.5
311,2967,4.5
337,2967,2.5
341,2967,4.5
347,2967,5.0
353,2967,4.5
357,2967,3.5
358,2967,3.5
359,2967,5.0
362,2967,5.0
380,2967,3.5
384,2967,4.0
386,2967,3.5
389,2967,1.0
404,2967,4.0
408,2967,4.5
411,2967,3.0
424,2967,5.0
432,2967,3.5
442,2967,4.5
12,2968,3.0
27,2968,3.5
47,2968,3.0
75,2968,3.5
89,2968,4.5
104,2968,4.0
122,2968,2.0
142,2968,4.0
175,2968,5.0
197,2968,3.5
212,2968,3.0
217,2968,4.0
227,2968,4.0
228,2968,3.5
235,2968,4.0
239,2968,5.0
246,2968,3.5
254,2968,4.0
275,2968,5.0
284,2968,0.5
299,2968,5.0
303,2968,4.5
353,2968,4.0
354,2968,2.0
362,2968,4.0
404,2968,4.0
411,2968,4.5
412,2968,4.5
413,2968,3.0
419,2968,4.0
434,2968,3.5
442,2968,5.0
12,2969,4.0
15,2969,3.5
41,2969,4.0
42,2969,4.0
44,2969,3.0
47,2969,3.5
51,2969,4.5
89,2969,3.0
97,2969,2.5
122,2969,4.0
127,2969,4.0
175,2969,4.0
206,2969,4.0
207,2969,3.5
212,2969,3.0
217,2969,3.0
228,2969,3.5
239,2969,3.0
275,2969,5.0
299,2969,3.5
327,2969,3.0
347,2969,4.5
353,2969,3.0
386,2969,3.5
392,2969,3.5
403,2969,3.5
404,2969,4.0
412,2969,3.5
416,2969,1.5
419,2969,4.0
432,2969,4.0
434,2969,3.0
6,2970,4.0
27,2970,4.0
41,2970,4.0
47,2970,4.0
70,2970,5.0
85,2970,4.0
89,2970,4.0
122,2970,4.0
175,2970,4.5
212,2970,3.0
217,2970,4.0
227,2970,3.0
246,2970,4.0
254,2970,4.5
258,2970,4.5
259,2970,4.0
264,2970,2.5
299,2970,4.0
327,2970,3.5
353,2970,4.0
354,2970,4.0
358,2970,3.0
373,2970,4.0
382,2970,5.0
386,2970,4.0
398,2970,4.0
413,2970,5.0
414,2970,3.5
415,2970,5.0
434,2970,3.5
442,2970,4.0
254,2971,3.5
75,2972,4.0
175,2972,4.0
275,2972,4.0
434,2972,2.5
380,2973,3.0
254,2974,3.5
442,2974,3.5
75,2975,4.0
277,2976,2.0
327,2976,2.0
353,2976,3.0
416,2976,0.5
15,2977,2.5
30,2977,1.0
41,2977,3.5
79,2977,3.0
111,2977,2.5
122,2977,4.0
156,2977,2.5
198,2977,3.5
212,2977,0.5
217,2977,3.5
254,2977,3.5
299,2977,3.5
327,2977,2.5
353,2977,3.5
354,2977,4.0
359,2977,4.0
386,2977,2.5
414,2977,3.0
415,2977,5.0
425,2977,3.0
353,2978,5.0
275,2979,3.0
434,2980,2.5
327,2981,3.0
415,2981,3.5
175,2982,3.0
275,2982,4.0
15,2983,3.0
47,2983,4.0
73,2983,3.5
85,2983,4.5
89,2983,4.0
97,2983,1.0
141,2983,4.0
175,2983,4.5
182,2983,4.0
207,2983,3.5
212,2983,3.5
254,2983,3.5
275,2983,5.0
299,2983,4.0
327,2983,2.5
337,2983,4.0
357,2983,3.0
373,2983,3.0
377,2983,4.0
380,2983,0.5
392,2983,4.0
411,2983,3.5
412,2983,4.0
416,2983,1.5
419,2983,4.5
434,2983,3.0
442,2983,4.0
64,2984,5.0
212,2984,2.0
64,2985,2.0
79,2985,3.5
175,2985,3.5
212,2985,0.5
218,2985,3.0
327,2985,2.0
353,2985,3.5
392,2985,3.5
414,2985,3.0
415,2985,4.0
6,2986,3.0
30,2986,3.5
47,2986,4.5
51,2986,4.0
70,2986,4.0
73,2986,3.5
75,2986,3.5
105,2986,4.0
111,2986,3.5
122,2986,4.0
198,2986,4.5
207,2986,4.0
212,2986,2.5
228,2986,4.0
311,2986,4.0
359,2986,5.0
377,2986,4.0
380,2986,2.5
386,2986,4.0
414,2986,4.0
436,2986,4.5
64,2987,2.5
175,2987,2.5
212,2987,1.5
217,2987,3.5
327,2987,2.5
415,2987,3.5
33,2988,3.0
254,2989,4.5
175,2990,3.5
353,2990,3.0
254,2991,2.5
442,2991,3.5
228,2992,3.0
357,2992,3.5
335,2993,4.5
175,2994,4.0
442,2995,4.0
434,2996,2.5
47,2997,2.0
85,2997,4.5
212,2997,0.5
254,2997,3.0
327,2997,2.0
434,2997,3.0
337,2998,4.5
217,2999,0.5
309,2999,2.0
357,2999,5.0
442,2999,4.5
89,3000,3.0
212,3000,0.5
316,3001,3.5
442,3002,3.5
327,3003,4.0
353,3003,3.5
392,3003,3.5
327,3004,3.0
259,3005,0.5
327,3006,1.5
327,3007,1.5
47,3008,3.5
58,3008,4.0
73,3008,4.0
86,3008,4.5
122,3008,4.0
175,3008,3.5
217,3008,3.0
228,3008,4.0
299,3008,4.0
327,3008,4.0
411,3008,3.5
434,3008,2.5
41,3009,4.0
47,3009,4.5
49,3009,4.5
51,3009,4.0
73,3009,4.0
75,3009,3.5
104,3009,4.0
122,3009,4.0
175,3009,4.0
207,3009,3.0
212,3009,2.5
217,3009,4.0
227,3009,3.0
228,3009,3.5
235,3009,1.0
246,3009,4.5
254,3009,4.0
295,3009,5.0
299,3009,4.5
327,3009,4.0
358,3009,4.0
362,3009,5.0
377,3009,4.5
384,3009,4.0
389,3009,4.5
434,3009,3.5
304,3010,4.0
148,3011,4.5
442,3011,4.5
353,3012,3.5
373,3013,4.0
9,3014,2.0
12,3014,4.0
15,3014,4.0
35,3014,5.0
41,3014,4.0
42,3014,3.5
47,3014,4.5
51,3014,4.0
73,3014,3.0
75,3014,3.5
87,3014,4.0
92,3014,4.0
97,3014,2.5
103,3014,4.0
105,3014,0.5
106,3014,5.0
122,3014,4.0
127,3014,4.5
145,3014,4.5
146,3014,5.0
147,3014,4.0
160,3014,3.5
172,3014,4.0
173,3014,3.0
175,3014,5.0
178,3014,2.5
193,3014,4.0
197,3014,3.0
206,3014,5.0
212,3014,3.5
217,3014,4.0
220,3014,4.5
228,3014,3.5
240,3014,2.5
246,3014,3.0
250,3014,4.5
262,3014,3.0
264,3014,2.5
273,3014,5.0
275,3014,5.0
277,3014,4.5
284,3014,5.0
295,3014,3.5
299,3014,4.0
303,3014,0.5
327,3014,3.5
341,3014,3.5
347,3014,4.0
353,3014,4.0
357,3014,4.5
362,3014,4.0
373,3014,4.5
375,3014,4.5
384,3014,5.0
386,3014,4.5
389,3014,3.5
392,3014,4.0
393,3014,1.5
403,3014,5.0
404,3014,4.0
412,3014,4.5
416,3014,4.0
419,3014,5.0
424,3014,5.0
427,3014,4.5
432,3014,3.5
434,3014,3.0
436,3014,4.5
442,3014,5.0
42,3015,5.0
74,3015,4.5
122,3015,1.5
172,3015,5.0
175,3015,3.5
228,3015,4.0
434,3015,3.0
442,3015,4.0
27,3016,4.0
337,3016,5.0
358,3016,4.0
254,3017,3.5
337,3017,2.5
1,3018,5.0
33,3018,2.5
44,3018,4.0
47,3018,3.0
73,3018,4.5
75,3018,4.0
111,3018,4.0
156,3018,2.5
254,3018,4.0
362,3018,5.0
416,3018,2.5
122,3019,2.5
175,3019,3.5
217,3019,3.0
235,3019,3.5
264,3019,2.0
299,3019,4.0
358,3019,4.0
411,3019,4.0
434,3019,2.5
442,3020,4.5
175,3021,3.0
217,3021,4.0
327,3021,1.5
434,3022,3.5
41,3023,4.5
47,3023,3.5
64,3023,3.0
75,3023,4.0
104,3023,3.5
111,3023,3.5
146,3023,3.5
175,3023,3.5
212,3023,3.0
227,3023,3.0
235,3023,3.5
246,3023,4.0
264,3023,4.0
299,3023,4.0
357,3023,5.0
358,3023,3.0
395,3023,3.0
415,3023,3.5
442,3023,4.0
64,3024,3.5
42,3025,5.0
74,3025,4.0
105,3025,5.0
122,3025,5.0
217,3025,4.5
246,3025,4.5
299,3025,5.0
327,3025,4.0
353,3025,4.5
398,3025,0.5
434,3025,2.5
228,3026,3.0
175,3027,4.5
434,3027,3.0
15,3028,3.5
175,3028,3.5
207,3028,3.5
212,3028,1.0
217,3028,4.0
327,3028,2.5
327,3029,2.5
414,3029,3.0
246,3030,4.5
262,3030,4.0
264,3030,2.0
275,3030,3.5
254,3031,4.0
228,3032,3.5
303,3033,4.5
327,3033,3.0
212,3034,3.5
254,3034,3.5
358,3034,3.5
411,3034,3.5
339,3035,2.0
89,3036,2.5
175,3036,3.0
392,3036,4.0
58,3037,4.0
75,3037,3.5
146,3037,4.0
147,3037,2.5
156,3037,4.0
175,3037,3.5
182,3037,3.5
197,3037,3.5
217,3037,3.0
246,3037,4.5
255,3037,3.5
299,3037,3.5
415,3037,2.0
434,3037,2.5
434,3038,3.0
175,3039,4.5
337,3039,3.5
387,3039,5.0
434,3039,3.0
175,3040,3.5
217,3040,3.0
227,3040,4.0
246,3040,3.0
327,3040,3.0
393,3040,5.0
404,3040,5.0
58,3041,3.5
442,3041,3.5
254,3042,3.5
434,3042,2.5
33,3043,1.5
73,3043,4.0
175,3043,3.0
327,3043,2.0
392,3043,3.5
415,3043,4.0
414,3044,3.5
228,3045,3.5
175,3046,4.5
212,3046,3.0
246,3046,3.5
411,3046,4.0
47,3047,4.5
12,3048,4.0
227,3048,4.0
228,3048,3.0
274,3048,3.5
442,3048,3.5
275,3049,5.0
299,3049,3.5
434,3049,2.5
228,3050,3.5
122,3051,3.0
145,3051,4.5
172,3051,4.5
175,3051,4.0
228,3051,4.0
246,3051,3.5
277,3051,3.5
416,3051,1.5
64,3052,4.5
175,3052,3.0
217,3052,3.5
327,3052,3.0
327,3053,2.5
327,3054,1.5
33,3055,2.5
142,3055,3.5
175,3055,4.0
228,3055,4.0
255,3055,4.5
275,3055,4.0
327,3055,3.5
380,3055,2.5
392,3055,3.5
412,3055,3.0
432,3055,3.5
442,3055,3.5
228,3056,4.0
373,3057,3.0
353,3058,4.0
41,3059,3.5
73,3059,4.0
122,3059,4.0
145,3059,4.5
175,3059,4.0
178,3059,4.5
217,3059,3.0
228,3059,4.0
255,3059,4.5
327,3059,4.0
337,3059,2.5
353,3059,3.5
368,3059,3.5
373,3059,3.0
375,3059,4.0
380,3059,5.0
416,3059,2.5
442,3059,3.5
172,3060,5.0
212,3060,0.5
254,3060,2.5
73,3061,4.0
207,3061,1.5
247,3061,3.5
327,3061,2.0
416,3061,0.5
304,3062,5.0
49,3063,4.0
198,3063,4.5
227,3063,5.0
299,3063,4.0
327,3063,4.5
337,3063,4.5
357,3063,3.5
358,3063,3.5
359,3063,4.0
434,3063,2.5
442,3063,4.0
198,3064,4.0
416,3064,1.0
33,3065,1.5
47,3065,3.0
175,3065,4.0
212,3065,1.0
275,3065,5.0
327,3065,3.5
353,3065,3.5
380,3065,1.0
416,3065,1.5
434,3065,2.0
6,3066,3.0
79,3066,1.5
122,3066,2.0
142,3066,1.0
198,3066,4.0
353,3066,2.5
414,3066,1.5
73,3067,4.0
327,3067,3.5
416,3067,1.5
212,3068,2.5
228,3068,4.5
254,3068,3.5
327,3068,3.0
353,3068,4.0
411,3068,4.0
442,3069,4.0
75,3070,3.5
373,3071,2.5
327,3072,1.5
79,3073,4.5
212,3073,2.0
264,3073,3.5
327,3073,1.5
392,3073,3.0
311,3074,3.5
327,3074,2.0
373,3075,4.0
64,3076,5.0
64,3077,5.0
380,3078,0.5
89,3079,4.5
327,3079,1.5
156,3080,1.5
12,3081,3.5
175,3081,4.0
207,3081,3.5
217,3081,5.0
255,3081,2.5
275,3081,3.0
392,3081,4.0
412,3081,2.5
413,3081,4.0
442,3081,3.0
9,3082,3.0
12,3082,4.0
15,3082,3.5
41,3082,4.0
42,3082,0.5
47,3082,5.0
51,3082,4.0
58,3082,4.5
73,3082,3.5
74,3082,4.0
75,3082,4.0
87,3082,3.5
89,3082,2.0
97,3082,2.0
99,3082,3.5
122,3082,4.5
146,3082,4.0
147,3082,2.5
156,3082,4.0
173,3082,4.0
174,3082,3.0
175,3082,4.0
182,3082,4.0
198,3082,5.0
207,3082,4.5
217,3082,2.0
220,3082,3.0
228,3082,3.5
240,3082,3.5
255,3082,4.0
258,3082,4.5
274,3082,2.5
275,3082,3.0
299,3082,3.5
303,3082,4.0
325,3082,5.0
336,3082,0.5
341,3082,2.5
347,3082,4.0
362,3082,4.5
368,3082,2.0
373,3082,3.5
375,3082,3.5
386,3082,3.5
392,3082,2.5
404,3082,3.5
411,3082,3.0
412,3082,3.0
414,3082,3.5
416,3082,1.0
424,3082,4.0
427,3082,3.5
439,3082,4.5
442,3082,4.0
1,3083,3.5
6,3083,5.0
9,3083,2.0
10,3083,4.5
12,3083,4.0
15,3083,3.5
18,3083,4.0
19,3083,5.0
23,3083,5.0
27,3083,1.0
41,3083,5.0
42,3083,5.0
47,3083,4.0
51,3083,5.0
73,3083,4.5
75,3083,4.0
79,3083,3.5
80,3083,5.0
85,3083,4.5
86,3083,4.0
92,3083,4.0
97,3083,4.0
99,3083,4.0
105,3083,0.5
122,3083,4.0
127,3083,4.0
131,3083,3.5
146,3083,5.0
147,3083,3.5
156,3083,4.5
160,3083,4.0
165,3083,3.5
173,3083,4.0
175,3083,4.0
197,3083,5.0
200,3083,4.0
212,3083,3.0
217,3083,5.0
220,3083,3.0
227,3083,4.0
228,3083,3.0
237,3083,1.0
239,3083,4.0
246,3083,3.0
255,3083,4.0
258,3083,4.5
262,3083,4.0
264,3083,2.5
265,3083,4.0
274,3083,4.5
275,3083,4.0
284,3083,5.0
295,3083,4.0
299,3083,4.5
317,3083,4.5
323,3083,5.0
327,3083,3.5
344,3083,5.0
347,3083,4.0
373,3083,4.0
375,3083,5.0
377,3083,3.0
378,3083,5.0
384,3083,4.0
385,3083,5.0
386,3083,3.5
389,3083,4.5
411,3083,3.5
412,3083,4.0
419,3083,5.0
424,3083,4.5
427,3083,4.5
432,3083,3.5
434,3083,3.0
436,3083,4.5
442,3083,4.5
15,3084,3.5
58,3084,4.0
86,3084,4.0
122,3084,3.0
175,3084,4.0
207,3084,2.5
227,3084,3.0
228,3084,3.0
237,3084,2.0
255,3084,3.0
272,3084,5.0
327,3084,2.0
380,3084,2.0
404,3084,3.5
411,3084,3.5
412,3084,2.5
416,3084,2.5
442,3084,3.5
12,3085,4.0
18,3085,3.5
41,3085,5.0
44,3085,4.5
51,3085,5.0
73,3085,4.0
75,3085,4.0
79,3085,4.0
85,3085,4.0
87,3085,4.0
89,3085,3.5
122,3085,4.0
143,3085,4.5
146,3085,4.0
156,3085,3.5
172,3085,4.5
175,3085,3.5
197,3085,3.0
206,3085,4.0
207,3085,4.5
212,3085,3.0
217,3085,3.0
228,3085,3.5
250,3085,4.0
275,3085,2.0
277,3085,4.5
295,3085,5.0
299,3085,3.5
327,3085,2.5
337,3085,1.5
357,3085,3.5
373,3085,3.5
392,3085,4.0
404,3085,4.0
412,3085,4.5
432,3085,3.5
434,3085,3.0
442,3085,3.5
434,3086,2.5
175,3087,4.0
212,3087,0.5
156,3088,1.5
327,3088,2.0
414,3088,2.5
15,3089,4.0
42,3089,4.0
47,3089,3.0
58,3089,4.5
104,3089,3.0
122,3089,3.5
175,3089,4.0
212,3089,4.0
217,3089,4.0
227,3089,4.0
246,3089,4.0
275,3089,3.0
299,3089,2.0
316,3089,4.0
327,3089,2.5
392,3089,4.5
416,3089,2.5
419,3089,4.5
424,3089,4.0
427,3089,4.0
434,3089,3.0
442,3089,4.5
73,3090,3.5
327,3090,4.0
353,3090,3.5
380,3090,3.0
434,3090,2.5
1,3091,2.5
12,3091,3.5
30,3091,2.5
41,3091,4.5
42,3091,4.0
58,3091,5.0
75,3091,4.0
79,3091,3.5
85,3091,5.0
86,3091,4.0
142,3091,5.0
147,3091,4.0
160,3091,4.0
165,3091,3.0
167,3091,3.0
172,3091,1.0
207,3091,1.5
212,3091,2.0
227,3091,5.0
228,3091,3.5
235,3091,2.5
237,3091,1.0
239,3091,5.0
240,3091,1.0
246,3091,5.0
254,3091,4.0
255,3091,4.0
284,3091,0.5
299,3091,4.0
309,3091,3.5
316,3091,5.0
327,3091,4.0
357,3091,4.0
358,3091,3.5
362,3091,5.0
380,3091,0.5
384,3091,5.0
389,3091,4.0
411,3091,4.0
419,3091,2.5
424,3091,4.0
442,3091,4.0
277,3092,2.0
442,3092,3.0
73,3093,1.0
277,3093,1.0
327,3094,1.5
89,3095,4.5
175,3095,2.5
299,3095,4.0
228,3096,4.5
217,3097,4.0
327,3097,2.0
386,3098,3.5
327,3099,1.5
353,3100,3.0
327,3101,2.5
89,3102,4.5
58,3103,4.5
175,3103,3.5
240,3103,3.5
254,3103,3.5
275,3103,4.0
73,3104,3.5
175,3104,4.0
212,3104,3.0
228,3104,4.0
327,3104,1.0
368,3104,2.0
175,3105,3.5
246,3105,4.0
368,3105,2.0
434,3106,2.5
175,3107,3.0
327,3107,2.5
434,3107,3.0
33,3108,3.0
254,3109,4.0
327,3109,2.5
12,3110,3.5
207,3111,2.0
327,3112,2.0
416,3113,1.5
246,3114,4.5
6,3115,5.0
27,3115,4.0
64,3115,2.5
75,3115,5.0
85,3115,4.5
89,3115,4.0
104,3115,3.0
105,3115,3.0
144,3115,4.0
163,3115,2.0
165,3115,3.5
170,3115,4.5
182,3115,5.0
214,3115,4.0
217,3115,5.0
220,3115,1.0
235,3115,5.0
246,3115,4.5
253,3115,5.0
302,3115,5.0
326,3115,5.0
341,3115,4.5
343,3115,4.5
347,3115,5.0
353,3115,4.5
355,3115,3.5
364,3115,2.0
373,3115,3.5
375,3115,5.0
385,3115,4.0
387,3115,5.0
398,3115,5.0
404,3115,5.0
411,3115,3.0
414,3115,3.5
423,3115,4.5
424,3115,5.0
79,3116,3.0
327,3116,1.0
434,3117,1.5
442,3117,4.0
218,3118,2.0
316,3118,4.0
442,3118,3.5
47,3119,2.0
89,3119,4.5
175,3119,4.5
212,3119,3.0
217,3119,4.0
264,3119,0.5
327,3119,3.5
442,3119,5.0
228,3120,4.0
254,3120,3.5
33,3121,1.0
147,3122,4.0
327,3122,2.0
33,3123,4.0
228,3123,4.5
42,3124,5.0
175,3125,3.5
217,3125,4.0
327,3125,2.5
442,3125,3.5
51,3126,3.5
368,3126,1.5
373,3126,3.0
42,3127,5.0
75,3127,4.5
86,3127,5.0
198,3127,4.0
212,3127,4.0
300,3127,4.5
355,3127,1.0
362,3127,5.0
384,3127,5.0
419,3127,5.0
64,3128,5.0
353,3128,4.0
327,3129,2.5
434,3130,2.5
416,3131,0.5
89,3132,4.5
411,3132,4.0
357,3133,2.0
240,3134,2.0
275,3134,2.0
357,3134,0.5
416,3134,1.5
432,3134,2.0
432,3135,3.5
64,3136,4.5
122,3136,4.0
122,3137,5.0
64,3138,5.0
373,3139,3.5
277,3140,1.5
442,3141,3.0
327,3142,1.5
79,3143,1.5
175,3143,3.0
212,3143,1.5
217,3143,4.5
264,3143,0.5
327,3143,1.5
368,3143,0.5
415,3143,3.5
51,3144,3.5
175,3144,3.0
368,3144,2.5
416,3144,1.5
427,3144,5.0
47,3145,4.0
156,3145,3.5
327,3145,3.0
353,3145,4.5
58,3146,4.5
368,3146,3.0
33,3147,1.0
47,3147,3.5
51,3147,3.5
64,3147,2.0
79,3147,3.5
175,3147,3.5
327,3147,2.0
357,3147,3.5
392,3147,2.0
412,3147,2.0
415,3147,2.5
175,3148,3.5
207,3148,3.5
212,3148,3.0
255,3148,2.0
295,3148,4.0
327,3148,2.0
373,3148,3.5
392,3148,4.0
408,3148,4.0
416,3148,1.0
442,3148,3.5
79,3149,4.5
175,3149,4.0
212,3149,2.0
264,3149,2.5
434,3150,2.5
15,3151,3.0
23,3151,5.0
47,3151,5.0
51,3151,4.5
64,3151,3.0
79,3151,5.0
86,3151,4.5
89,3151,4.0
147,3151,4.0
175,3151,4.0
198,3151,4.0
212,3151,2.5
217,3151,4.5
228,3151,4.0
255,3151,2.0
264,3151,4.5
327,3151,4.5
354,3151,4.5
373,3151,3.0
386,3151,4.0
392,3151,4.0
403,3151,4.0
411,3151,3.0
415,3151,4.0
432,3151,3.5
434,3151,2.5
175,3152,4.0
175,3153,3.0
275,3153,5.0
327,3153,1.5
442,3154,2.5
240,3155,3.0
35,3156,5.0
47,3156,4.5
212,3156,3.0
228,3156,3.5
386,3156,4.5
353,3157,3.0
434,3157,1.5
380,3158,1.5
175,3159,3.0
240,3159,2.0
327,3159,1.5
392,3159,4.0
75,3160,4.0
74,3161,3.5
217,3161,4.0
442,3162,3.5
79,3163,1.5
175,3163,4.0
264,3163,3.5
368,3163,1.5
35,3164,3.5
147,3164,4.0
175,3164,5.0
197,3164,4.0
217,3164,5.0
275,3164,5.0
392,3164,4.5
434,3164,3.0
442,3164,5.0
27,3165,2.0
47,3165,3.5
51,3165,2.0
58,3165,4.0
86,3165,5.0
89,3165,4.5
175,3165,5.0
212,3165,3.0
217,3165,5.0
227,3165,3.0
246,3165,3.5
255,3165,4.5
275,3165,5.0
299,3165,4.5
368,3165,4.0
373,3165,4.0
391,3165,5.0
412,3165,3.0
413,3165,5.0
419,3165,4.5
434,3165,3.5
442,3165,5.0
89,3166,4.5
327,3167,1.5
368,3167,1.0
327,3168,2.0
373,3169,4.5
327,3170,1.5
74,3171,3.0
172,3171,4.5
368,3171,0.5
392,3171,4.0
217,3172,4.0
327,3172,1.0
392,3172,2.0
6,3173,4.5
327,3173,2.5
353,3173,4.0
380,3173,4.5
434,3174,2.0
357,3175,3.5
368,3175,3.5
74,3176,4.0
228,3176,4.0
275,3177,3.0
175,3178,3.5
327,3178,2.5
353,3178,3.5
389,3178,0.5
327,3179,2.0
415,3179,3.0
414,3180,4.0
247,3181,4.0
275,3181,3.0
79,3182,4.0
122,3182,3.0
217,3182,1.5
327,3182,2.0
373,3182,2.5
434,3182,2.0
327,3183,2.5
15,3184,3.0
64,3184,4.5
373,3184,3.5
64,3185,4.0
15,3186,4.0
33,3186,2.0
64,3186,2.0
75,3186,4.0
86,3186,4.5
89,3186,4.5
127,3186,4.0
175,3186,4.0
198,3186,1.5
212,3186,2.0
217,3186,4.5
228,3186,4.0
247,3186,4.0
264,3186,3.0
327,3186,3.5
375,3186,4.0
415,3186,5.0
228,3187,4.0
15,3188,4.0
18,3188,4.0
41,3188,3.5
79,3188,1.0
122,3188,2.0
156,3188,3.0
172,3188,4.0
175,3188,4.0
207,3188,3.5
212,3188,2.5
228,3188,3.5
275,3188,5.0
327,3188,2.5
353,3188,3.0
373,3188,3.0
386,3188,3.5
392,3188,3.5
442,3188,3.5
175,3189,3.5
327,3189,2.0
353,3189,2.5
373,3189,2.5
392,3189,3.0
408,3189,3.5
373,3190,3.5
353,3191,5.0
74,3192,4.0
75,3192,2.5
327,3192,3.5
9,3193,3.0
33,3193,1.5
41,3193,3.5
47,3193,3.0
58,3193,5.0
86,3193,4.0
97,3193,1.5
175,3193,4.5
197,3193,3.0
212,3193,3.5
217,3193,2.5
227,3193,4.0
228,3193,4.0
237,3193,2.0
239,3193,5.0
255,3193,4.5
275,3193,4.0
295,3193,2.0
299,3193,3.0
327,3193,2.5
353,3193,2.5
392,3193,3.0
412,3193,2.0
419,3193,4.5
424,3193,4.0
434,3193,3.5
442,3193,3.5
442,3194,3.5
327,3195,3.0
442,3195,4.0
327,3196,2.5
89,3197,3.5
79,3198,4.5
212,3198,1.5
228,3198,4.0
327,3198,2.0
392,3198,3.0
47,3199,3.5
64,3199,3.0
75,3199,4.0
86,3199,5.0
89,3199,5.0
105,3199,5.0
147,3199,4.5
167,3199,3.5
175,3199,5.0
198,3199,5.0
207,3199,2.0
212,3199,3.0
227,3199,3.0
228,3199,3.5
239,3199,4.0
255,3199,4.0
299,3199,4.5
311,3199,2.0
327,3199,3.5
355,3199,2.5
362,3199,4.5
363,3199,3.5
384,3199,4.5
386,3199,4.5
398,3199,2.0
411,3199,3.5
416,3199,3.5
434,3199,4.0
442,3199,4.0
275,3200,4.0
277,3200,3.5
427,3200,4.0
275,3201,4.0
15,3202,3.0
327,3202,2.5
393,3202,3.0
86,3203,4.0
89,3203,3.5
175,3203,4.0
212,3203,3.0
299,3203,4.0
442,3203,4.0
85,3204,4.0
145,3204,4.0
172,3204,4.5
175,3204,3.5
280,3204,5.0
327,3204,2.5
412,3204,2.0
416,3204,2.5
439,3204,2.5
299,3205,4.0
275,3206,5.0
6,3207,4.0
15,3207,3.5
35,3207,5.0
47,3207,3.0
64,3207,1.5
89,3207,3.5
105,3207,0.5
111,3207,3.5
122,3207,4.0
143,3207,4.0
145,3207,3.0
172,3207,4.0
175,3207,4.0
178,3207,4.5
207,3207,3.0
277,3207,4.0
327,3207,3.0
353,3207,4.0
363,3207,3.0
373,3207,4.0
380,3207,2.5
385,3207,4.5
386,3207,4.0
392,3207,3.0
412,3207,2.5
416,3207,2.0
427,3207,5.0
432,3207,4.0
436,3207,4.0
442,3207,3.5
75,3208,5.0
414,3209,3.0
327,3210,3.0
175,3211,3.0
327,3211,2.0
375,3211,3.5
412,3211,3.0
434,3211,2.5
442,3211,2.5
47,3212,3.5
156,3213,2.0
275,3213,3.0
327,3213,2.0
414,3213,4.0
175,3214,4.5
299,3214,4.0
392,3214,4.0
75,3215,5.0
75,3216,4.5
75,3217,4.5
220,3217,3.0
442,3217,4.0
12,3218,2.5
15,3218,3.5
47,3218,3.5
51,3218,3.5
79,3218,2.5
85,3218,4.5
89,3218,4.5
175,3218,3.5
182,3218,3.5
207,3218,1.5
212,3218,2.0
264,3218,5.0
275,3218,4.0
299,3218,3.0
327,3218,4.0
359,3218,3.0
392,3218,1.5
414,3218,4.0
415,3218,3.5
434,3218,2.0
442,3218,4.0
6,3219,4.0
47,3219,3.5
74,3219,2.5
156,3219,1.5
434,3219,2.0
327,3220,3.5
6,3221,3.0
15,3221,3.5
23,3221,5.0
47,3221,4.0
51,3221,4.0
61,3221,4.5
82,3221,0.5
97,3221,2.5
105,3221,0.5
122,3221,4.0
146,3221,4.5
172,3221,3.0
175,3221,4.5
207,3221,3.5
212,3221,2.0
217,3221,0.5
228,3221,3.0
275,3221,4.0
299,3221,3.5
327,3221,3.5
334,3221,3.0
344,3221,5.0
347,3221,3.5
392,3221,3.5
412,3221,3.0
416,3221,2.0
427,3221,4.5
432,3221,3.0
434,3221,3.0
442,3221,3.5
6,3222,3.5
33,3222,1.0
64,3222,4.0
79,3222,3.0
175,3222,3.0
218,3222,3.0
122,3223,2.5
175,3223,4.5
228,3223,3.0
299,3223,4.0
373,3223,3.0
416,3223,3.0
442,3223,3.5
175,3224,3.0
327,3224,2.5
47,3225,3.0
64,3226,4.5
89,3227,4.5
434,3228,2.0
79,3229,4.0
156,3229,2.5
175,3229,3.5
207,3229,1.0
228,3229,3.0
264,3229,4.0
327,3229,2.0
353,3229,3.0
392,3229,4.0
327,3230,2.5
89,3231,4.5
277,3232,0.5
42,3233,4.0
75,3233,4.0
275,3233,4.0
373,3233,3.5
442,3233,4.0
175,3234,3.5
228,3234,4.0
434,3234,2.0
442,3234,4.5
47,3235,4.0
175,3235,3.5
275,3235,3.0
327,3235,1.5
353,3235,3.0
392,3235,4.0
412,3235,2.5
442,3235,4.0
353,3236,4.0
156,3237,3.5
75,3238,4.0
165,3238,3.0
228,3238,4.0
6,3239,5.0
15,3239,4.0
18,3239,3.5
33,3239,2.5
35,3239,3.0
41,3239,4.5
42,3239,3.5
47,3239,4.5
51,3239,5.0
58,3239,4.5
73,3239,4.0
85,3239,3.5
86,3239,4.5
97,3239,3.5
143,3239,3.0
144,3239,4.0
147,3239,4.0
172,3239,4.5
175,3239,4.0
182,3239,4.0
187,3239,4.0
197,3239,5.0
207,3239,4.0
217,3239,3.5
237,3239,3.5
239,3239,4.0
246,3239,3.5
255,3239,4.0
272,3239,4.5
275,3239,2.0
284,3239,5.0
295,3239,3.0
299,3239,4.0
327,3239,4.0
357,3239,4.0
380,3239,1.0
384,3239,4.5
386,3239,4.0
387,3239,3.5
392,3239,3.5
404,3239,4.5
412,3239,3.0
415,3239,3.0
416,3239,3.0
419,3239,5.0
424,3239,4.5
427,3239,3.5
432,3239,3.0
434,3239,3.5
442,3239,4.0
47,3240,3.0
64,3240,2.5
79,3240,3.0
264,3240,3.5
304,3240,4.0
327,3240,4.0
373,3240,3.0
392,3240,3.5
415,3240,4.5
327,3241,2.0
207,3242,1.0
386,3243,2.0
327,3244,3.0
432,3244,4.0
353,3245,3.0
75,3246,4.5
175,3247,4.0
175,3248,4.0
299,3248,3.0
327,3248,2.0
353,3248,4.0
392,3248,3.0
325,3249,5.0
12,3250,4.0
79,3250,3.5
275,3250,4.0
434,3250,3.0
156,3251,3.5
327,3251,1.5
353,3251,1.5
12,3252,4.0
75,3252,4.5
299,3252,4.5
337,3252,4.0
380,3253,3.0
327,3254,2.5
258,3255,4.0
30,3256,4.0
15,3257,3.5
30,3257,1.5
51,3257,3.5
79,3257,4.5
89,3257,4.0
122,3257,5.0
147,3257,3.5
212,3257,3.0
217,3257,4.0
218,3257,4.0
264,3257,1.5
299,3257,3.5
327,3257,3.0
353,3257,4.0
373,3257,4.5
377,3257,4.0
386,3257,4.0
392,3257,4.0
425,3257,4.0
432,3257,3.5
33,3258,2.5
75,3258,5.0
321,3258,4.0
9,3259,3.0
12,3259,3.0
18,3259,3.0
33,3259,2.0
41,3259,4.0
42,3259,4.5
75,3259,4.0
97,3259,2.0
106,3259,5.0
122,3259,3.0
141,3259,4.5
145,3259,3.5
175,3259,5.0
182,3259,4.0
212,3259,4.0
217,3259,2.5
228,3259,3.5
239,3259,3.5
240,3259,3.5
255,3259,3.5
275,3259,3.0
299,3259,4.5
362,3259,5.0
373,3259,3.0
384,3259,3.5
386,3259,4.0
392,3259,3.0
411,3259,3.5
419,3259,5.0
424,3259,2.5
434,3259,3.5
442,3259,5.0
79,3260,4.0
212,3260,2.0
327,3260,1.5
12,3261,4.0
64,3261,2.5
434,3261,2.5
58,3262,4.0
175,3262,3.5
327,3263,1.5
73,3264,4.0
86,3264,5.0
175,3264,4.5
228,3264,3.0
299,3264,4.0
434,3264,3.0
86,3265,5.0
175,3265,4.0
197,3265,3.5
212,3265,3.0
217,3265,5.0
264,3265,1.5
275,3265,5.0
299,3265,4.0
327,3265,2.0
375,3265,3.0
392,3265,4.5
412,3265,4.0
432,3265,4.0
434,3265,3.5
30,3266,4.0
35,3266,5.0
175,3266,4.0
217,3266,3.5
227,3266,3.0
442,3266,4.0
275,3267,2.0
442,3267,3.5
23,3268,5.0
41,3268,5.0
51,3268,4.0
75,3268,4.0
100,3268,2.0
105,3268,3.5
111,3268,3.5
147,3268,4.0
173,3268,3.0
175,3268,5.0
198,3268,5.0
212,3268,3.0
220,3268,5.0
264,3268,1.5
299,3268,4.0
303,3268,4.5
373,3268,3.0
386,3268,3.5
414,3268,4.0
432,3268,4.0
27,3269,4.0
41,3269,4.0
75,3269,5.0
87,3269,4.5
89,3269,4.5
104,3269,4.0
227,3269,4.0
235,3269,4.0
246,3269,4.0
364,3269,5.0
442,3270,5.0
41,3271,3.5
85,3271,5.0
175,3271,3.5
275,3271,3.0
327,3271,1.0
427,3271,5.0
442,3271,2.0
58,3272,4.0
64,3273,5.0
411,3274,3.5
264,3275,1.5
414,3276,3.5
6,3277,0.5
156,3278,2.5
228,3278,4.5
79,3279,2.0
175,3279,3.0
442,3280,4.0
33,3281,2.0
64,3281,5.0
175,3281,3.5
218,3281,3.5
228,3281,3.5
264,3281,2.0
327,3281,2.5
386,3281,3.5
392,3281,4.5
427,3281,4.0
439,3281,3.5
434,3282,3.0
33,3283,3.5
75,3283,4.0
111,3283,4.5
122,3283,5.0
127,3283,4.5
147,3283,4.0
156,3283,4.5
160,3283,4.5
175,3283,4.5
197,3283,3.5
212,3283,3.0
217,3283,4.5
227,3283,2.0
228,3283,4.0
246,3283,4.0
255,3283,4.0
272,3283,5.0
274,3283,3.5
298,3283,5.0
299,3283,4.0
304,3283,1.5
327,3283,4.0
353,3283,4.5
362,3283,5.0
384,3283,2.5
386,3283,4.0
393,3283,4.5
442,3283,4.0
86,3284,4.0
122,3284,4.0
175,3284,3.5
197,3284,3.0
212,3284,3.0
228,3284,4.5
255,3284,3.5
275,3284,5.0
299,3284,4.0
353,3284,3.5
393,3284,2.5
411,3284,3.0
412,3284,2.0
434,3284,3.0
442,3284,3.5
327,3285,3.0
207,3286,1.0
327,3286,1.5
275,3287,3.0
442,3287,3.0
353,3288,2.5
442,3289,3.0
327,3290,1.5
12,3291,3.5
44,3291,4.0
75,3291,4.0
89,3291,4.0
156,3291,3.0
175,3291,4.0
217,3291,4.5
228,3291,4.0
246,3291,4.0
255,3291,5.0
327,3291,3.0
353,3291,4.5
375,3291,4.0
392,3291,4.5
411,3291,2.5
424,3291,3.0
432,3291,3.0
434,3291,3.0
442,3291,3.5
240,3292,4.0
275,3293,3.0
64,3294,2.5
79,3294,3.5
175,3294,3.5
212,3294,0.5
327,3294,2.5
392,3294,4.0
416,3294,1.5
327,3295,2.0
156,3296,2.0
175,3296,3.5
228,3296,4.5
327,3296,2.5
304,3297,5.0
386,3297,4.5
327,3298,4.0
228,3299,4.0
15,3300,2.0
23,3300,4.0
42,3300,5.0
47,3300,4.0
79,3300,3.5
89,3300,3.5
122,3300,4.0
160,3300,4.0
175,3300,4.5
178,3300,3.5
197,3300,2.0
218,3300,4.0
275,3300,5.0
327,3300,3.5
334,3300,4.5
392,3300,4.5
411,3300,3.5
412,3300,4.0
416,3300,2.5
424,3300,3.0
432,3300,4.0
442,3300,4.0
27,3301,4.0
30,3301,3.5
41,3301,4.0
44,3301,3.0
47,3301,3.5
51,3301,3.5
70,3301,5.0
75,3301,4.0
100,3301,3.0
105,3301,3.5
122,3301,4.5
156,3301,2.5
175,3301,4.5
212,3301,3.0
237,3301,0.5
239,3301,5.0
246,3301,3.5
299,3301,4.0
325,3301,5.0
327,3301,4.0
353,3301,4.5
359,3301,2.0
362,3301,5.0
386,3301,4.0
389,3301,3.5
413,3301,4.5
414,3301,3.5
415,3301,3.5
434,3301,3.0
442,3301,4.5
30,3302,4.0
33,3302,2.5
87,3302,4.0
156,3302,3.0
207,3302,2.0
246,3302,3.5
299,3302,4.0
327,3302,3.5
362,3302,5.0
327,3303,3.0
6,3304,1.0
9,3304,4.0
12,3304,3.0
15,3304,3.5
30,3304,3.5
33,3304,2.0
41,3304,4.5
70,3304,4.0
76,3304,4.5
89,3304,4.0
122,3304,4.5
133,3304,4.0
147,3304,4.0
170,3304,4.5
175,3304,4.5
182,3304,4.5
197,3304,3.0
228,3304,4.0
246,3304,4.0
255,3304,4.0
302,3304,3.5
327,3304,3.0
353,3304,5.0
362,3304,5.0
373,3304,3.5
380,3304,1.0
386,3304,3.5
404,3304,4.0
412,3304,3.0
416,3304,2.0
442,3304,4.0
434,3305,2.5
442,3306,2.5
442,3307,3.5
79,3308,5.0
156,3308,3.0
386,3309,3.0
434,3309,3.0
12,3310,4.0
15,3310,3.5
145,3310,4.0
156,3310,4.0
275,3310,5.0
432,3310,3.5
434,3310,3.5
122,3311,4.5
272,3311,5.0
327,3311,3.5
362,3311,5.0
327,3312,1.5
327,3313,1.5
6,3314,3.0
79,3314,1.5
353,3314,2.0
414,3314,1.0
327,3315,3.5
175,3316,2.5
442,3316,2.0
103,3317,4.5
106,3317,5.0
145,3317,4.5
147,3317,4.0
218,3317,3.0
327,3317,2.5
373,3317,3.5
386,3317,3.0
392,3317,3.5
427,3317,5.0
432,3317,4.0
439,3317,3.0
64,3318,5.0
327,3318,3.0
327,3319,1.5
58,3320,4.0
42,3321,5.0
75,3321,4.0
103,3321,5.0
178,3321,5.0
275,3321,5.0
373,3321,4.0
392,3321,4.0
434,3321,3.0
12,3322,3.5
175,3322,4.0
228,3322,3.5
327,3322,3.0
353,3322,3.5
75,3323,4.5
89,3324,4.5
434,3325,2.5
12,3326,4.0
35,3326,3.5
41,3326,4.5
47,3326,4.5
75,3326,4.0
97,3326,4.0
141,3326,5.0
147,3326,3.5
175,3326,4.5
182,3326,3.5
197,3326,3.0
212,3326,3.0
217,3326,3.0
228,3326,4.0
237,3326,3.0
255,3326,5.0
262,3326,4.0
275,3326,5.0
277,3326,4.5
284,3326,5.0
290,3326,3.0
295,3326,4.0
303,3326,4.0
304,3326,5.0
321,3326,3.5
323,3326,3.5
327,3326,2.5
337,3326,3.5
341,3326,4.0
353,3326,4.5
357,3326,4.0
373,3326,3.5
392,3326,3.0
404,3326,1.0
408,3326,4.0
419,3326,5.0
427,3326,4.5
432,3326,3.5
434,3326,2.5
442,3326,3.5
327,3327,2.0
327,3328,1.5
22,3329,4.5
58,3329,4.5
122,3329,3.5
156,3329,2.5
175,3329,4.0
227,3329,4.0
272,3329,5.0
275,3329,4.0
299,3329,4.0
304,3329,5.0
327,3329,4.0
362,3329,5.0
386,3329,3.5
393,3329,4.0
327,3330,1.5
79,3331,2.0
86,3331,3.5
89,3331,4.5
122,3331,4.0
175,3331,4.0
255,3331,4.0
264,3331,2.5
337,3331,3.5
362,3331,4.5
392,3331,4.0
413,3331,4.0
425,3331,3.0
434,3331,2.5
442,3331,3.0
442,3332,4.0
353,3333,3.0
51,3334,1.5
264,3334,3.5
327,3334,2.5
85,3335,4.0
122,3335,3.5
156,3335,3.0
175,3335,3.0
197,3335,3.0
264,3335,2.0
275,3335,4.0
295,3335,5.0
299,3335,3.5
327,3335,2.5
392,3335,4.0
442,3335,3.5
1,3336,3.5
9,3336,1.0
12,3336,4.0
15,3336,3.5
22,3336,4.5
27,3336,4.0
33,3336,3.0
41,3336,5.0
46,3336,4.0
47,3336,2.5
51,3336,5.0
54,3336,4.0
73,3336,4.5
75,3336,4.0
79,3336,4.0
80,3336,4.0
85,3336,4.0
86,3336,5.0
87,3336,4.5
89,3336,4.0
97,3336,2.5
99,3336,5.0
105,3336,1.0
122,3336,3.5
143,3336,4.5
147,3336,4.5
156,3336,4.0
165,3336,3.5
170,3336,4.0
173,3336,3.5
175,3336,4.5
182,3336,5.0
187,3336,4.0
193,3336,3.5
197,3336,4.0
212,3336,3.0
214,3336,3.5
217,3336,5.0
228,3336,5.0
235,3336,4.5
237,3336,3.0
239,3336,5.0
246,3336,3.0
255,3336,4.5
264,3336,3.0
274,3336,3.0
275,3336,4.0
277,3336,4.5
298,3336,4.5
299,3336,4.5
300,3336,4.5
309,3336,4.5
317,3336,2.0
327,3336,3.0
334,3336,5.0
336,3336,4.5
353,3336,5.0
362,3336,5.0
373,3336,4.0
375,3336,4.0
384,3336,5.0
392,3336,2.0
393,3336,4.5
398,3336,4.0
411,3336,3.5
412,3336,3.0
419,3336,5.0
424,3336,4.5
434,3336,3.5
436,3336,4.0
442,3336,4.5
64,3337,3.0
79,3337,3.0
89,3337,4.0
175,3337,2.5
327,3337,2.0
392,3337,4.5
425,3337,2.0
442,3337,4.0
75,3338,4.5
156,3338,3.5
373,3338,3.0
41,3339,4.0
103,3339,3.0
363,3339,4.0
373,3339,3.5
386,3339,4.0
416,3339,2.5
432,3339,3.5
327,3340,2.0
89,3341,4.5
442,3341,3.5
15,3342,1.5
434,3342,3.0
327,3343,3.0
76,3344,5.0
434,3345,3.0
442,3346,1.5
12,3347,3.5
175,3347,4.0
327,3347,2.5
175,3348,3.5
73,3349,3.5
416,3349,5.0
12,3350,4.0
89,3350,4.5
156,3350,4.5
160,3350,4.0
212,3350,3.0
275,3350,5.0
389,3350,3.0
434,3350,3.0
327,3351,3.0
64,3352,4.0
175,3353,3.5
275,3353,3.0
416,3354,3.5
434,3354,3.0
442,3354,3.0
327,3355,3.0
228,3356,4.0
353,3357,3.5
79,3358,2.0
89,3358,5.0
442,3358,3.5
228,3359,3.5
442,3360,4.5
175,3361,3.5
212,3361,0.5
275,3361,3.0
392,3361,4.5
442,3361,3.0
79,3362,4.5
327,3363,1.5
228,3364,4.0
75,3365,3.0
327,3366,3.0
327,3367,2.5
30,3368,3.5
58,3368,4.5
122,3368,3.5
362,3368,5.0
411,3368,3.5
442,3368,3.5
64,3369,2.0
79,3369,4.5
218,3369,3.5
327,3369,1.5
442,3370,3.5
327,3371,2.0
33,3372,1.0
156,3372,2.0
207,3372,3.5
275,3372,2.0
327,3372,1.5
392,3372,2.5
64,3373,3.0
79,3373,4.5
264,3373,4.0
277,3373,3.0
414,3374,4.0
75,3375,4.5
228,3375,4.5
337,3376,5.0
442,3377,4.0
145,3378,4.5
427,3378,3.5
27,3379,1.5
75,3379,4.0
170,3379,5.0
277,3380,3.5
58,3381,4.0
442,3381,2.0
105,3382,3.5
89,3383,4.5
295,3383,5.0
175,3384,3.0
212,3384,0.5
327,3384,2.5
392,3384,4.0
416,3384,1.0
416,3385,2.5
33,3386,2.5
175,3387,3.0
353,3387,2.5
392,3387,3.5
75,3388,4.0
442,3388,3.5
89,3389,4.5
145,3389,3.5
212,3389,1.5
264,3389,2.0
392,3389,4.0
442,3389,3.0
79,3390,3.5
85,3390,4.0
86,3390,4.5
100,3390,4.0
175,3390,3.5
207,3390,3.0
392,3390,4.0
416,3390,2.5
427,3390,5.0
64,3391,3.0
327,3391,2.5
353,3391,3.0
327,3392,1.5
175,3393,3.0
207,3393,3.0
217,3393,3.0
228,3393,2.5
277,3393,3.5
412,3393,2.0
416,3393,1.5
427,3393,4.5
264,3394,1.5
327,3394,1.5
27,3395,3.0
30,3395,3.5
175,3395,4.0
434,3395,3.0
442,3395,4.0
327,3396,2.0
156,3397,2.0
327,3398,1.0
373,3398,3.5
380,3398,0.5
433,3398,5.0
51,3399,3.0
327,3399,2.0
353,3399,4.0
414,3399,3.0
275,3400,3.0
442,3400,3.5
228,3401,4.0
442,3401,3.5
353,3402,3.5
398,3402,5.0
9,3403,4.0
15,3403,4.5
41,3403,4.0
58,3403,4.0
86,3403,4.0
122,3403,2.0
175,3403,3.5
197,3403,3.0
207,3403,4.0
212,3403,1.5
255,3403,4.5
295,3403,5.0
327,3403,2.0
347,3403,4.5
373,3403,2.5
392,3403,4.0
412,3403,2.0
416,3403,1.5
434,3403,3.0
442,3403,2.5
327,3404,1.5
327,3405,4.0
75,3406,4.0
373,3406,3.0
385,3406,5.0
392,3406,4.0
105,3407,1.5
206,3408,3.0
175,3409,3.5
212,3409,2.5
264,3409,2.0
275,3409,5.0
327,3409,3.0
275,3410,3.0
442,3411,4.0
442,3412,3.0
275,3413,5.0
416,3414,2.0
41,3415,4.0
79,3415,4.5
127,3415,3.5
147,3415,2.5
175,3415,5.0
207,3415,1.5
212,3415,1.5
228,3415,3.0
255,3415,2.5
264,3415,4.0
327,3415,4.0
362,3415,2.5
415,3415,2.5
442,3415,4.0
12,3416,3.5
15,3416,3.5
41,3416,3.5
58,3416,4.0
97,3416,1.5
105,3416,0.5
127,3416,4.0
145,3416,4.5
175,3416,4.0
206,3416,4.0
207,3416,4.0
212,3416,3.0
217,3416,2.5
228,3416,3.0
239,3416,3.0
275,3416,5.0
277,3416,4.0
284,3416,4.0
327,3416,3.0
337,3416,3.0
353,3416,4.5
384,3416,3.5
392,3416,3.0
403,3416,4.0
412,3416,2.5
416,3416,3.0
419,3416,5.0
424,3416,4.5
427,3416,4.5
432,3416,4.0
434,3416,3.0
442,3416,5.0
327,3417,2.0
235,3418,5.0
255,3418,4.0
411,3418,4.0
327,3419,2.0
64,3420,4.0
327,3420,1.5
18,3421,3.5
27,3421,3.0
33,3421,2.5
47,3421,2.5
51,3421,3.5
75,3421,4.5
79,3421,3.5
122,3421,3.0
207,3421,2.0
217,3421,3.5
228,3421,3.0
246,3421,4.5
303,3421,5.0
327,3421,3.5
362,3421,3.0
380,3421,3.0
385,3421,5.0
386,3421,3.5
411,3421,3.0
412,3421,2.5
12,3422,4.0
42,3422,4.5
47,3422,5.0
51,3422,5.0
97,3422,2.0
160,3422,4.0
175,3422,4.5
182,3422,4.0
207,3422,4.0
228,3422,3.5
255,3422,4.5
275,3422,4.0
284,3422,4.5
299,3422,3.5
327,3422,3.0
337,3422,2.0
373,3422,3.5
384,3422,4.5
386,3422,2.5
392,3422,3.5
412,3422,3.5
416,3422,2.0
419,3422,5.0
427,3422,4.0
432,3422,3.0
434,3422,3.0
442,3422,3.0
15,3423,4.0
51,3423,4.0
64,3423,4.0
79,3423,4.5
85,3423,4.0
175,3423,3.5
212,3423,0.5
327,3423,3.0
353,3423,4.0
415,3423,4.0
434,3424,3.0
175,3425,3.5
275,3425,4.0
64,3426,3.5
79,3426,3.5
156,3426,3.5
175,3426,3.5
264,3426,4.5
327,3426,2.5
362,3426,3.0
392,3426,3.0
15,3427,3.0
175,3427,3.5
264,3427,2.0
275,3427,3.0
277,3427,3.5
392,3427,4.0
442,3427,4.5
79,3428,3.5
327,3428,2.5
228,3429,4.0
442,3430,4.0
416,3431,2.5
442,3432,2.5
327,3433,3.0
228,3434,3.5
434,3435,3.0
327,3436,1.5
416,3436,0.5
12,3437,4.0
41,3437,4.0
79,3437,5.0
85,3437,5.0
147,3437,4.0
174,3437,4.5
175,3437,4.0
197,3437,2.0
207,3437,4.0
217,3437,4.5
237,3437,0.5
264,3437,3.5
303,3437,4.0
309,3437,1.5
377,3437,4.0
386,3437,4.0
392,3437,2.0
411,3437,1.5
415,3437,4.0
416,3437,2.0
432,3437,4.0
442,3437,3.0
64,3438,4.5
15,3439,2.0
147,3439,4.0
212,3439,3.0
415,3439,3.5
434,3440,3.0
41,3441,3.5
47,3441,4.5
86,3441,4.0
127,3441,3.0
175,3441,4.0
207,3441,2.5
212,3441,2.5
217,3441,4.0
246,3441,2.5
275,3441,3.0
277,3441,4.0
295,3441,4.5
327,3441,2.5
347,3441,4.0
373,3441,3.5
392,3441,3.0
404,3441,4.0
412,3441,3.0
416,3441,2.0
432,3441,3.0
434,3441,2.5
442,3441,3.0
212,3442,3.0
299,3442,4.0
58,3443,4.0
217,3443,3.0
264,3443,3.5
442,3443,2.5
442,3444,3.0
337,3445,4.5
386,3445,4.0
156,3446,1.5
175,3446,2.5
15,3447,4.0
51,3447,4.5
85,3447,4.5
86,3447,4.5
100,3447,4.0
111,3447,3.0
122,3447,5.0
175,3447,4.0
207,3447,3.5
212,3447,3.0
327,3447,4.0
347,3447,3.0
385,3447,4.0
416,3447,2.5
427,3447,5.0
442,3447,3.5
33,3448,1.0
127,3449,2.0
442,3450,3.5
327,3451,2.5
15,3452,3.5
33,3452,2.0
86,3452,4.5
175,3452,4.5
182,3452,3.5
212,3452,3.5
217,3452,5.0
255,3452,4.0
275,3452,4.0
327,3452,1.0
386,3452,4.0
412,3452,3.5
434,3452,3.0
442,3452,4.5
275,3453,3.0
75,3454,4.5
156,3454,3.0
309,3454,4.5
327,3454,3.5
353,3454,4.5
434,3455,2.5
9,3456,3.5
47,3456,3.5
51,3456,4.0
58,3456,4.0
175,3456,4.0
207,3456,3.5
212,3456,2.0
217,3456,2.0
228,3456,3.5
246,3456,2.5
255,3456,4.0
264,3456,3.0
275,3456,3.0
325,3456,3.0
327,3456,2.0
353,3456,1.5
392,3456,4.0
416,3456,1.5
442,3456,3.0
12,3457,3.5
15,3457,3.0
86,3457,4.0
147,3457,2.5
175,3457,3.5
182,3457,3.5
207,3457,4.0
217,3457,4.0
246,3457,3.5
255,3457,3.0
275,3457,3.0
327,3457,2.5
347,3457,4.5
375,3457,3.5
392,3457,1.5
442,3457,3.5
6,3458,4.0
15,3458,4.0
32,3458,4.0
33,3458,1.5
51,3458,2.0
79,3458,4.0
85,3458,5.0
100,3458,4.0
145,3458,4.0
175,3458,4.5
200,3458,3.5
207,3458,3.5
218,3458,3.5
280,3458,5.0
327,3458,3.0
373,3458,3.5
392,3458,4.0
416,3458,0.5
427,3458,4.5
6,3459,4.0
15,3459,3.5
207,3459,3.0
217,3459,4.0
327,3459,1.0
412,3459,2.0
41,3460,4.0
86,3460,5.0
89,3460,4.5
147,3460,3.5
175,3460,4.0
197,3460,2.0
207,3460,3.5
212,3460,3.0
228,3460,4.5
255,3460,2.0
275,3460,3.0
295,3460,1.0
299,3460,4.0
327,3460,4.0
353,3460,4.5
392,3460,3.5
393,3460,0.5
442,3460,5.0
434,3461,2.0
15,3462,3.5
79,3462,3.5
147,3462,2.5
218,3462,5.0
264,3462,2.5
295,3462,3.5
15,3463,4.0
147,3463,2.5
228,3463,3.5
327,3463,1.0
392,3463,3.5
416,3463,1.5
442,3463,3.5
275,3464,1.0
442,3465,4.5
327,3466,1.5
175,3467,4.0
212,3467,2.5
327,3468,2.0
433,3468,5.0
295,3469,3.0
327,3469,1.5
416,3469,0.5
442,3469,2.5
64,3470,5.0
100,3471,4.0
175,3472,4.0
337,3472,4.0
175,3473,3.0
327,3473,1.5
353,3473,1.0
442,3474,4.5
58,3475,4.0
218,3475,4.0
246,3475,4.5
255,3475,4.0
262,3475,4.0
391,3475,5.0
442,3475,4.0
327,3476,2.5
12,3477,4.0
41,3477,4.0
86,3477,4.5
175,3477,3.5
207,3477,3.5
212,3477,3.0
264,3477,3.0
275,3477,2.0
327,3477,2.5
385,3477,5.0
392,3477,4.0
404,3477,3.5
416,3477,2.0
432,3477,2.5
434,3477,3.0
442,3477,4.0
15,3478,0.5
175,3478,3.0
353,3478,3.5
15,3479,3.5
79,3479,4.0
228,3479,3.5
264,3479,2.0
442,3479,3.0
15,3480,1.5
327,3480,3.0
327,3481,2.0
15,3482,3.5
217,3482,4.0
415,3482,4.5
27,3483,3.0
175,3483,4.5
212,3483,3.0
434,3483,3.0
85,3484,5.0
156,3484,2.0
212,3484,3.5
42,3485,4.0
75,3485,4.5
212,3485,3.0
384,3485,5.0
277,3486,3.0
416,3486,0.5
277,3487,2.0
327,3487,1.5
353,3487,3.5
416,3487,0.5
327,3488,4.0
327,3489,2.0
392,3489,4.5
275,3490,3.0
15,3491,4.0
41,3491,3.5
51,3491,3.5
64,3491,2.5
79,3491,4.5
147,3491,3.5
165,3491,2.0
175,3491,3.5
212,3491,2.5
217,3491,5.0
218,3491,4.0
255,3491,4.0
264,3491,3.0
327,3491,2.5
337,3491,4.0
353,3491,4.0
359,3491,4.0
362,3491,4.5
377,3491,4.0
382,3491,5.0
415,3491,5.0
79,3492,4.5
247,3492,3.0
327,3492,1.5
392,3492,4.5
393,3492,3.5
12,3493,3.0
79,3493,2.5
175,3493,4.5
212,3493,3.0
264,3493,4.0
275,3493,4.0
299,3493,3.0
327,3493,3.0
353,3493,4.0
392,3493,4.0
442,3493,3.0
175,3494,3.0
228,3494,3.0
275,3494,3.5
392,3494,3.5
442,3494,3.5
280,3495,3.5
327,3495,2.5
227,3496,2.0
386,3496,4.0
33,3497,3.5
212,3497,3.5
385,3497,5.0
127,3498,2.0
156,3498,1.5
353,3498,4.0
416,3499,1.5
64,3500,3.5
337,3500,4.5
6,3501,4.0
15,3501,3.5
41,3501,4.5
75,3501,5.0
89,3501,4.0
111,3501,5.0
175,3501,4.5
212,3501,2.5
264,3501,1.5
299,3501,4.0
303,3501,4.5
359,3501,4.5
373,3501,3.5
415,3501,4.0
442,3501,4.0
275,3502,4.0
434,3502,2.5
275,3503,3.0
442,3503,4.5
79,3504,0.5
327,3505,1.0
9,3506,4.5
15,3506,4.0
22,3506,4.0
30,3506,2.0
33,3506,1.5
47,3506,3.0
70,3506,4.5
75,3506,4.0
85,3506,3.5
86,3506,4.5
122,3506,3.0
170,3506,4.5
173,3506,4.0
175,3506,5.0
182,3506,4.0
197,3506,3.5
207,3506,3.5
217,3506,3.0
227,3506,5.0
246,3506,3.5
255,3506,5.0
299,3506,5.0
327,3506,4.0
336,3506,0.5
353,3506,5.0
363,3506,3.0
373,3506,2.5
377,3506,3.0
393,3506,3.0
416,3506,1.5
424,3506,4.5
434,3506,3.0
41,3507,4.0
212,3507,0.5
414,3507,3.5
64,3508,4.5
416,3508,3.5
12,3509,3.0
27,3509,5.0
41,3509,3.0
75,3509,4.5
87,3509,4.0
147,3509,4.5
175,3509,5.0
197,3509,5.0
227,3509,5.0
246,3509,4.5
255,3509,5.0
262,3509,4.0
264,3509,2.0
309,3509,5.0
412,3509,3.0
442,3509,4.0
327,3510,2.5
353,3510,3.0
414,3510,4.0
218,3511,3.0
442,3511,3.0
33,3512,2.5
75,3512,4.0
85,3512,5.0
87,3512,3.5
143,3512,3.0
156,3512,4.0
160,3512,4.0
217,3512,3.5
275,3512,5.0
327,3512,4.0
442,3512,3.5
79,3513,5.0
434,3513,2.5
442,3513,3.0
416,3514,3.5
442,3514,4.0
51,3515,2.5
175,3515,3.5
212,3515,2.0
327,3515,2.0
327,3516,1.0
217,3517,5.0
228,3517,3.5
235,3517,3.5
327,3517,4.5
6,3518,2.5
327,3518,3.5
15,3519,2.0
89,3519,4.5
175,3519,4.0
212,3519,2.5
228,3519,3.5
264,3519,3.5
327,3519,2.5
411,3519,2.5
411,3520,3.5
33,3521,3.5
228,3521,4.0
228,3522,4.0
327,3522,3.0
353,3523,1.0
175,3524,3.0
327,3524,1.5
105,3525,4.0
217,3525,2.5
412,3526,2.5
416,3526,2.0
9,3527,4.0
30,3527,3.5
85,3527,5.0
122,3527,5.0
160,3527,4.0
182,3527,4.0
197,3527,3.0
227,3527,4.0
235,3527,4.5
246,3527,4.5
255,3527,4.0
277,3527,5.0
299,3527,4.0
327,3527,4.5
337,3527,4.0
380,3527,3.0
389,3527,4.5
393,3527,5.0
412,3527,3.5
416,3527,3.0
442,3527,3.0
217,3528,5.0
275,3528,3.0
75,3529,5.0
275,3529,4.0
15,3530,4.0
127,3530,4.0
217,3530,4.0
275,3530,4.0
218,3531,2.0
275,3531,3.0
64,3532,4.5
327,3533,1.5
442,3534,3.0
337,3535,4.0
15,3536,2.0
73,3536,4.0
75,3536,4.0
85,3536,4.0
105,3536,4.0
122,3536,4.0
160,3536,4.0
212,3536,2.5
217,3536,3.0
235,3536,4.5
237,3536,3.0
246,3536,4.0
309,3536,3.5
375,3536,4.0
414,3536,4.0
434,3536,3.5
15,3537,3.5
246,3537,4.5
327,3537,3.0
411,3537,3.5
41,3538,3.0
86,3538,3.0
106,3538,4.0
122,3538,3.0
147,3538,4.0
174,3538,3.5
207,3538,3.5
217,3538,4.0
255,3538,4.5
353,3538,4.5
386,3538,2.0
392,3538,3.5
412,3538,2.5
416,3538,2.0
427,3538,4.5
442,3538,3.5
264,3539,2.5
327,3539,4.0
12,3540,3.5
15,3540,3.5
41,3540,3.5
51,3540,5.0
106,3540,3.5
122,3540,3.5
127,3540,2.5
175,3540,4.0
206,3540,4.0
207,3540,3.5
212,3540,3.0
217,3540,3.5
246,3540,2.5
275,3540,4.0
327,3540,2.0
373,3540,3.5
392,3540,4.0
416,3540,1.5
432,3540,3.0
434,3540,2.5
442,3540,3.5
30,3541,4.0
75,3541,4.5
105,3541,4.0
122,3541,5.0
156,3541,3.5
165,3541,4.0
175,3541,5.0
212,3541,2.5
217,3541,4.5
246,3541,5.0
309,3541,4.0
362,3541,5.0
384,3541,0.5
387,3541,4.5
411,3541,4.0
414,3541,3.5
442,3541,4.0
147,3542,3.5
327,3543,2.0
415,3543,2.0
327,3544,4.5
380,3544,2.0
217,3545,3.0
12,3546,4.0
15,3546,4.0
41,3546,4.0
42,3546,0.5
47,3546,4.0
75,3546,3.5
122,3546,4.0
156,3546,3.5
174,3546,3.0
175,3546,4.5
182,3546,4.5
207,3546,4.5
228,3546,4.0
237,3546,2.5
246,3546,3.0
275,3546,3.0
303,3546,4.0
325,3546,5.0
347,3546,4.5
373,3546,3.5
386,3546,3.5
404,3546,4.0
414,3546,3.5
416,3546,2.5
427,3546,3.5
442,3546,4.0
6,3547,3.5
12,3547,3.5
15,3547,3.0
41,3547,5.0
47,3547,3.0
76,3547,5.0
97,3547,4.0
175,3547,4.0
182,3547,3.5
197,3547,2.0
206,3547,4.0
212,3547,3.5
217,3547,3.0
228,3547,3.5
239,3547,4.0
275,3547,2.0
277,3547,4.5
284,3547,5.0
295,3547,4.0
302,3547,4.5
303,3547,3.0
362,3547,0.5
392,3547,3.0
412,3547,3.5
427,3547,5.0
15,3548,3.5
85,3548,4.5
212,3548,1.0
217,3548,3.0
327,3548,2.0
392,3548,4.0
416,3548,0.5
15,3549,2.5
64,3549,3.0
79,3549,3.0
175,3549,3.0
327,3550,1.5
64,3551,4.5
145,3552,4.5
175,3552,4.5
220,3552,5.0
275,3552,5.0
284,3552,5.0
373,3552,4.0
386,3552,4.0
228,3553,3.0
6,3554,4.5
15,3554,4.0
42,3554,5.0
75,3554,3.5
99,3554,3.0
100,3554,4.0
105,3554,2.5
111,3554,3.0
122,3554,5.0
170,3554,4.0
175,3554,3.5
178,3554,4.5
207,3554,4.0
217,3554,4.0
218,3554,4.0
229,3554,4.5
239,3554,3.5
255,3554,2.0
277,3554,3.5
353,3554,4.0
362,3554,5.0
373,3554,4.5
380,3554,1.0
386,3554,3.5
392,3554,3.0
416,3554,0.5
425,3554,3.0
427,3554,5.0
432,3554,3.5
73,3555,3.5
217,3555,2.0
299,3555,4.5
303,3555,4.5
416,3555,4.0
434,3555,3.0
442,3555,4.0
1,3556,5.0
6,3556,1.0
12,3556,3.0
15,3556,3.0
30,3556,3.5
33,3556,3.0
41,3556,4.0
47,3556,3.0
51,3556,4.5
75,3556,4.0
79,3556,5.0
82,3556,4.5
85,3556,4.5
86,3556,5.0
89,3556,4.5
97,3556,0.5
105,3556,1.0
111,3556,2.0
127,3556,5.0
156,3556,5.0
160,3556,5.0
165,3556,2.5
167,3556,3.0
170,3556,3.5
173,3556,4.0
175,3556,5.0
200,3556,4.5
212,3556,3.0
217,3556,4.0
239,3556,3.5
246,3556,5.0
255,3556,5.0
264,3556,3.5
274,3556,4.0
299,3556,4.0
302,3556,5.0
309,3556,4.0
323,3556,4.0
327,3556,4.5
336,3556,5.0
359,3556,4.5
362,3556,5.0
377,3556,4.0
385,3556,5.0
387,3556,4.0
389,3556,4.0
393,3556,5.0
403,3556,4.0
404,3556,4.0
411,3556,4.0
415,3556,3.0
434,3556,3.0
436,3556,4.5
442,3556,4.5
217,3557,3.0
12,3558,4.0
327,3558,3.5
127,3559,2.5
228,3559,3.0
434,3559,2.0
327,3560,1.5
386,3561,4.0
15,3562,3.0
79,3562,3.5
105,3562,0.5
122,3562,2.0
156,3562,3.0
175,3562,4.0
212,3562,3.5
264,3562,2.0
295,3562,4.0
299,3562,4.0
327,3562,4.0
362,3562,4.5
373,3562,2.5
387,3562,4.0
434,3562,3.5
442,3562,4.0
15,3563,3.5
27,3563,4.0
41,3563,4.5
75,3563,4.0
79,3563,4.0
85,3563,4.5
89,3563,4.0
175,3563,4.5
212,3563,2.5
217,3563,5.0
228,3563,4.0
299,3563,5.0
325,3563,5.0
327,3563,3.0
353,3563,4.5
359,3563,4.5
373,3563,3.0
392,3563,3.0
415,3563,3.5
442,3563,4.0
15,3564,2.5
27,3564,3.0
75,3564,5.0
85,3564,5.0
86,3564,5.0
87,3564,3.5
89,3564,4.0
105,3564,4.0
111,3564,2.0
127,3564,4.5
170,3564,5.0
175,3564,5.0
212,3564,2.0
217,3564,5.0
228,3564,3.0
229,3564,4.0
239,3564,4.0
299,3564,4.0
302,3564,4.5
327,3564,3.5
363,3564,4.5
387,3564,4.0
414,3564,3.0
434,3564,3.0
442,3564,5.0
64,3565,3.0
197,3566,2.5
442,3566,3.5
6,3567,2.0
15,3567,4.0
75,3567,4.0
122,3567,4.0
178,3567,4.0
228,3567,3.5
327,3567,4.0
414,3567,4.0
147,3568,3.5
217,3568,2.5
33,3569,2.5
41,3570,4.0
51,3570,1.5
79,3570,2.5
175,3570,4.5
264,3570,3.5
295,3570,4.0
309,3570,3.0
327,3570,4.0
411,3570,3.0
415,3570,3.5
442,3570,3.5
41,3571,4.0
47,3571,1.5
86,3571,4.5
175,3571,4.5
197,3571,3.0
212,3571,3.0
217,3571,2.5
246,3571,2.5
255,3571,4.5
264,3571,1.0
299,3571,4.0
362,3571,4.0
373,3571,4.0
375,3571,3.5
392,3571,3.5
411,3571,2.0
412,3571,4.0
416,3571,3.0
432,3571,4.5
434,3571,3.5
442,3571,5.0
442,3572,3.0
442,3573,4.0
15,3574,1.5
442,3575,4.5
33,3576,1.5
373,3576,4.0
89,3577,4.5
327,3578,1.5
337,3578,3.5
275,3579,3.0
442,3580,5.0
327,3581,2.0
64,3582,5.0
175,3583,4.0
275,3583,4.0
327,3584,2.0
264,3585,1.5
442,3585,3.0
64,3586,5.0
15,3587,3.0
64,3587,3.5
79,3587,3.5
264,3587,3.0
327,3587,2.0
415,3587,4.0
327,3588,2.5
416,3588,1.5
15,3589,3.5
41,3589,3.0
74,3589,3.5
122,3589,4.0
145,3589,4.5
193,3589,3.0
207,3589,4.0
232,3589,2.5
250,3589,3.0
255,3589,2.5
264,3589,2.0
275,3589,3.0
325,3589,5.0
347,3589,3.5
392,3589,2.0
412,3589,1.0
414,3589,3.5
416,3589,0.5
434,3590,3.5
75,3591,4.5
327,3592,2.0
85,3593,4.0
416,3593,0.5
327,3594,1.5
75,3595,4.5
89,3595,4.0
30,3596,3.0
41,3596,4.0
175,3596,4.0
228,3596,4.0
309,3596,3.5
327,3596,2.0
442,3596,4.0
275,3597,5.0
175,3598,3.5
228,3598,3.0
246,3598,3.0
327,3598,2.5
353,3598,3.5
416,3598,0.5
15,3599,1.0
23,3599,4.0
33,3599,2.5
42,3599,5.0
51,3599,3.5
64,3599,5.0
75,3599,3.5
85,3599,4.5
86,3599,4.5
89,3599,3.0
103,3599,4.0
106,3599,5.0
127,3599,5.0
145,3599,3.0
147,3599,3.5
175,3599,4.5
178,3599,4.0
212,3599,3.0
217,3599,3.0
299,3599,5.0
327,3599,4.0
353,3599,4.0
373,3599,4.0
386,3599,3.5
392,3599,4.0
411,3599,4.0
412,3599,3.5
416,3599,4.5
427,3599,4.5
432,3599,3.5
442,3599,4.0
15,3600,3.0
212,3600,2.5
275,3600,3.0
392,3600,1.5
416,3600,1.5
434,3600,2.5
64,3601,3.5
175,3601,4.0
327,3601,2.5
75,3602,4.5
175,3603,2.5
327,3603,2.0
337,3604,4.5
327,3605,2.0
228,3606,3.5
327,3606,2.0
442,3606,3.5
327,3607,1.5
64,3608,5.0
79,3609,3.0
327,3610,2.0
411,3611,4.0
327,3612,2.5
327,3613,1.5
415,3613,3.0
6,3614,0.5
9,3614,2.0
12,3614,4.0
15,3614,3.5
27,3614,3.5
33,3614,3.0
41,3614,5.0
47,3614,3.5
51,3614,5.0
64,3614,3.5
73,3614,4.0
75,3614,4.5
85,3614,3.5
97,3614,3.0
99,3614,5.0
105,3614,4.0
122,3614,3.0
127,3614,4.5
147,3614,4.0
160,3614,5.0
165,3614,3.0
170,3614,3.0
173,3614,3.5
175,3614,4.5
182,3614,3.0
197,3614,4.5
201,3614,4.0
212,3614,3.5
217,3614,5.0
228,3614,4.0
232,3614,2.0
235,3614,3.0
237,3614,3.0
239,3614,5.0
246,3614,4.0
247,3614,4.0
275,3614,4.0
294,3614,3.5
299,3614,4.0
326,3614,5.0
327,3614,3.5
355,3614,3.0
363,3614,4.0
373,3614,3.5
377,3614,4.0
386,3614,4.0
387,3614,4.0
411,3614,4.0
412,3614,3.5
416,3614,5.0
424,3614,4.0
442,3614,4.5
228,3615,3.5
327,3616,2.0
51,3617,2.0
79,3617,2.0
175,3617,3.0
414,3617,3.5
1,3618,3.0
6,3618,0.5
9,3618,4.0
12,3618,4.5
15,3618,3.0
23,3618,5.0
32,3618,4.5
33,3618,2.5
41,3618,5.0
44,3618,4.5
51,3618,4.5
55,3618,4.0
70,3618,5.0
73,3618,4.5
75,3618,4.0
80,3618,5.0
86,3618,5.0
87,3618,4.5
89,3618,3.5
99,3618,5.0
105,3618,0.5
106,3618,5.0
127,3618,5.0
136,3618,3.5
147,3618,4.0
160,3618,3.5
163,3618,3.0
165,3618,3.0
173,3618,4.0
175,3618,5.0
182,3618,4.0
193,3618,3.5
197,3618,5.0
212,3618,3.0
214,3618,5.0
217,3618,3.5
218,3618,3.0
227,3618,3.0
228,3618,5.0
229,3618,5.0
232,3618,3.5
235,3618,3.0
246,3618,5.0
255,3618,5.0
264,3618,3.0
265,3618,5.0
274,3618,4.5
295,3618,4.0
299,3618,4.5
302,3618,3.5
327,3618,3.0
341,3618,4.0
347,3618,4.0
353,3618,5.0
355,3618,4.0
364,3618,5.0
371,3618,5.0
373,3618,3.0
375,3618,4.5
377,3618,4.0
386,3618,4.0
392,3618,3.5
403,3618,5.0
411,3618,3.0
412,3618,3.0
416,3618,3.0
419,3618,5.0
423,3618,4.5
424,3618,4.5
432,3618,3.5
434,3618,3.5
436,3618,5.0
442,3618,3.5
264,3619,1.5
416,3619,0.5
15,3620,2.5
327,3620,1.5
127,3621,4.0
175,3621,3.5
416,3621,2.0
442,3621,3.5
64,3622,4.0
75,3623,5.0
175,3624,3.5
212,3624,0.5
264,3624,3.0
327,3624,1.5
246,3625,5.0
15,3626,3.5
85,3627,5.0
277,3627,3.5
353,3627,3.5
380,3627,1.0
127,3628,1.5
299,3628,4.0
217,3629,3.5
392,3629,4.0
6,3630,4.0
327,3630,2.0
15,3631,1.5
327,3631,2.0
212,3632,0.5
327,3632,3.0
414,3632,2.5
416,3633,0.5
353,3634,3.0
228,3635,3.5
442,3635,5.0
353,3636,4.5
9,3637,1.5
12,3637,3.5
15,3637,3.5
33,3637,2.0
41,3637,4.0
42,3637,4.0
51,3637,5.0
97,3637,2.5
103,3637,4.0
106,3637,5.0
127,3637,4.5
147,3637,3.0
175,3637,4.5
212,3637,3.0
217,3637,2.5
228,3637,3.5
232,3637,1.5
275,3637,5.0
277,3637,4.0
284,3637,5.0
302,3637,3.5
327,3637,3.5
373,3637,3.5
384,3637,5.0
386,3637,4.0
392,3637,4.0
416,3637,3.5
427,3637,5.0
432,3637,5.0
434,3637,3.0
442,3637,4.5
232,3638,3.0
270,3638,5.0
277,3638,3.5
327,3638,2.0
416,3638,0.5
15,3639,4.0
64,3639,5.0
427,3639,4.0
442,3640,3.5
175,3641,3.5
327,3641,3.0
353,3641,3.5
89,3642,4.5
175,3643,4.5
227,3644,4.0
35,3645,5.0
197,3645,3.0
217,3645,4.0
275,3645,4.0
392,3645,3.5
434,3645,3.0
442,3645,5.0
15,3646,3.0
122,3646,4.0
175,3646,3.5
275,3646,2.0
277,3646,3.5
327,3646,2.5
392,3646,3.0
412,3646,2.0
416,3646,1.0
432,3646,2.5
442,3646,2.0
75,3647,4.0
442,3648,4.5
416,3649,0.5
327,3650,2.5
327,3651,2.5
416,3651,1.5
79,3652,4.0
295,3652,3.5
85,3653,4.0
85,3654,4.0
175,3654,3.0
228,3654,2.5
232,3654,1.5
255,3654,3.0
327,3654,1.5
416,3654,0.5
442,3655,4.0
79,3656,4.5
218,3656,4.0
327,3656,2.0
414,3656,3.0
415,3656,2.0
433,3656,2.0
79,3657,0.5
373,3658,2.5
327,3659,1.5
89,3660,4.5
175,3660,4.0
434,3660,3.0
15,3661,2.5
51,3661,2.5
79,3661,4.0
89,3661,4.0
175,3661,4.0
212,3661,2.0
218,3661,2.5
264,3661,4.0
327,3661,3.5
392,3661,3.5
414,3661,3.0
415,3661,4.0
64,3662,4.5
51,3663,1.5
41,3664,4.0
75,3664,3.5
122,3664,2.0
175,3664,3.0
207,3664,2.0
217,3664,2.5
228,3664,3.0
275,3664,3.0
277,3664,3.5
327,3664,2.5
337,3664,3.5
416,3664,1.0
434,3664,3.0
442,3664,3.0
12,3665,4.0
15,3665,3.5
22,3665,4.5
41,3665,4.0
42,3665,3.5
47,3665,3.0
51,3665,5.0
122,3665,3.5
145,3665,4.5
175,3665,4.5
197,3665,3.0
212,3665,3.0
250,3665,5.0
275,3665,5.0
284,3665,5.0
327,3665,3.0
347,3665,4.5
353,3665,4.0
363,3665,3.5
364,3665,2.0
373,3665,3.5
386,3665,3.5
392,3665,3.5
404,3665,3.5
416,3665,3.0
419,3665,5.0
427,3665,4.5
432,3665,3.0
434,3665,3.5
442,3665,4.0
175,3666,3.5
212,3666,2.0
217,3666,0.5
228,3666,3.0
232,3666,2.0
255,3666,2.0
275,3666,3.0
299,3666,3.0
327,3666,2.5
362,3666,3.5
412,3666,4.0
416,3666,1.5
442,3666,3.5
79,3667,2.5
411,3668,4.0
232,3669,2.5
250,3669,3.0
442,3670,3.5
15,3671,4.0
64,3671,3.5
79,3671,5.0
247,3671,4.5
264,3671,4.0
327,3671,2.0
414,3671,3.5
415,3671,4.0
75,3672,4.0
175,3672,4.0
217,3672,4.0
27,3673,1.0
41,3673,3.5
79,3673,2.5
105,3673,0.5
212,3673,1.0
218,3673,3.5
232,3673,4.0
250,3673,3.0
277,3673,4.0
327,3673,2.5
373,3673,3.5
386,3673,2.5
404,3673,5.0
414,3673,3.5
415,3673,1.0
427,3673,3.0
327,3674,1.5
442,3674,3.5
327,3675,1.5
33,3676,3.5
15,3677,3.5
41,3677,3.5
79,3677,2.5
89,3677,4.0
175,3677,3.5
212,3677,0.5
218,3677,3.0
264,3677,4.0
327,3677,3.5
373,3677,3.5
434,3677,1.0
442,3677,3.0
9,3678,4.5
12,3678,3.5
15,3678,4.5
18,3678,3.5
22,3678,4.0
23,3678,5.0
41,3678,4.0
42,3678,4.0
44,3678,4.0
47,3678,4.5
75,3678,3.5
87,3678,4.5
89,3678,4.0
122,3678,4.0
145,3678,4.5
147,3678,3.0
160,3678,4.0
173,3678,4.0
175,3678,4.5
182,3678,4.0
197,3678,4.5
212,3678,3.0
217,3678,3.5
229,3678,3.5
237,3678,4.0
246,3678,3.5
250,3678,4.0
255,3678,5.0
275,3678,5.0
295,3678,5.0
299,3678,4.0
327,3678,3.5
341,3678,5.0
347,3678,4.0
362,3678,5.0
377,3678,3.5
386,3678,4.5
392,3678,4.5
411,3678,3.0
412,3678,1.5
416,3678,2.5
432,3678,4.0
434,3678,3.5
442,3678,4.0
15,3679,4.5
42,3679,5.0
73,3679,4.0
85,3679,4.0
175,3679,4.0
237,3679,3.5
246,3679,4.0
275,3679,4.0
295,3679,5.0
303,3679,0.5
327,3679,2.0
392,3679,4.0
412,3679,3.0
416,3679,2.5
427,3679,4.5
432,3679,3.5
442,3679,4.0
434,3680,0.5
327,3681,3.0
432,3682,3.0
228,3683,3.5
15,3684,3.5
432,3685,4.5
27,3686,4.0
30,3686,3.5
33,3686,2.5
51,3686,3.5
105,3686,2.0
122,3686,5.0
299,3686,3.5
386,3686,3.0
432,3686,3.5
6,3687,4.0
15,3687,3.5
75,3687,4.0
175,3688,3.5
15,3689,3.5
35,3689,5.0
51,3689,4.0
64,3689,3.0
79,3689,4.5
147,3689,3.5
175,3689,4.0
187,3689,4.0
193,3689,4.0
197,3689,3.0
212,3689,2.0
217,3689,4.5
255,3689,2.0
264,3689,4.0
327,3689,4.0
373,3689,3.0
392,3689,3.5
415,3689,4.0
442,3689,4.5
87,3690,3.5
197,3690,4.0
227,3690,2.0
277,3690,3.5
327,3690,2.5
404,3690,4.5
412,3690,3.0
434,3690,3.0
442,3690,3.5
15,3691,3.5
35,3691,4.5
47,3691,4.5
103,3691,2.5
122,3691,4.5
145,3691,5.0
175,3691,3.5
212,3691,3.0
237,3691,3.0
341,3691,4.0
373,3691,4.5
392,3691,3.0
404,3691,3.5
416,3691,2.5
442,3691,5.0
12,3692,3.5
27,3692,3.0
30,3692,1.5
33,3692,3.0
47,3692,1.5
51,3692,2.5
75,3692,4.0
85,3692,3.0
89,3692,4.0
105,3692,1.0
147,3692,3.0
165,3692,4.0
170,3692,4.5
197,3692,4.5
212,3692,3.5
214,3692,4.0
232,3692,4.5
299,3692,4.0
327,3692,3.5
362,3692,5.0
364,3692,5.0
377,3692,2.5
386,3692,3.0
404,3692,0.5
434,3692,3.5
442,3692,5.0
27,3693,3.5
51,3693,3.5
75,3693,4.0
105,3693,4.0
122,3693,2.5
127,3693,4.5
170,3693,4.5
212,3693,3.0
214,3693,5.0
232,3693,3.5
246,3693,4.5
327,3693,3.5
362,3693,4.5
364,3693,4.0
387,3693,5.0
416,3693,0.5
442,3693,5.0
327,3694,1.5
353,3695,2.5
12,3696,4.5
212,3697,2.5
327,3697,1.5
392,3697,2.0
416,3697,1.5
12,3698,4.0
75,3698,4.5
416,3698,4.5
51,3699,2.0
105,3700,3.5
277,3701,2.0
327,3701,2.5
79,3702,3.0
327,3702,1.0
270,3703,5.0
86,3704,4.5
309,3704,4.5
442,3704,4.5
1,3705,4.0
12,3705,4.5
27,3705,4.0
30,3705,5.0
33,3705,2.5
41,3705,4.0
75,3705,4.0
85,3705,4.5
87,3705,3.5
89,3705,4.0
105,3705,1.0
127,3705,5.0
147,3705,4.5
170,3705,4.5
175,3705,5.0
197,3705,3.5
212,3705,3.5
214,3705,4.5
217,3705,5.0
229,3705,5.0
239,3705,5.0
255,3705,4.0
290,3705,3.0
299,3705,4.0
302,3705,4.0
326,3705,4.5
327,3705,4.5
355,3705,3.0
364,3705,5.0
371,3705,3.5
377,3705,4.5
378,3705,5.0
386,3705,3.0
411,3705,3.5
414,3705,4.5
416,3705,3.5
423,3705,4.5
434,3705,3.0
9,3706,4.5
27,3706,3.0
30,3706,2.0
41,3706,4.0
51,3706,4.0
73,3706,4.5
75,3706,4.0
79,3706,4.0
87,3706,4.5
105,3706,3.5
111,3706,2.0
122,3706,4.0
170,3706,3.5
175,3706,5.0
197,3706,4.0
212,3706,3.0
214,3706,5.0
217,3706,3.5
227,3706,3.0
232,3706,3.0
239,3706,5.0
246,3706,3.5
255,3706,4.0
294,3706,5.0
299,3706,4.0
303,3706,4.0
309,3706,1.0
327,3706,3.0
341,3706,3.5
362,3706,5.0
364,3706,3.5
371,3706,3.0
386,3706,3.5
411,3706,4.0
434,3706,3.5
436,3706,4.0
442,3706,4.0
392,3707,4.0
89,3708,4.0
175,3708,4.5
182,3708,4.0
212,3708,3.0
232,3708,1.5
275,3708,5.0
299,3708,4.0
327,3708,3.0
337,3708,4.0
375,3708,4.0
392,3708,1.5
412,3708,3.5
416,3708,2.0
434,3708,3.0
442,3708,4.5
442,3709,3.0
327,3710,2.0
51,3711,2.5
79,3711,2.5
217,3711,3.5
327,3711,1.5
414,3711,3.0
30,3712,5.0
41,3712,4.5
327,3712,2.0
217,3713,5.0
264,3713,3.0
327,3713,2.0
392,3713,3.5
442,3713,3.0
9,3714,1.5
12,3714,4.5
15,3714,4.0
23,3714,5.0
35,3714,5.0
41,3714,4.0
42,3714,4.0
47,3714,4.5
51,3714,5.0
70,3714,3.0
75,3714,4.0
76,3714,3.5
79,3714,4.5
86,3714,4.0
87,3714,4.0
103,3714,3.5
106,3714,5.0
122,3714,5.0
127,3714,4.5
145,3714,5.0
147,3714,4.0
170,3714,4.0
173,3714,4.5
175,3714,4.5
207,3714,4.5
212,3714,4.0
217,3714,4.5
218,3714,3.0
232,3714,4.0
237,3714,1.0
239,3714,3.0
250,3714,5.0
264,3714,3.0
275,3714,5.0
284,3714,5.0
290,3714,3.5
299,3714,4.0
327,3714,3.5
341,3714,3.5
347,3714,4.5
362,3714,5.0
363,3714,3.0
371,3714,3.5
373,3714,4.0
377,3714,3.0
384,3714,5.0
386,3714,4.5
392,3714,4.5
403,3714,4.5
404,3714,3.0
408,3714,5.0
412,3714,4.0
416,3714,3.5
419,3714,4.5
427,3714,5.0
432,3714,3.5
434,3714,3.5
436,3714,4.0
442,3714,4.5
85,3715,4.5
217,3716,4.0
264,3716,2.5
392,3716,4.0
212,3717,0.5
275,3717,2.0
392,3717,4.0
416,3717,1.5
299,3718,4.5
442,3719,3.5
327,3720,3.0
201,3721,3.5
327,3722,3.0
64,3723,4.0
442,3723,4.5
6,3724,4.5
275,3725,3.0
432,3726,4.0
442,3727,3.5
207,3728,1.5
442,3728,2.5
228,3729,3.5
275,3729,3.0
327,3729,2.0
442,3729,2.5
327,3730,1.5
51,3731,1.0
145,3731,4.5
207,3731,3.0
327,3731,2.0
416,3731,1.0
6,3732,4.0
327,3733,1.5
64,3734,2.5
79,3734,4.0
264,3734,3.5
327,3734,2.5
415,3734,3.0
327,3735,3.5
392,3735,3.5
442,3736,4.0
147,3737,3.0
217,3737,4.0
275,3737,3.0
442,3737,3.0
264,3738,2.0
416,3739,3.5
41,3740,4.0
89,3740,4.0
442,3741,3.0
433,3742,5.0
434,3743,2.5
442,3744,4.0
327,3745,4.0
432,3745,4.0
442,3746,3.5
1,3747,2.0
12,3747,3.5
327,3747,3.0
12,3748,4.0
51,3749,3.0
175,3749,4.0
327,3749,3.0
434,3750,2.5
15,3751,3.5
41,3751,3.5
74,3751,4.0
127,3751,2.5
147,3751,2.0
175,3751,4.0
207,3751,3.0
246,3751,3.5
250,3751,3.0
255,3751,4.5
325,3751,3.0
327,3751,1.0
392,3751,2.5
416,3751,1.0
434,3751,2.5
442,3751,3.5
85,3752,3.5
217,3753,3.0
433,3754,5.0
416,3755,1.5
264,3756,1.5
416,3757,1.0
327,3758,2.0
414,3758,3.5
41,3759,4.0
85,3759,5.0
86,3759,3.5
106,3759,4.0
122,3759,4.5
127,3759,3.0
212,3759,2.5
217,3759,5.0
227,3759,2.0
246,3759,4.0
247,3759,4.5
299,3759,3.5
327,3759,4.0
404,3759,4.0
414,3759,3.5
442,3760,3.5
41,3761,4.5
228,3761,4.0
442,3762,3.0
277,3763,3.5
363,3763,2.5
47,3764,3.5
327,3764,1.5
414,3764,3.5
85,3765,4.0
277,3765,3.5
295,3765,4.0
442,3765,2.5
15,3766,1.0
175,3766,3.0
327,3766,2.5
228,3767,3.0
327,3768,2.0
41,3769,5.0
89,3769,4.0
127,3769,4.5
175,3769,4.0
212,3769,3.0
255,3769,4.5
264,3769,2.0
327,3769,4.0
375,3769,3.5
442,3769,4.5
353,3770,2.0
64,3771,3.5
86,3772,5.0
392,3772,5.0
442,3772,4.5
9,3773,2.0
15,3773,3.5
27,3773,0.5
41,3773,5.0
79,3773,4.5
85,3773,4.5
147,3773,4.0
173,3773,5.0
175,3773,4.0
197,3773,4.5
207,3773,3.0
212,3773,3.0
217,3773,3.5
227,3773,4.0
247,3773,3.5
255,3773,4.0
264,3773,4.0
275,3773,5.0
277,3773,4.0
299,3773,4.0
327,3773,3.0
362,3773,4.5
375,3773,4.0
392,3773,4.5
404,3773,4.0
411,3773,4.0
432,3773,4.0
434,3773,3.0
442,3773,5.0
327,3774,2.0
327,3775,2.5
33,3776,3.0
41,3777,4.5
165,3777,2.0
175,3777,4.5
217,3777,4.0
246,3777,4.0
255,3777,4.5
264,3777,4.0
295,3777,4.0
299,3777,4.0
327,3777,2.5
404,3777,4.0
412,3777,3.0
442,3777,4.0
327,3778,3.0
207,3779,2.5
327,3779,4.0
15,3780,3.5
27,3781,4.0
41,3781,4.5
75,3781,4.5
86,3781,4.5
87,3781,4.5
170,3781,4.5
175,3781,5.0
197,3781,4.5
212,3781,3.0
217,3781,3.5
227,3781,3.0
228,3781,4.0
232,3781,4.0
246,3781,4.0
262,3781,4.0
362,3781,5.0
411,3781,4.0
442,3781,4.5
15,3782,4.0
23,3782,5.0
42,3782,5.0
51,3782,5.0
75,3782,3.5
79,3782,3.0
80,3782,3.5
85,3782,5.0
86,3782,4.0
87,3782,3.5
89,3782,4.0
97,3782,3.0
103,3782,3.5
106,3782,5.0
122,3782,5.0
147,3782,4.0
173,3782,4.5
174,3782,3.5
175,3782,3.5
178,3782,4.0
184,3782,5.0
207,3782,4.0
218,3782,4.0
229,3782,4.5
232,3782,3.5
255,3782,4.5
265,3782,3.5
275,3782,5.0
299,3782,3.5
327,3782,4.0
373,3782,4.5
377,3782,4.0
392,3782,2.5
412,3782,3.0
415,3782,1.0
416,3782,2.0
424,3782,3.5
432,3782,4.0
434,3782,2.0
436,3782,4.5
442,3782,4.0
218,3783,4.5
290,3783,3.5
414,3784,3.5
41,3785,4.0
89,3785,4.0
327,3785,3.5
1,3786,3.5
9,3786,2.0
12,3786,4.5
27,3786,0.5
41,3786,4.0
85,3786,4.0
99,3786,4.5
104,3786,4.5
160,3786,4.0
165,3786,1.0
173,3786,5.0
175,3786,4.5
182,3786,4.5
197,3786,5.0
212,3786,2.5
217,3786,5.0
239,3786,5.0
247,3786,4.0
255,3786,4.5
299,3786,4.5
302,3786,5.0
309,3786,4.5
327,3786,3.0
347,3786,4.5
375,3786,4.5
377,3786,3.0
403,3786,4.5
434,3786,3.5
434,3787,3.0
299,3788,4.5
15,3789,3.5
75,3789,4.5
275,3789,3.0
246,3790,4.0
212,3791,2.0
434,3792,2.5
327,3793,1.5
75,3794,4.5
327,3795,3.0
327,3796,1.5
228,3797,3.0
392,3798,3.0
392,3799,3.5
442,3799,4.5
392,3800,4.0
64,3801,3.5
12,3802,4.5
15,3802,2.5
19,3802,5.0
33,3802,2.5
41,3802,4.5
44,3802,4.5
47,3802,3.5
70,3802,5.0
75,3802,4.0
85,3802,5.0
87,3802,4.5
103,3802,4.5
122,3802,4.0
127,3802,4.0
145,3802,5.0
147,3802,3.0
160,3802,4.5
170,3802,3.0
173,3802,4.0
175,3802,4.0
182,3802,4.0
217,3802,5.0
227,3802,2.0
228,3802,3.5
232,3802,4.5
235,3802,4.5
239,3802,4.0
246,3802,4.0
264,3802,3.0
265,3802,4.5
274,3802,4.0
295,3802,4.0
299,3802,4.0
303,3802,4.5
337,3802,3.5
341,3802,4.5
343,3802,3.0
347,3802,4.5
355,3802,4.5
378,3802,5.0
380,3802,4.0
385,3802,5.0
386,3802,4.0
403,3802,4.5
404,3802,4.0
411,3802,3.0
416,3802,3.0
423,3802,4.0
424,3802,3.5
436,3802,4.0
73,3803,4.0
86,3803,4.0
228,3803,4.0
327,3803,2.5
434,3803,3.0
442,3803,4.5
64,3804,4.5
12,3805,3.5
15,3805,3.5
23,3805,4.0
41,3805,4.0
47,3805,4.0
51,3805,4.0
85,3805,4.0
122,3805,5.0
132,3805,4.0
174,3805,3.5
175,3805,4.0
207,3805,4.5
228,3805,2.5
255,3805,4.0
325,3805,5.0
347,3805,4.0
362,3805,4.5
373,3805,3.5
386,3805,3.0
412,3805,2.5
427,3805,4.5
432,3805,3.5
442,3805,4.0
327,3806,2.5
277,3807,3.5
327,3807,2.0
27,3808,5.0
41,3808,4.0
64,3808,2.5
75,3808,5.0
89,3808,4.5
104,3808,3.5
170,3808,4.5
228,3808,4.5
235,3808,4.0
326,3808,5.0
79,3809,2.5
327,3809,1.5
442,3809,3.0
327,3810,1.5
327,3811,2.5
64,3812,4.5
434,3812,1.5
373,3813,3.5
12,3814,4.0
33,3814,2.0
41,3814,4.5
54,3814,2.0
70,3814,4.0
75,3814,4.0
85,3814,5.0
105,3814,2.5
122,3814,3.0
170,3814,3.5
173,3814,4.0
182,3814,4.5
232,3814,4.0
303,3814,4.5
327,3814,3.5
373,3814,4.5
414,3814,3.5
145,3815,4.5
220,3815,5.0
275,3815,4.0
228,3816,4.0
15,3817,3.5
75,3818,3.0
89,3819,3.5
235,3819,4.5
327,3819,2.5
327,3820,3.0
15,3821,4.0
33,3821,1.5
47,3821,4.0
73,3821,4.0
86,3821,4.0
175,3821,3.5
182,3821,4.0
212,3821,3.0
217,3821,3.0
247,3821,4.0
255,3821,3.0
275,3821,3.0
277,3821,4.0
299,3821,3.5
327,3821,2.5
362,3821,3.5
373,3821,3.5
386,3821,3.5
392,3821,3.5
404,3821,1.0
414,3821,3.5
416,3821,2.0
442,3821,3.5
228,3822,5.0
85,3823,4.0
160,3823,4.0
228,3823,4.5
386,3823,3.0
228,3824,4.0
277,3824,3.5
15,3825,2.5
15,3826,3.5
51,3826,4.0
64,3826,4.0
79,3826,3.5
175,3826,4.0
218,3826,4.0
264,3826,3.5
327,3826,2.0
377,3826,4.0
415,3826,5.0
425,3826,2.5
145,3827,4.5
15,3828,3.0
75,3828,3.5
79,3828,3.5
182,3828,3.5
427,3828,5.0
442,3829,4.0
416,3830,3.0
30,3831,4.0
51,3831,4.0
105,3831,3.0
122,3831,3.5
362,3831,4.5
85,3832,4.0
127,3832,4.5
182,3832,4.0
416,3832,3.5
127,3833,1.0
175,3833,3.5
217,3833,2.5
327,3833,1.0
416,3833,0.5
434,3833,2.5
15,3834,3.5
442,3835,3.5
165,3836,2.5
327,3837,1.5
64,3838,5.0
327,3839,2.0
327,3840,3.0
327,3841,1.5
64,3842,4.0
327,3842,3.0
41,3843,4.0
47,3843,3.0
75,3843,4.0
105,3843,2.5
175,3843,4.0
182,3843,3.5
206,3843,4.0
212,3843,3.0
217,3843,3.0
228,3843,3.0
255,3843,5.0
275,3843,3.0
277,3843,4.5
337,3843,1.5
347,3843,4.5
392,3843,3.0
404,3843,1.0
427,3843,5.0
170,3844,3.0
416,3844,2.0
327,3845,2.5
416,3845,2.0
442,3845,3.0
217,3846,4.0
228,3847,3.5
327,3848,2.0
64,3849,5.0
64,3850,4.0
228,3851,4.0
442,3851,3.0
75,3852,4.0
79,3852,4.5
64,3853,5.0
75,3854,4.0
12,3855,3.5
27,3855,4.0
207,3855,0.5
327,3855,3.0
414,3855,3.5
327,3856,3.0
415,3856,3.0
79,3857,4.5
75,3858,4.0
327,3858,3.5
327,3859,2.5
373,3859,2.5
408,3859,4.0
414,3859,4.0
416,3859,1.0
327,3860,2.0
15,3861,0.5
41,3861,3.0
64,3861,2.5
75,3861,3.5
79,3861,4.5
89,3861,4.0
175,3861,4.0
217,3861,3.5
218,3861,3.0
264,3861,5.0
327,3861,3.5
415,3861,4.5
6,3862,1.0
12,3862,4.0
15,3862,4.0
18,3862,4.0
35,3862,4.0
47,3862,4.0
51,3862,4.5
75,3862,4.0
79,3862,5.0
85,3862,4.0
86,3862,4.5
89,3862,4.0
106,3862,5.0
127,3862,5.0
147,3862,4.0
175,3862,4.5
193,3862,4.0
197,3862,4.0
207,3862,4.0
212,3862,3.5
239,3862,3.5
247,3862,4.0
255,3862,4.0
275,3862,5.0
295,3862,2.0
299,3862,4.0
327,3862,3.5
375,3862,4.0
386,3862,4.5
391,3862,5.0
392,3862,4.5
414,3862,4.0
415,3862,4.0
416,3862,3.0
432,3862,3.0
442,3862,4.5
79,3863,4.5
15,3864,3.5
64,3864,4.5
79,3864,3.5
182,3864,4.0
327,3864,2.5
380,3864,3.0
145,3865,3.5
434,3866,2.5
327,3867,1.0
392,3867,3.5
64,3868,3.5
15,3869,2.0
385,3870,5.0
75,3871,5.0
9,3872,2.5
75,3872,4.0
86,3872,5.0
89,3872,3.0
175,3872,3.5
212,3872,3.0
217,3872,3.5
264,3872,2.5
327,3872,2.0
442,3872,3.5
75,3873,5.0
228,3873,4.5
411,3873,3.5
75,3874,4.5
85,3875,4.5
275,3875,2.0
327,3875,1.0
427,3875,5.0
442,3875,1.0
327,3876,2.0
391,3876,3.0
327,3877,2.5
173,3878,2.5
175,3878,3.5
217,3878,2.5
275,3878,3.0
327,3878,2.0
412,3878,1.0
416,3878,1.5
427,3878,4.0
442,3878,2.5
386,3879,4.0
64,3880,4.5
432,3881,3.0
64,3882,4.0
434,3883,2.0
380,3884,2.5
393,3885,2.5
228,3886,3.5
182,3887,4.0
86,3888,5.0
218,3888,3.0
434,3888,3.5
442,3888,5.0
227,3889,3.0
79,3890,4.5
79,3891,4.5
64,3892,4.5
79,3893,3.5
64,3894,5.0
64,3895,5.0
416,3896,0.5
434,3897,2.5
327,3898,1.5
1,3899,5.0
9,3899,2.0
15,3899,3.5
27,3899,2.5
33,3899,3.0
35,3899,5.0
41,3899,4.0
47,3899,5.0
73,3899,4.0
75,3899,4.0
79,3899,4.0
82,3899,3.0
85,3899,4.0
86,3899,5.0
89,3899,4.5
103,3899,4.0
147,3899,3.5
160,3899,4.0
165,3899,2.5
173,3899,2.0
175,3899,5.0
182,3899,4.0
197,3899,4.5
207,3899,2.5
212,3899,3.0
217,3899,2.0
228,3899,3.0
239,3899,5.0
255,3899,3.5
265,3899,2.0
275,3899,4.0
277,3899,5.0
299,3899,5.0
327,3899,3.0
337,3899,2.5
347,3899,4.5
362,3899,4.5
375,3899,4.0
386,3899,4.5
392,3899,3.0
403,3899,4.0
411,3899,4.0
412,3899,4.5
416,3899,4.0
432,3899,5.0
434,3899,4.0
442,3899,5.0
218,3900,2.0
442,3900,3.0
9,3901,5.0
12,3901,4.0
15,3901,4.0
18,3901,3.5
35,3901,5.0
41,3901,4.0
47,3901,4.5
73,3901,2.5
82,3901,2.5
86,3901,5.0
97,3901,4.0
103,3901,3.5
144,3901,3.5
145,3901,5.0
147,3901,3.5
173,3901,3.5
175,3901,4.5
178,3901,4.0
184,3901,0.5
197,3901,3.5
212,3901,4.0
217,3901,3.0
228,3901,3.0
229,3901,3.5
237,3901,2.5
275,3901,4.0
289,3901,4.5
299,3901,3.5
323,3901,4.5
327,3901,3.5
347,3901,4.5
362,3901,4.5
386,3901,4.0
392,3901,3.5
411,3901,4.0
412,3901,4.0
424,3901,4.5
427,3901,5.0
432,3901,4.5
434,3901,3.5
442,3901,4.5
416,3902,0.5
89,3903,3.5
175,3903,4.0
327,3903,1.5
408,3903,4.0
411,3903,3.5
427,3903,4.0
12,3904,3.5
15,3904,3.5
41,3904,4.0
42,3904,4.0
51,3904,5.0
89,3904,3.0
97,3904,2.0
105,3904,0.5
106,3904,5.0
127,3904,3.5
147,3904,4.0
175,3904,4.5
206,3904,4.0
212,3904,3.5
217,3904,3.0
275,3904,5.0
284,3904,5.0
327,3904,3.0
347,3904,4.0
373,3904,4.0
386,3904,2.0
392,3904,3.5
403,3904,4.0
416,3904,2.0
432,3904,3.0
434,3904,2.5
442,3904,4.0
15,3905,4.0
41,3905,3.5
79,3905,3.5
147,3905,3.5
174,3905,4.0
178,3905,3.0
427,3905,5.0
33,3906,0.5
41,3906,4.0
127,3906,2.0
275,3906,3.0
416,3906,2.0
432,3906,3.5
12,3907,4.0
15,3907,3.5
35,3907,5.0
41,3907,3.5
79,3907,3.0
86,3907,4.0
106,3907,5.0
127,3907,4.0
145,3907,4.5
175,3907,4.0
207,3907,4.0
212,3907,3.0
217,3907,3.5
275,3907,5.0
277,3907,3.5
295,3907,5.0
299,3907,3.5
327,3907,3.5
377,3907,2.0
386,3907,3.5
392,3907,3.0
412,3907,3.5
416,3907,3.0
427,3907,4.5
432,3907,3.5
434,3907,2.5
442,3907,3.5
277,3908,2.0
327,3908,1.0
337,3908,2.5
392,3908,2.0
432,3908,3.0
9,3909,2.0
12,3909,3.5
15,3909,3.5
23,3909,5.0
27,3909,0.5
33,3909,1.5
35,3909,5.0
41,3909,4.5
44,3909,3.0
47,3909,4.0
51,3909,4.5
70,3909,3.5
75,3909,4.0
79,3909,5.0
82,3909,3.5
85,3909,4.5
89,3909,4.5
99,3909,5.0
106,3909,5.0
145,3909,3.5
147,3909,3.5
165,3909,3.0
173,3909,3.0
174,3909,4.5
175,3909,4.5
184,3909,5.0
197,3909,4.0
206,3909,5.0
212,3909,3.0
217,3909,5.0
218,3909,3.0
229,3909,3.5
239,3909,5.0
246,3909,2.0
255,3909,2.5
264,3909,3.5
275,3909,5.0
295,3909,3.5
299,3909,4.0
302,3909,4.0
327,3909,4.0
347,3909,5.0
362,3909,5.0
385,3909,5.0
386,3909,3.5
392,3909,5.0
401,3909,3.0
403,3909,5.0
411,3909,3.0
412,3909,2.0
427,3909,4.0
432,3909,4.0
434,3909,3.5
442,3909,3.0
127,3910,4.0
145,3910,4.5
147,3910,3.0
175,3910,4.5
228,3910,4.0
275,3910,3.5
299,3910,4.0
377,3910,2.0
416,3910,1.5
427,3910,5.0
432,3910,5.0
19,3911,5.0
41,3911,4.0
70,3911,5.0
127,3911,5.0
165,3911,2.0
174,3911,4.0
175,3911,4.5
217,3911,4.5
245,3911,1.5
275,3911,5.0
416,3911,3.0
427,3911,4.5
432,3911,4.0
19,3912,4.5
41,3912,4.0
70,3912,5.0
127,3912,4.5
145,3912,4.5
147,3912,4.5
174,3912,3.5
175,3912,4.5
184,3912,3.0
217,3912,4.5
245,3912,1.0
275,3912,5.0
299,3912,4.0
375,3912,4.0
378,3912,5.0
416,3912,3.0
427,3912,4.5
432,3912,5.0
434,3912,3.0
436,3912,3.5
12,3913,4.0
33,3913,1.0
41,3913,4.0
47,3913,3.5
70,3913,4.0
79,3913,4.0
89,3913,3.5
127,3913,4.5
145,3913,5.0
147,3913,4.0
174,3913,4.0
175,3913,4.5
184,3913,3.5
217,3913,3.5
218,3913,3.0
263,3913,5.0
275,3913,5.0
290,3913,4.5
299,3913,4.0
347,3913,3.0
378,3913,5.0
404,3913,4.0
416,3913,3.5
427,3913,5.0
432,3913,4.0
434,3913,3.0
436,3913,4.0
12,3914,3.0
32,3914,4.0
41,3914,4.0
103,3914,3.5
127,3914,4.5
147,3914,3.0
165,3914,2.0
175,3914,4.5
197,3914,3.0
212,3914,3.0
217,3914,4.0
275,3914,5.0
277,3914,4.0
327,3914,3.0
347,3914,3.5
386,3914,3.5
412,3914,3.5
416,3914,2.5
427,3914,5.0
432,3914,3.5
434,3914,2.5
442,3914,5.0
9,3915,2.0
15,3915,4.0
41,3915,4.5
47,3915,3.0
89,3915,4.0
127,3915,4.5
147,3915,4.0
174,3915,4.0
175,3915,4.5
178,3915,4.0
193,3915,2.0
264,3915,3.0
275,3915,5.0
299,3915,3.5
334,3915,5.0
347,3915,4.5
412,3915,2.5
416,3915,3.0
427,3915,5.0
432,3915,3.5
434,3915,2.5
442,3915,3.5
9,3916,1.0
12,3916,4.0
41,3916,4.0
145,3916,4.0
175,3916,4.0
212,3916,1.5
275,3916,3.0
327,3916,2.0
402,3916,5.0
416,3916,1.5
427,3916,4.5
432,3916,2.5
434,3916,2.5
442,3916,3.5
12,3917,3.5
41,3917,4.0
70,3917,5.0
127,3917,4.0
145,3917,4.5
147,3917,4.0
175,3917,4.5
217,3917,4.0
275,3917,5.0
299,3917,4.5
337,3917,3.0
377,3917,4.0
416,3917,4.0
427,3917,5.0
432,3917,4.0
434,3917,3.5
327,3918,2.0
79,3919,4.5
145,3920,1.0
51,3921,2.5
327,3921,3.0
64,3922,4.5
64,3923,5.0
433,3924,5.0
327,3925,2.0
391,3926,3.0
27,3927,0.5
327,3927,0.5
401,3927,2.0
64,3928,3.5
432,3928,4.0
327,3929,1.5
75,3930,5.0
246,3930,4.5
277,3931,3.0
15,3932,3.0
51,3932,2.5
79,3932,4.5
182,3932,4.5
212,3932,2.0
414,3932,3.0
64,3933,4.0
64,3934,5.0
89,3935,4.0
182,3935,3.5
327,3935,2.5
391,3935,5.0
75,3936,4.5
212,3936,3.0
362,3936,5.0
384,3936,5.0
212,3937,2.0
246,3937,4.0
299,3937,5.0
303,3937,4.5
228,3938,4.0
79,3939,4.5
299,3940,4.0
327,3941,2.0
64,3942,3.5
327,3943,2.5
337,3943,4.0
33,3944,3.0
79,3945,4.5
127,3945,4.0
386,3946,3.5
228,3947,3.5
228,3948,4.0
85,3949,4.0
327,3950,2.0
82,3951,3.5
89,3951,4.0
212,3951,3.0
327,3951,2.5
362,3951,4.0
442,3951,4.5
51,3952,4.0
89,3952,4.0
147,3952,3.0
182,3952,4.5
212,3952,3.0
375,3952,4.0
228,3953,4.5
327,3953,3.0
127,3954,4.5
228,3955,4.5
416,3955,3.5
327,3956,1.5
207,3957,1.0
79,3958,4.0
64,3959,4.5
79,3960,4.0
79,3961,4.5
27,3962,4.0
33,3962,2.5
41,3962,5.0
86,3962,5.0
89,3962,4.0
147,3962,3.5
175,3962,4.5
217,3962,3.5
228,3962,3.0
237,3962,3.0
246,3962,4.5
255,3962,4.0
298,3962,3.0
299,3962,4.0
377,3962,3.0
411,3962,3.5
434,3962,3.0
442,3962,4.5
64,3963,4.0
85,3964,3.0
41,3965,3.5
212,3965,0.5
51,3966,3.5
64,3966,2.5
79,3966,5.0
327,3966,3.0
415,3966,5.0
392,3967,3.5
327,3968,1.0
64,3969,4.0
12,3970,3.5
33,3970,3.5
85,3970,3.5
89,3970,4.0
387,3970,5.0
33,3971,2.5
434,3972,3.5
414,3973,3.5
442,3974,3.5
145,3975,4.0
228,3976,4.0
432,3977,4.0
79,3978,5.0
64,3979,5.0
275,3979,3.0
79,3980,3.0
175,3980,3.0
212,3980,2.0
264,3980,3.5
228,3981,4.5
373,3982,2.0
327,3983,0.5
442,3984,4.0
327,3985,1.5
64,3986,5.0
79,3986,2.5
85,3986,4.0
175,3986,4.5
212,3986,0.5
264,3986,2.5
327,3986,3.0
359,3986,4.0
414,3986,3.0
415,3986,3.5
432,3987,3.5
434,3987,2.0
6,3988,3.5
327,3988,2.5
75,3989,5.0
327,3990,1.0
327,3991,3.5
79,3992,2.5
327,3992,2.0
434,3993,2.5
207,3994,1.5
327,3994,2.0
442,3994,3.0
442,3995,3.0
442,3996,3.5
373,3997,4.0
327,3998,2.0
79,3999,3.0
247,3999,4.5
145,4000,4.0
15,4001,3.0
327,4001,1.5
392,4001,3.0
64,4002,4.0
89,4003,3.0
207,4003,3.5
255,4003,2.0
275,4003,3.0
416,4003,0.5
433,4003,5.0
64,4004,4.5
284,4004,5.0
434,4004,2.5
64,4005,2.0
79,4005,4.5
85,4005,3.5
182,4005,3.5
218,4005,3.0
392,4005,4.0
412,4005,1.0
427,4005,4.5
207,4006,2.0
327,4006,3.0
411,4006,2.0
416,4006,2.5
85,4007,4.0
106,4008,0.5
255,4008,1.0
275,4008,3.0
277,4008,3.5
392,4008,4.0
442,4008,4.5
277,4009,3.0
442,4010,4.5
284,4011,4.0
75,4012,5.0
75,4013,4.5
51,4014,3.5
64,4014,2.5
79,4014,5.0
212,4014,1.5
217,4014,3.5
264,4014,3.0
327,4014,2.0
415,4014,4.0
85,4015,4.5
64,4016,5.0
64,4017,5.0
75,4018,5.0
64,4019,3.0
327,4020,2.0
182,4021,3.5
380,4021,2.5
85,4022,4.0
277,4022,3.5
327,4022,1.5
1,4023,5.0
364,4024,3.0
89,4025,3.0
217,4026,4.0
64,4027,3.5
79,4027,4.0
89,4028,4.5
73,4029,1.0
182,4029,4.0
212,4029,0.5
295,4029,2.5
327,4029,2.0
392,4029,4.5
442,4029,3.0
64,4030,5.0
15,4031,2.5
85,4031,3.5
327,4031,1.5
392,4031,3.5
327,4032,5.0
416,4033,1.0
64,4034,4.5
442,4034,2.0
30,4035,2.5
434,4035,1.0
432,4036,3.5
327,4037,1.0
327,4038,2.0
64,4039,4.5
64,4040,3.5
327,4041,1.5
18,4042,4.0
414,4042,3.5
217,4043,2.5
327,4043,1.5
362,4043,1.0
392,4043,2.5
64,4044,4.5
264,4044,1.5
264,4045,3.0
227,4046,4.0
327,4047,1.5
89,4048,3.5
327,4049,2.0
327,4050,2.0
327,4051,1.5
15,4052,3.0
79,4052,3.5
217,4052,3.5
218,4052,4.0
327,4052,3.0
373,4052,5.0
386,4052,2.5
392,4052,2.5
425,4052,4.0
327,4053,1.0
432,4054,4.0
89,4055,3.5
212,4055,3.0
228,4055,3.5
235,4055,5.0
299,4055,4.5
411,4055,4.0
442,4055,4.5
105,4056,3.0
327,4057,2.0
327,4058,1.5
228,4059,4.5
442,4059,4.0
442,4060,3.5
64,4061,4.5
64,4062,5.0
327,4063,2.5
75,4064,5.0
75,4065,5.0
9,4066,4.0
12,4066,4.5
18,4066,4.0
35,4066,5.0
47,4066,5.0
70,4066,4.5
86,4066,4.0
89,4066,4.0
136,4066,4.5
145,4066,4.5
147,4066,4.0
160,4066,4.5
173,4066,4.0
175,4066,4.0
182,4066,4.5
197,4066,3.0
200,4066,4.0
212,4066,3.5
217,4066,3.0
235,4066,4.0
237,4066,3.5
239,4066,4.0
246,4066,4.5
255,4066,5.0
264,4066,3.5
289,4066,4.0
295,4066,4.0
299,4066,5.0
327,4066,4.0
362,4066,5.0
375,4066,4.0
377,4066,4.0
385,4066,3.5
386,4066,4.0
387,4066,4.5
392,4066,3.0
403,4066,4.0
404,4066,4.5
409,4066,3.5
411,4066,4.0
412,4066,3.5
416,4066,3.0
423,4066,4.0
424,4066,4.0
427,4066,2.5
432,4066,4.0
434,4066,3.5
442,4066,3.5
327,4067,1.5
33,4068,2.5
75,4068,4.0
86,4068,4.0
89,4068,4.0
212,4068,4.0
228,4068,3.0
416,4068,4.5
75,4069,4.5
165,4070,3.0
217,4070,3.0
228,4070,4.0
337,4070,4.0
416,4071,0.5
386,4072,3.0
64,4073,4.5
15,4074,3.5
35,4074,4.5
51,4074,4.0
79,4074,5.0
86,4074,3.5
175,4074,4.0
182,4074,3.0
212,4074,1.0
217,4074,3.5
218,4074,5.0
264,4074,3.0
327,4074,3.0
362,4074,4.0
414,4074,4.5
415,4074,3.5
442,4074,4.0
15,4075,2.5
18,4075,2.5
51,4075,3.5
79,4075,3.0
89,4075,4.0
212,4075,0.5
327,4075,4.0
382,4075,4.0
414,4075,4.5
442,4075,3.5
275,4076,3.0
212,4077,0.5
392,4078,2.0
212,4079,2.0
228,4080,5.0
212,4081,2.0
64,4082,5.0
9,4083,4.5
12,4083,3.5
15,4083,4.0
18,4083,4.0
35,4083,5.0
42,4083,5.0
51,4083,4.0
70,4083,2.0
73,4083,3.5
75,4083,4.0
79,4083,2.5
85,4083,4.0
99,4083,4.5
103,4083,4.0
105,4083,2.0
160,4083,4.5
165,4083,4.5
170,4083,3.5
173,4083,4.0
175,4083,4.5
178,4083,5.0
193,4083,2.5
206,4083,1.0
217,4083,2.0
218,4083,4.0
228,4083,4.5
237,4083,3.0
246,4083,5.0
247,4083,4.0
275,4083,5.0
290,4083,4.0
299,4083,4.5
327,4083,4.0
386,4083,4.0
392,4083,3.5
411,4083,3.5
412,4083,3.0
414,4083,4.0
416,4083,2.0
427,4083,5.0
432,4083,4.5
436,4083,5.0
442,4083,3.5
327,4084,3.5
79,4085,2.5
73,4086,5.0
228,4086,4.0
327,4086,4.0
15,4087,3.5
41,4087,3.5
174,4087,3.5
175,4087,4.0
207,4087,4.0
255,4087,4.0
347,4087,4.0
416,4087,1.5
427,4087,5.0
442,4087,4.0
79,4088,4.0
247,4088,3.0
264,4088,3.0
277,4088,2.0
327,4088,2.5
416,4088,1.0
33,4089,2.0
41,4089,4.0
47,4089,4.0
70,4089,2.5
89,4089,3.5
145,4089,4.5
147,4089,4.5
228,4089,4.5
255,4089,4.0
275,4089,4.0
277,4089,4.0
380,4089,3.5
404,4089,3.0
432,4089,3.5
387,4090,4.0
416,4091,3.0
79,4092,2.5
89,4092,3.5
218,4092,3.5
264,4092,2.5
277,4092,3.5
416,4092,1.5
427,4092,4.5
33,4093,3.0
434,4093,3.5
41,4094,3.5
327,4094,2.0
85,4095,4.5
277,4095,3.5
392,4095,2.0
442,4096,3.5
15,4097,3.5
41,4097,4.0
79,4097,4.0
127,4097,2.5
264,4097,4.0
275,4097,3.0
299,4097,2.0
327,4097,3.0
386,4097,3.0
416,4097,0.5
432,4097,3.0
442,4097,2.5
89,4098,2.5
175,4098,3.0
212,4098,2.5
327,4098,1.5
12,4099,3.5
41,4099,2.5
175,4099,4.0
237,4099,3.5
255,4099,4.0
264,4099,2.5
275,4099,4.0
327,4099,2.5
404,4099,4.5
412,4099,3.5
416,4099,2.5
427,4099,4.0
432,4099,4.5
434,4099,3.0
442,4099,3.5
64,4100,4.5
434,4101,3.5
15,4102,0.5
79,4102,2.0
85,4102,3.0
147,4102,2.0
212,4102,1.5
217,4102,4.0
264,4102,5.0
327,4102,4.0
415,4102,3.0
392,4103,3.0
15,4104,4.5
27,4104,3.0
33,4104,1.0
64,4104,4.5
79,4104,3.5
85,4104,4.0
89,4104,3.0
145,4104,4.0
175,4104,3.5
182,4104,4.5
247,4104,4.0
264,4104,1.5
327,4104,2.5
414,4104,3.5
416,4104,0.5
15,4105,3.0
218,4105,4.5
416,4105,1.0
442,4105,3.5
33,4106,2.0
79,4106,2.5
411,4106,3.0
6,4107,5.0
15,4107,4.0
33,4107,2.0
41,4107,4.5
212,4107,2.5
217,4107,3.0
247,4107,4.5
275,4107,4.0
295,4107,4.0
303,4107,0.5
327,4107,3.0
380,4107,1.0
404,4107,4.5
411,4107,2.5
412,4107,2.5
416,4107,1.0
442,4107,3.5
33,4108,1.0
327,4108,1.0
64,4109,5.0
64,4110,5.0
64,4111,5.0
79,4112,1.5
212,4113,3.5
434,4113,4.0
79,4114,3.5
64,4115,5.0
79,4116,2.0
295,4117,4.5
427,4118,5.0
85,4119,3.5
127,4119,5.0
246,4119,3.0
327,4119,3.0
362,4119,4.5
434,4119,3.5
33,4120,2.5
79,4121,4.0
85,4121,5.0
264,4121,3.5
327,4121,1.5
415,4121,4.0
442,4121,2.5
416,4122,2.0
442,4122,4.0
327,4123,1.5
327,4124,1.0
85,4125,3.5
327,4125,1.0
327,4126,2.0
327,4127,1.5
327,4128,1.5
327,4129,2.5
64,4130,5.0
373,4131,2.5
373,4132,3.5
327,4133,1.5
27,4134,0.5
33,4134,1.5
41,4134,4.0
89,4134,2.5
127,4134,2.0
173,4134,2.5
217,4134,2.0
229,4134,4.5
275,4134,2.0
327,4134,2.0
377,4134,2.5
392,4134,1.5
412,4134,2.0
416,4134,1.5
432,4134,3.0
442,4134,3.5
165,4135,2.0
30,4136,3.5
228,4136,4.0
303,4136,4.0
386,4136,2.5
434,4137,2.0
6,4138,4.0
33,4139,2.0
41,4139,3.0
89,4139,3.5
175,4139,4.5
178,4139,3.5
229,4139,3.5
277,4139,4.0
299,4139,4.0
327,4139,3.0
380,4139,5.0
442,4139,4.0
275,4140,4.0
15,4141,3.5
27,4141,2.0
51,4141,2.5
75,4141,4.0
85,4141,4.5
89,4141,4.0
147,4141,3.5
175,4141,4.5
212,4141,2.0
228,4141,3.0
295,4141,5.0
327,4141,2.0
392,4141,3.5
412,4141,4.0
415,4141,3.5
416,4141,3.0
432,4141,4.5
442,4141,3.5
15,4142,0.5
51,4143,4.0
175,4143,4.0
33,4144,2.5
327,4144,3.5
85,4145,5.0
217,4145,3.0
264,4145,1.5
327,4145,3.5
442,4145,3.5
105,4146,3.5
327,4147,1.5
442,4148,1.5
442,4149,5.0
434,4150,3.0
212,4151,0.5
228,4152,5.0
327,4153,2.0
434,4154,2.5
64,4155,4.5
12,4156,3.5
18,4156,3.0
27,4156,4.0
30,4156,0.5
32,4156,4.5
33,4156,2.5
41,4156,4.0
47,4156,3.0
85,4156,4.0
86,4156,5.0
89,4156,3.0
99,4156,4.0
173,4156,5.0
175,4156,5.0
197,4156,5.0
200,4156,4.5
212,4156,3.0
217,4156,3.0
229,4156,4.5
235,4156,5.0
246,4156,4.0
255,4156,5.0
299,4156,5.0
327,4156,3.5
347,4156,4.0
362,4156,5.0
375,4156,5.0
411,4156,2.5
412,4156,3.5
416,4156,3.0
442,4156,4.5
327,4157,3.0
442,4158,3.0
64,4159,5.0
15,4160,0.5
73,4160,3.5
85,4160,4.0
212,4160,2.0
327,4160,3.0
362,4160,4.0
33,4161,3.0
212,4161,2.0
217,4161,3.5
299,4161,4.5
337,4161,3.5
362,4161,4.0
411,4161,4.0
416,4161,3.5
432,4161,3.5
434,4161,3.0
442,4161,4.5
442,4162,3.0
15,4163,0.5
327,4163,2.0
414,4164,3.5
89,4165,3.5
434,4165,3.0
327,4166,1.5
434,4167,2.5
15,4168,2.5
327,4168,2.0
218,4169,2.0
6,4170,5.0
27,4170,3.5
41,4170,4.0
51,4170,4.0
79,4170,4.5
111,4170,4.5
212,4170,1.0
217,4170,4.0
218,4170,3.0
327,4170,2.5
359,4170,4.0
382,4170,4.0
415,4170,3.5
228,4171,4.5
30,4172,2.5
105,4172,4.5
197,4172,3.5
212,4172,2.0
299,4172,4.5
303,4172,4.5
416,4172,3.0
442,4172,4.0
327,4173,2.0
30,4174,1.0
275,4174,3.5
362,4174,5.0
442,4174,3.5
442,4175,4.0
12,4176,4.0
15,4177,3.0
145,4178,4.5
275,4178,4.0
380,4178,3.0
386,4178,4.5
64,4179,4.5
362,4180,3.5
327,4181,1.5
64,4182,4.0
217,4183,5.0
64,4184,3.5
85,4184,1.5
175,4184,3.0
212,4184,0.5
264,4184,3.5
415,4184,4.0
30,4185,4.0
73,4185,4.5
79,4185,4.5
147,4185,3.5
175,4185,4.0
299,4185,4.0
362,4185,5.0
182,4186,4.0
327,4186,3.0
228,4187,3.5
228,4188,4.5
327,4189,2.0
33,4190,2.5
89,4190,3.5
299,4190,4.5
327,4190,3.0
337,4190,2.5
85,4191,4.5
327,4191,2.0
432,4192,2.5
89,4193,4.0
442,4193,3.5
327,4194,2.5
64,4195,4.0
64,4196,2.5
89,4196,4.0
275,4196,4.0
64,4197,3.5
416,4198,0.5
12,4199,4.0
212,4199,3.0
82,4200,5.0
246,4201,4.0
432,4201,3.5
442,4202,3.5
436,4203,4.0
411,4204,4.0
416,4204,3.0
434,4204,3.0
246,4205,3.0
416,4205,3.0
64,4206,5.0
377,4207,0.5
403,4208,3.0
33,4209,1.5
177,4210,5.0
386,4210,4.5
64,4211,4.5
41,4212,4.0
89,4212,4.0
264,4212,1.5
327,4212,3.0
442,4213,3.0
277,4214,3.5
327,4214,2.0
89,4215,2.5
442,4215,3.5
79,4216,4.5
89,4216,4.0
175,4216,3.5
264,4216,5.0
327,4217,2.0
64,4218,5.0
33,4219,2.0
217,4219,3.0
235,4219,4.0
246,4219,4.0
327,4219,3.0
416,4219,2.5
89,4220,4.5
228,4220,3.5
12,4221,4.5
47,4221,4.5
85,4221,4.5
105,4221,3.5
127,4221,4.5
136,4221,5.0
173,4221,5.0
175,4221,4.5
217,4221,3.0
235,4221,4.5
299,4221,5.0
337,4221,4.5
362,4221,5.0
377,4221,4.0
386,4221,3.5
416,4221,2.5
432,4221,4.0
434,4221,3.5
442,4221,3.5
416,4222,2.5
89,4223,4.5
299,4223,3.0
15,4224,2.5
212,4224,1.5
327,4224,2.0
64,4225,4.5
411,4226,3.0
442,4227,4.0
33,4228,1.0
64,4229,4.5
33,4230,2.5
33,4231,2.0
218,4231,3.5
327,4231,2.5
386,4231,3.5
327,4232,1.5
64,4233,5.0
15,4234,1.5
434,4234,3.0
327,4235,1.5
327,4236,2.5
415,4236,3.5
41,4237,3.5
89,4237,3.5
127,4237,2.5
147,4237,4.0
175,4237,4.5
178,4237,4.0
228,4237,3.5
275,4237,3.0
299,4237,4.5
337,4237,2.0
416,4237,1.5
432,4237,4.5
434,4237,2.0
175,4238,2.5
175,4239,3.0
416,4239,4.5
9,4240,3.0
15,4240,4.0
217,4240,4.0
246,4240,4.0
299,4240,4.0
327,4240,3.5
416,4240,1.0
442,4240,4.0
87,4241,4.0
327,4242,1.5
75,4243,5.0
228,4244,4.0
64,4245,5.0
33,4246,2.0
79,4246,1.5
197,4246,3.0
228,4246,4.0
327,4246,3.0
337,4246,1.5
411,4246,3.5
442,4246,4.0
228,4247,4.5
33,4248,1.0
105,4248,3.0
217,4248,4.5
12,4249,4.0
64,4250,3.0
327,4251,2.0
380,4252,0.5
228,4253,4.5
434,4254,2.0
79,4255,4.0
327,4256,2.5
416,4256,1.5
327,4257,1.5
327,4258,2.0
392,4259,4.5
86,4260,4.5
442,4260,4.5
228,4261,2.5
327,4262,3.0
12,4263,3.5
217,4264,4.0
64,4265,3.5
30,4266,3.5
327,4266,2.5
416,4266,1.5
264,4267,1.5
175,4268,3.0
442,4269,4.0
30,4270,3.5
147,4270,3.5
235,4270,3.5
264,4270,3.0
337,4270,4.5
362,4270,5.0
412,4270,3.5
416,4270,3.5
145,4271,5.0
386,4272,4.0
64,4273,5.0
327,4274,2.0
327,4275,2.0
228,4276,4.0
89,4277,3.0
75,4278,4.0
145,4279,4.5
275,4279,3.0
145,4280,4.5
174,4280,5.0
275,4280,3.0
145,4281,4.5
275,4281,5.0
145,4282,4.5
275,4282,3.0
380,4282,1.0
386,4282,3.5
145,4283,4.5
275,4283,3.0
380,4283,1.0
386,4283,3.0
145,4284,4.5
174,4284,5.0
275,4284,4.0
145,4285,4.5
174,4285,4.5
275,4285,3.0
386,4285,4.0
64,4286,5.0
442,4287,3.5
264,4288,3.5
327,4288,1.5
411,4289,2.5
228,4290,4.5
442,4290,3.0
327,4291,3.0
327,4292,3.0
12,4293,4.0
30,4293,3.0
33,4293,3.0
73,4293,5.0
79,4293,5.0
85,4293,5.0
89,4293,3.5
127,4293,5.0
175,4293,4.5
193,4293,4.5
197,4293,3.5
217,4293,3.0
228,4293,4.5
237,4293,4.0
246,4293,4.5
264,4293,2.5
275,4293,3.0
299,4293,5.0
337,4293,3.5
362,4293,5.0
377,4293,4.0
411,4293,4.5
415,4293,3.5
416,4293,3.0
434,4293,3.0
442,4293,4.0
64,4294,4.5
79,4295,3.0
86,4295,3.5
386,4296,3.5
217,4297,5.0
275,4297,4.0
15,4298,2.0
327,4299,2.0
64,4300,4.0
411,4301,4.0
416,4301,5.0
175,4302,3.0
277,4302,2.5
327,4302,2.0
79,4303,4.5
89,4303,3.0
218,4303,2.5
327,4303,2.5
127,4304,4.0
442,4305,3.5
89,4306,4.0
89,4307,4.0
64,4308,5.0
64,4309,1.5
79,4309,4.0
175,4309,3.5
212,4309,0.5
264,4309,2.5
415,4309,4.0
51,4310,2.0
79,4310,4.0
89,4310,3.0
212,4310,0.5
264,4310,2.0
327,4310,2.0
425,4310,4.0
15,4311,1.5
33,4312,2.0
64,4312,4.0
327,4312,3.0
412,4312,3.5
416,4312,2.0
427,4312,5.0
432,4312,4.0
442,4312,3.5
64,4313,5.0
64,4314,5.0
327,4315,2.5
327,4316,2.0
89,4317,4.5
89,4318,2.0
416,4319,2.0
327,4320,3.0
442,4320,3.0
12,4321,4.0
27,4321,1.0
41,4321,5.0
75,4321,5.0
79,4321,4.5
147,4321,3.0
299,4321,4.0
385,4321,5.0
415,4321,3.5
432,4321,3.5
145,4322,4.5
275,4322,4.0
327,4323,2.5
228,4324,4.5
392,4325,4.0
337,4326,3.0
327,4327,1.5
415,4327,4.0
416,4327,0.5
327,4328,2.0
89,4329,4.0
387,4329,2.5
416,4329,2.0
327,4330,1.5
432,4331,2.5
327,4332,2.0
327,4333,1.5
416,4334,0.5
89,4335,4.0
51,4336,2.5
64,4336,2.0
79,4336,4.0
264,4336,3.0
33,4337,2.5
174,4338,4.0
275,4338,4.0
327,4339,3.0
434,4340,3.5
380,4341,1.0
386,4341,3.0
416,4342,0.5
228,4343,3.5
416,4344,1.5
9,4345,5.0
70,4345,4.5
86,4345,4.0
89,4345,4.0
147,4345,3.0
175,4345,4.0
197,4345,3.0
218,4345,2.5
255,4345,4.0
295,4345,4.0
327,4345,2.5
411,4345,4.0
416,4345,3.0
442,4345,4.0
277,4346,3.5
416,4346,0.5
9,4347,3.0
15,4347,4.0
33,4347,2.5
35,4347,5.0
46,4347,4.0
47,4347,3.0
51,4347,5.0
75,4347,4.5
79,4347,2.5
82,4347,3.5
86,4347,4.0
89,4347,4.0
103,4347,4.0
106,4347,4.5
147,4347,3.0
173,4347,4.0
175,4347,4.5
178,4347,4.0
218,4347,4.0
229,4347,4.5
237,4347,2.0
275,4347,5.0
290,4347,4.0
299,4347,4.0
347,4347,4.5
385,4347,4.5
386,4347,3.0
416,4347,2.5
427,4347,5.0
432,4347,4.0
436,4347,4.5
442,4347,4.0
89,4348,4.0
327,4348,3.0
415,4348,3.0
327,4349,2.5
89,4350,4.0
175,4350,3.0
264,4350,3.0
327,4350,2.5
105,4351,3.5
89,4352,3.5
442,4353,3.5
75,4354,4.0
327,4355,1.5
337,4356,5.0
89,4357,4.0
147,4357,4.5
175,4357,4.5
299,4357,4.5
416,4358,3.5
434,4359,3.0
64,4360,4.0
327,4361,2.0
299,4362,4.0
411,4363,4.0
89,4364,2.5
442,4364,3.5
12,4365,4.0
264,4366,1.5
411,4366,3.5
416,4366,3.5
327,4367,2.0
79,4368,4.5
89,4368,4.0
415,4368,2.0
327,4369,4.0
327,4370,2.0
228,4371,3.5
79,4372,4.0
327,4372,2.5
264,4373,3.5
327,4373,1.5
327,4374,2.0
64,4375,5.0
89,4376,4.0
212,4376,3.5
442,4376,5.0
89,4377,3.5
147,4377,4.0
303,4377,4.0
327,4378,2.5
33,4379,1.0
327,4379,1.5
416,4379,0.5
79,4380,2.0
175,4380,3.0
212,4380,0.5
264,4380,4.5
327,4380,3.0
327,4381,2.5
218,4382,3.0
416,4382,0.5
442,4382,4.5
64,4383,4.0
246,4384,2.5
327,4385,3.0
327,4386,2.0
327,4387,2.5
416,4387,2.0
327,4388,2.5
64,4389,5.0
79,4389,4.5
103,4389,3.0
106,4389,2.5
111,4389,4.5
147,4389,3.5
175,4389,4.0
218,4389,4.0
290,4389,3.0
327,4389,4.0
386,4389,3.0
416,4389,1.5
442,4389,4.0
79,4390,3.0
218,4390,3.5
327,4390,1.5
327,4391,2.5
127,4392,4.0
327,4393,1.5
327,4394,1.0
79,4395,4.5
85,4395,4.5
127,4395,3.5
246,4395,3.5
264,4395,3.0
299,4395,4.0
434,4396,1.5
327,4397,1.5
217,4398,5.0
127,4399,3.5
12,4400,4.0
33,4400,3.0
41,4400,4.0
64,4400,3.5
89,4400,4.0
175,4400,4.5
193,4400,4.0
197,4400,3.0
212,4400,2.0
217,4400,3.5
228,4400,4.5
275,4400,5.0
299,4400,4.0
415,4400,3.5
442,4400,5.0
277,4401,1.5
75,4402,2.5
218,4403,2.5
89,4404,4.0
217,4404,0.5
434,4404,3.5
79,4405,2.5
218,4405,3.0
327,4405,1.5
402,4405,1.0
377,4406,2.5
228,4407,3.5
9,4408,3.5
79,4408,0.5
89,4408,5.0
175,4408,4.5
264,4408,4.5
327,4408,4.0
442,4408,3.5
64,4409,5.0
327,4410,2.0
442,4410,3.0
41,4411,4.5
89,4411,4.5
105,4411,4.5
337,4411,4.5
343,4411,4.5
12,4412,3.5
89,4412,3.5
228,4412,4.0
434,4413,3.0
327,4414,2.5
12,4415,3.5
41,4415,3.5
79,4415,4.5
174,4415,4.5
175,4415,4.0
264,4415,4.0
377,4415,4.0
404,4415,4.0
415,4415,4.0
416,4415,1.0
442,4415,3.0
79,4416,4.5
327,4417,3.0
89,4418,4.0
147,4418,2.5
79,4419,4.5
264,4419,2.5
327,4420,2.0
89,4421,3.5
299,4421,4.0
79,4422,1.5
175,4422,4.0
145,4423,4.0
30,4424,3.0
75,4424,5.0
127,4424,5.0
165,4424,4.0
177,4424,5.0
386,4424,4.5
434,4424,3.0
386,4425,2.5
218,4426,4.0
264,4426,0.5
228,4427,4.5
79,4428,3.5
89,4428,3.5
175,4428,3.5
218,4428,4.0
277,4428,3.0
299,4428,3.0
327,4428,1.5
442,4428,3.0
79,4429,5.0
89,4429,3.5
327,4429,2.5
415,4429,3.5
79,4430,4.5
217,4431,3.0
12,4432,3.0
197,4432,2.0
275,4432,3.0
299,4432,2.5
327,4432,2.0
412,4432,2.0
416,4432,1.5
427,4432,5.0
432,4432,3.5
327,4433,1.5
89,4434,3.5
228,4434,3.5
264,4434,2.5
277,4434,3.5
295,4434,3.5
327,4434,2.0
15,4435,1.0
217,4435,4.5
64,4436,2.0
79,4436,4.5
89,4436,3.5
33,4437,1.0
377,4438,3.0
442,4438,3.0
327,4439,3.0
337,4440,5.0
327,4441,2.5
228,4442,3.5
103,4443,4.5
175,4443,4.5
327,4444,2.0
442,4445,3.0
211,4446,4.5
15,4447,0.5
175,4448,3.0
217,4448,3.0
264,4448,1.5
275,4448,3.0
434,4449,1.0
9,4450,3.5
30,4450,3.5
277,4450,4.0
299,4450,3.5
380,4450,2.5
416,4450,2.0
79,4451,4.5
262,4452,4.0
337,4452,3.5
41,4453,4.0
64,4453,2.5
79,4453,4.5
89,4453,3.5
175,4453,4.0
217,4453,3.5
275,4453,3.5
299,4453,3.5
327,4454,1.0
275,4455,3.0
79,4456,4.5
89,4456,3.5
218,4456,3.5
12,4457,4.0
30,4457,3.5
89,4457,4.0
197,4457,4.0
299,4457,5.0
416,4457,0.5
434,4457,3.5
442,4457,4.0
127,4458,3.5
89,4459,2.5
218,4459,3.5
275,4459,3.5
416,4459,3.0
442,4459,4.0
327,4460,1.0
327,4461,1.5
147,4462,3.5
299,4462,3.0
89,4463,4.0
89,4464,3.5
79,4465,5.0
12,4466,3.5
85,4466,4.5
89,4466,3.5
299,4466,2.5
432,4466,4.0
442,4466,3.5
79,4467,4.5
89,4467,4.0
175,4467,3.5
89,4468,3.0
147,4468,4.0
178,4468,5.0
228,4468,4.0
290,4468,3.5
299,4468,4.5
380,4469,1.0
275,4470,3.5
165,4471,1.5
408,4471,4.0
432,4471,3.5
79,4472,4.5
12,4473,3.5
41,4473,4.0
175,4473,3.5
264,4473,2.0
416,4473,1.0
427,4473,4.0
327,4474,2.5
127,4475,4.0
127,4476,3.0
275,4477,4.0
75,4478,4.5
89,4478,4.0
127,4478,3.5
64,4479,4.0
432,4480,4.0
30,4481,3.0
75,4481,4.5
89,4481,4.0
127,4481,4.5
147,4481,4.5
217,4481,4.0
299,4481,4.0
416,4481,3.0
386,4482,3.0
434,4483,2.5
442,4484,3.5
442,4485,3.5
217,4486,4.5
12,4487,3.0
15,4487,4.0
41,4487,4.0
47,4487,3.5
70,4487,5.0
89,4487,3.5
106,4487,4.5
127,4487,5.0
174,4487,3.0
175,4487,5.0
178,4487,5.0
197,4487,4.0
217,4487,4.0
239,4487,2.5
246,4487,3.5
255,4487,3.0
275,4487,4.0
289,4487,4.5
299,4487,4.0
317,4487,5.0
337,4487,4.0
375,4487,4.0
412,4487,3.5
416,4487,4.0
434,4487,3.0
442,4487,5.0
64,4488,4.5
218,4488,3.5
64,4489,4.5
33,4490,3.5
392,4491,5.0
327,4492,1.5
386,4493,3.5
327,4494,2.5
337,4495,2.0
64,4496,4.0
327,4497,2.0
89,4498,1.5
15,4499,3.5
89,4499,4.0
178,4499,4.0
207,4499,2.5
246,4499,5.0
275,4499,4.0
380,4499,1.0
416,4499,3.0
434,4499,3.5
127,4500,4.5
337,4500,4.5
327,4501,2.5
237,4502,0.5
262,4502,3.5
277,4502,3.5
295,4502,4.0
79,4503,4.0
377,4503,3.5
327,4504,2.0
327,4505,1.5
327,4506,2.0
79,4507,4.0
380,4508,2.5
434,4509,2.0
207,4510,1.5
246,4510,4.0
299,4510,4.5
404,4510,1.0
434,4510,3.5
85,4511,4.5
127,4512,1.0
127,4513,4.0
275,4513,4.0
432,4513,3.5
79,4514,0.5
79,4515,4.5
79,4516,4.0
79,4517,4.0
264,4517,2.5
75,4518,5.0
33,4519,3.5
228,4519,4.5
12,4520,3.5
299,4521,4.5
436,4521,5.0
145,4522,4.0
127,4523,5.0
416,4523,3.0
79,4524,4.5
85,4524,4.0
89,4524,4.0
105,4524,2.0
147,4524,4.0
178,4524,3.0
218,4524,4.0
290,4524,3.5
416,4524,0.5
427,4524,5.0
15,4525,3.5
79,4525,4.5
89,4525,2.5
416,4526,1.0
9,4527,5.0
41,4527,4.5
47,4527,4.5
89,4527,3.0
145,4527,4.5
147,4527,4.0
174,4527,3.0
175,4527,5.0
178,4527,3.5
197,4527,3.5
207,4527,4.0
211,4527,2.0
217,4527,3.0
228,4527,4.0
255,4527,4.5
275,4527,5.0
277,4527,4.5
295,4527,4.0
299,4527,4.0
347,4527,4.0
404,4527,5.0
412,4527,4.0
416,4527,1.0
427,4527,4.5
432,4527,5.0
434,4527,3.0
442,4527,4.0
41,4528,4.5
79,4528,0.5
175,4528,4.5
218,4528,4.0
416,4528,2.5
442,4528,4.0
275,4529,3.0
299,4530,4.0
404,4530,5.0
9,4531,3.5
12,4531,4.0
41,4531,3.5
47,4531,3.0
89,4531,4.0
299,4531,4.0
30,4532,3.0
111,4532,5.0
175,4532,4.5
178,4532,4.0
237,4532,4.0
246,4532,4.0
299,4532,4.0
404,4532,4.0
416,4532,2.0
427,4532,3.5
416,4533,3.0
246,4534,4.5
275,4534,4.0
64,4535,2.5
79,4535,4.5
218,4535,2.5
377,4535,3.0
15,4536,4.0
79,4536,4.0
290,4536,3.0
427,4536,4.0
337,4537,5.0
33,4538,1.5
175,4538,3.5
64,4539,4.5
79,4540,4.5
434,4541,2.5
82,4542,3.5
79,4543,3.5
89,4543,4.0
175,4543,4.0
275,4543,5.0
380,4543,1.0
416,4543,3.5
432,4543,5.0
89,4544,3.5
64,4545,4.5
432,4546,4.0
127,4547,4.0
79,4548,4.0
412,4549,3.0
127,4550,4.5
15,4551,3.5
41,4551,4.5
79,4551,4.0
197,4551,4.0
275,4551,5.0
434,4551,3.0
442,4551,5.0
41,4552,4.0
70,4552,4.5
73,4552,3.0
89,4552,4.0
127,4552,4.5
147,4552,2.5
218,4552,3.0
263,4552,4.0
302,4552,3.0
337,4552,5.0
377,4552,2.5
378,4552,4.5
416,4552,2.0
434,4552,3.0
442,4552,5.0
12,4553,4.0
15,4553,3.0
32,4553,4.5
41,4553,5.0
47,4553,4.0
85,4553,4.5
89,4553,3.5
147,4553,4.5
175,4553,5.0
197,4553,4.0
217,4553,4.5
263,4553,4.0
275,4553,5.0
289,4553,4.0
299,4553,4.0
343,4553,4.5
347,4553,3.5
378,4553,5.0
385,4553,5.0
404,4553,3.0
416,4553,4.0
427,4553,5.0
432,4553,5.0
434,4553,3.5
442,4553,5.0
33,4554,1.5
147,4554,3.0
175,4554,4.0
275,4554,4.0
89,4555,4.0
165,4555,3.5
175,4555,4.0
217,4555,3.5
79,4556,4.0
299,4556,5.0
434,4556,3.0
436,4556,4.0
327,4557,2.5
147,4558,4.0
432,4558,3.0
79,4559,4.5
178,4559,4.0
218,4559,3.5
416,4559,2.0
427,4559,5.0
327,4560,2.0
33,4561,3.5
105,4561,4.5
228,4561,4.0
434,4561,3.0
434,4562,3.0
228,4563,3.5
299,4563,4.0
79,4564,4.0
401,4565,1.0
79,4566,4.5
211,4567,4.5
327,4568,2.5
434,4569,1.5
434,4570,1.0
275,4571,3.0
175,4572,4.0
275,4572,2.0
377,4572,2.0
432,4572,3.5
434,4572,2.5
299,4573,3.5
277,4574,1.0
434,4575,2.0
79,4576,4.0
79,4577,4.0
79,4578,3.0
75,4579,4.0
147,4580,4.5
359,4580,4.0
404,4580,4.0
436,4580,4.0
33,4581,3.5
75,4581,5.0
165,4581,4.0
245,4581,2.5
246,4581,5.0
299,4581,5.0
436,4581,5.0
79,4582,4.0
127,4582,2.0
175,4582,3.0
79,4583,4.0
41,4584,3.5
64,4585,4.0
33,4586,1.0
175,4586,3.0
442,4586,3.0
79,4587,2.0
127,4588,4.0
79,4589,3.0
290,4590,3.5
416,4591,3.5
79,4592,3.0
64,4593,4.0
30,4594,3.0
75,4594,5.0
127,4594,5.0
174,4594,3.5
228,4594,4.5
12,4595,4.0
79,4596,4.0
434,4597,3.0
33,4598,3.5
64,4599,2.5
33,4600,3.0
41,4601,4.0
89,4601,5.0
127,4601,4.5
147,4601,4.5
175,4601,4.5
275,4601,4.0
299,4601,5.0
337,4601,4.5
434,4601,3.0
211,4602,3.5
299,4602,4.0
64,4603,4.0
79,4604,4.5
359,4604,2.0
432,4605,4.5
33,4606,3.0
434,4607,2.5
64,4608,2.0
33,4609,3.0
79,4610,4.0
105,4610,0.5
127,4611,5.0
275,4612,5.0
275,4613,3.5
275,4614,3.0
105,4615,0.5
275,4615,5.0
337,4615,2.0
427,4615,4.0
228,4616,4.0
299,4616,4.5
299,4617,4.0
299,4618,4.0
127,4619,4.5
64,4620,3.5
79,4621,2.5
228,4622,2.0
275,4622,2.0
427,4622,4.5
434,4622,3.0
15,4623,0.5
228,4624,4.5
327,4625,2.0
41,4626,4.0
217,4626,4.5
175,4627,3.0
75,4628,5.0
79,4629,4.0
41,4630,5.0
89,4630,5.0
245,4630,5.0
246,4630,4.0
33,4631,2.5
89,4631,3.0
105,4631,1.5
127,4631,4.0
165,4631,2.5
217,4631,4.0
246,4631,5.0
299,4631,5.0
317,4631,1.5
378,4631,4.0
416,4631,3.5
434,4631,4.0
436,4631,4.0
33,4632,2.5
127,4633,4.0
64,4634,3.5
434,4635,3.0
79,4636,3.5
147,4637,4.5
147,4638,3.5
218,4639,4.0
41,4640,4.0
89,4640,3.0
105,4640,0.5
147,4640,4.0
197,4640,5.0
217,4640,3.0
218,4640,4.0
262,4640,3.5
377,4640,3.0
127,4641,0.5
33,4642,0.5
127,4642,1.5
275,4642,3.0
175,4643,4.5
245,4643,1.5
299,4643,4.0
378,4643,4.0
434,4643,3.0
79,4644,1.5
127,4645,3.5
33,4646,1.5
41,4646,3.5
299,4646,3.0
33,4647,2.5
33,4648,3.0
33,4649,3.0
432,4650,3.5
12,4651,3.5
33,4651,1.0
79,4651,4.0
127,4651,3.5
147,4651,3.0
175,4651,4.0
275,4651,3.0
432,4651,2.5
79,4652,4.0
19,4653,4.0
33,4653,3.0
41,4653,4.0
47,4653,3.5
89,4653,3.5
127,4653,4.5
174,4653,2.5
175,4653,4.5
228,4653,4.5
245,4653,1.0
246,4653,4.5
275,4653,4.0
299,4653,5.0
378,4653,5.0
416,4653,5.0
427,4653,2.5
434,4653,3.5
436,4653,4.0
263,4654,2.0
387,4655,4.5
387,4656,3.5
416,4657,3.0
434,4657,3.5
299,4658,4.0
263,4659,1.0
246,4660,5.0
299,4660,4.0
64,4661,4.0
275,4662,2.0
64,4663,4.5
127,4664,3.0
12,4665,4.5
19,4665,5.0
144,4665,4.5
147,4665,5.0
165,4665,5.0
228,4665,4.5
245,4665,5.0
299,4665,4.5
105,4666,3.0
299,4666,4.5
434,4666,2.5
217,4667,2.5
377,4667,2.5
432,4667,3.5
64,4668,2.0
70,4668,5.0
105,4668,1.5
145,4668,5.0
174,4668,2.0
193,4668,5.0
218,4668,4.0
239,4668,4.0
245,4668,2.5
334,4668,5.0
416,4668,1.5
427,4668,4.0
436,4668,4.5
127,4669,4.5
165,4670,3.0
299,4670,4.0
434,4670,3.0
127,4671,2.0
434,4672,3.5
79,4673,3.5
75,4674,4.0
432,4675,3.5
127,4676,5.0
416,4676,3.5
434,4677,3.5
275,4678,4.0
75,4679,5.0
228,4680,5.0
64,4681,2.5
79,4681,3.5
41,4682,3.5
127,4682,2.5
147,4682,4.0
275,4682,4.0
377,4682,4.0
432,4682,4.0
79,4683,4.0
416,4684,1.0
145,4685,4.0
105,4686,3.0
416,4687,1.5
337,4688,4.0
416,4689,1.5
143,4690,4.5
299,4690,4.0
434,4690,3.0
41,4691,3.5
70,4691,3.0
105,4691,0.5
145,4691,4.5
175,4691,4.5
275,4691,0.5
299,4691,4.5
377,4691,2.0
378,4691,4.0
416,4691,2.0
427,4691,5.0
432,4691,3.5
79,4692,3.5
145,4693,4.0
147,4693,4.0
165,4693,3.5
211,4693,3.5
217,4693,3.0
299,4693,4.0
416,4693,4.0
434,4693,3.5
299,4694,4.0
12,4695,3.0
19,4695,5.0
105,4695,4.0
359,4696,4.0
79,4697,4.5
127,4698,4.5
434,4698,3.0
127,4699,4.5
299,4699,4.0
12,4700,4.5
127,4701,3.0
147,4701,4.5
299,4701,3.5
377,4701,3.0
416,4701,1.0
127,4702,1.5
64,4703,4.0
79,4703,3.5
79,4704,1.5
434,4705,3.5
127,4706,4.5
79,4707,2.5
275,4708,4.0
41,4709,4.0
175,4709,4.0
228,4709,3.5
377,4710,2.0
64,4711,4.5
79,4712,2.5
432,4713,3.5
147,4714,4.0
175,4714,3.5
275,4714,3.0
416,4714,1.0
165,4715,1.5
79,4716,3.5
337,4717,4.0
79,4718,3.5
218,4719,3.5
41,4720,4.0
432,4721,3.5
147,4722,5.0
165,4722,3.5
239,4722,4.0
245,4722,1.5
416,4722,3.5
127,4723,1.5
79,4724,4.5
79,4725,3.5
175,4725,3.5
145,4726,2.0
175,4727,4.0
416,4727,0.5
79,4728,4.0
64,4729,3.5
41,4730,3.5
105,4730,0.5
275,4730,3.0
377,4730,3.0
127,4731,0.5
337,4732,4.0
64,4733,4.0
299,4733,2.5
377,4734,4.0
377,4735,3.0
432,4736,4.0
144,4737,1.5
175,4737,4.5
245,4737,1.0
377,4737,4.0
41,4738,4.5
377,4739,2.0
12,4740,4.5
41,4740,5.0
175,4741,3.0
377,4742,3.0
217,4743,2.5
377,4743,3.0
377,4744,3.0
377,4745,2.5
408,4745,4.0
19,4746,4.0
70,4746,4.0
245,4746,1.0
302,4746,3.0
19,4747,5.0
41,4747,4.0
70,4747,5.0
165,4747,2.5
174,4747,4.5
175,4747,5.0
217,4747,5.0
239,4747,4.0
245,4747,1.0
275,4747,3.0
377,4747,3.5
427,4747,4.0
41,4748,4.0
275,4748,4.0
299,4748,3.5
377,4748,3.0
427,4748,5.0
337,4749,5.0
337,4750,4.5
33,4751,3.0
275,4751,4.0
432,4751,4.0
228,4752,3.5
147,4753,4.5
377,4754,4.0
228,4755,4.5
245,4756,2.5
245,4757,3.0
127,4758,4.0
174,4758,3.5
228,4759,2.5
145,4760,1.0
337,4761,2.5
33,4762,3.5
245,4763,1.5
245,4764,4.0
245,4765,1.0
245,4766,1.5
245,4767,1.0
127,4768,4.5
127,4769,3.5
127,4770,3.0
127,4771,4.0
127,4772,4.0
127,4773,3.5
127,4774,4.0
127,4775,3.5
127,4776,3.5
127,4777,3.5
